env: load .env
env: export EXPO_PUBLIC_EAS_PROJECT_ID GOOGLE_CLOUD_PROJECT_ID GOOGLE_VISION_API_KEY
Starting project at /Users/sreeramvennapusa/Documents/spendy-fresh
Starting Metro Bundler
Waiting on http://localhost:8081
Logs for your project will appear below.
iOS ./index.ts ░░░░░░░░░░░░░░░░  0.0% (0/1)
iOS Bundled 1134ms index.ts (1860 modules)
 WARN  expo-notifications: Android Push notifications (remote notifications) functionality provided by expo-notifications was removed from Expo Go with the release of SDK 53. Use a development build instead of Expo Go. Read more at https://docs.expo.dev/develop/development-builds/introduction/.
 WARN  `expo-notifications` functionality is not fully supported in Expo Go:
We recommend you instead use a development build to avoid limitations. Learn more: https://expo.fyi/dev-client.
 LOG  🔧 Firebase initialized in development mode
 LOG  AppNavigator - User: Not authenticated
 LOG  AppNavigator - Loading: true
 LOG  🔍 Tour trigger check: {"appReady": false, "hasShownTour": false, "initializing": true, "isLoading": true, "pendingSubscriptionModal": false, "shouldShowTourAfterSubscription": false, "showSubscriptionModal": false, "subscriptionCheckComplete": false, "tourCheckCompleted": false, "user": false}
 LOG  🔔 Initializing notification service...
 LOG  🔧 Setting up global subscription modal function
 LOG  Setting up auth state listener...
 LOG  Auth state changed: User logged out
 LOG  🔍 Tour Status Check - Tour completed value: null
 LOG  AppNavigator - User: Not authenticated
 LOG  AppNavigator - Loading: false
 LOG  📱 Simulating push token registration (demo mode)
 LOG  🔍 Tour trigger check: {"appReady": false, "hasShownTour": false, "initializing": true, "isLoading": false, "pendingSubscriptionModal": false, "shouldShowTourAfterSubscription": false, "showSubscriptionModal": false, "subscriptionCheckComplete": false, "tourCheckCompleted": true, "user": false}
 LOG  📱 Mock push token generated for demo: ExponentPushToken[demo-nfoxm7t...
 LOG  ✅ Notification categories set up successfully
 LOG  ✅ Notification service initialized successfully
 LOG  AppNavigator - User: Not authenticated
 LOG  AppNavigator - Loading: false
 LOG  🔍 Tour trigger check: {"appReady": false, "hasShownTour": false, "initializing": false, "isLoading": false, "pendingSubscriptionModal": false, "shouldShowTourAfterSubscription": false, "showSubscriptionModal": false, "subscriptionCheckComplete": false, "tourCheckCompleted": true, "user": false}
 LOG  AppNavigator - User: Not authenticated
 LOG  AppNavigator - Loading: false
 LOG  🔍 Tour trigger check: {"appReady": true, "hasShownTour": false, "initializing": false, "isLoading": false, "pendingSubscriptionModal": false, "shouldShowTourAfterSubscription": false, "showSubscriptionModal": false, "subscriptionCheckComplete": false, "tourCheckCompleted": true, "user": false}
 LOG  LoginScreen - User changed: Not logged in
 LOG  🔍 Last user session: {"lastBiometric": true, "lastEmail": "set1@gmail.com"}
 LOG  LoginScreen: Attempting login...
 LOG  Attempting login...
 LOG  AuthService: Login attempt for set1@gmail.com
 LOG  🔥 Initializing Firebase with standard method...
 LOG  AppNavigator - User: Not authenticated
 LOG  AppNavigator - Loading: true
 LOG  🔍 Tour trigger check: {"appReady": true, "hasShownTour": false, "initializing": false, "isLoading": true, "pendingSubscriptionModal": false, "shouldShowTourAfterSubscription": false, "showSubscriptionModal": false, "subscriptionCheckComplete": false, "tourCheckCompleted": true, "user": false}
iOS Bundled 50ms node_modules/firebase/app/dist/esm/index.esm.js (1 module)
iOS Bundled 35ms node_modules/firebase/auth/dist/esm/index.esm.js (1 module)
iOS Bundled 60ms node_modules/firebase/firestore/dist/esm/index.esm.js (1 module)
iOS Bundled 40ms node_modules/firebase/storage/dist/esm/index.esm.js (1 module)
 LOG  📱 Using existing Firebase app...
 LOG  🔐 Initializing Auth...
 LOG  ✅ Auth initialized!
 LOG  💾 Initializing Firestore...
 LOG  📦 Initializing Storage...
 LOG  ✅ Firebase initialized successfully!
 LOG  🔥 Attempting Firebase login...
 LOG  ✅ Firebase login successful with user data!
 LOG  💾 Storing user session for: set1@gmail.com
 LOG  ✅ User session stored successfully
 LOG  ✅ Registered push token for user 7EUSVFvzTicHY63vEFFKMqkJZKJ2
 LOG  Login successful
 LOG  LoginScreen: Login successful, user should be set
 LOG  AppNavigator - User: Authenticated
 LOG  AppNavigator - Loading: false
 LOG  🔍 Fixed SubscriptionModal render: {"autoCloseAfter": undefined, "canClose": true, "reason": "firstTime", "visible": false}
 LOG  🚀 useBalances: Initial load for user: 7EUSVFvzTicHY63vEFFKMqkJZKJ2
 LOG  🔄 useBalances: Refreshing with UnifiedSettlementService
 LOG  🔄 Calculating UNIFIED balances for user: 7EUSVFvzTicHY63vEFFKMqkJZKJ2
 LOG  🚀 useBalances: Initial load for user: 7EUSVFvzTicHY63vEFFKMqkJZKJ2
 LOG  🔄 useBalances: Refreshing with UnifiedSettlementService
 LOG  🔄 Calculating UNIFIED balances for user: 7EUSVFvzTicHY63vEFFKMqkJZKJ2
 LOG  🚀 useBalances: Initial load for user: 7EUSVFvzTicHY63vEFFKMqkJZKJ2
 LOG  🔄 useBalances: Refreshing with UnifiedSettlementService
 LOG  🔄 Calculating UNIFIED balances for user: 7EUSVFvzTicHY63vEFFKMqkJZKJ2
 LOG  🔄 Loading settlement balances for user: 7EUSVFvzTicHY63vEFFKMqkJZKJ2
 LOG  🔄 Calculating SETTLEMENT balances for user: 7EUSVFvzTicHY63vEFFKMqkJZKJ2
 LOG  🔄 FriendsManager: Fetching fresh friends data from Firebase
 LOG  🔍 PAID BY CHANGED: 
 LOG  🔍 Checking subscription status for user: 7EUSVFvzTicHY63vEFFKMqkJZKJ2
 LOG  🔍 Tour trigger check: {"appReady": true, "hasShownTour": false, "initializing": false, "isLoading": false, "pendingSubscriptionModal": false, "shouldShowTourAfterSubscription": false, "showSubscriptionModal": false, "subscriptionCheckComplete": false, "tourCheckCompleted": true, "user": true}
 LOG  Push notifications initialized for user: 7EUSVFvzTicHY63vEFFKMqkJZKJ2
 LOG  NotificationManager initialized for user: 7EUSVFvzTicHY63vEFFKMqkJZKJ2
 LOG  🔍 Fetching pending invitations for user: 7EUSVFvzTicHY63vEFFKMqkJZKJ2
 LOG  🔍 Fetching pending invitations for user: 7EUSVFvzTicHY63vEFFKMqkJZKJ2
 LOG  🔍 Fetching pending invitations for user: 7EUSVFvzTicHY63vEFFKMqkJZKJ2
 LOG  🔍 Fetching pending invitations for user: 7EUSVFvzTicHY63vEFFKMqkJZKJ2
 LOG  🔍 Fetching pending invitations for user: 7EUSVFvzTicHY63vEFFKMqkJZKJ2
 LOG  🔍 Fetching pending invitations for user: 7EUSVFvzTicHY63vEFFKMqkJZKJ2
 LOG  🔍 Fetching pending invitations for user: 7EUSVFvzTicHY63vEFFKMqkJZKJ2
 LOG  🔍 Fetching pending invitations for user: 7EUSVFvzTicHY63vEFFKMqkJZKJ2
 LOG  🔍 Fetching pending invitations for user: 7EUSVFvzTicHY63vEFFKMqkJZKJ2
 LOG  🔍 Fetching pending invitations for user: 7EUSVFvzTicHY63vEFFKMqkJZKJ2
 LOG  🔍 User premium status: true
 LOG  🔍 Premium user or tour already shown - skipping subscription modal
 LOG  AppNavigator - User: Authenticated
 LOG  AppNavigator - Loading: false
 LOG  🔍 Fixed SubscriptionModal render: {"autoCloseAfter": undefined, "canClose": true, "reason": "firstTime", "visible": false}
 LOG  🔍 Tour trigger check: {"appReady": true, "hasShownTour": false, "initializing": false, "isLoading": false, "pendingSubscriptionModal": false, "shouldShowTourAfterSubscription": false, "showSubscriptionModal": false, "subscriptionCheckComplete": true, "tourCheckCompleted": true, "user": true}
 LOG  📧 Found 0 sent email friend requests (existing users)
 LOG  📧 Found 0 sent email friend requests (existing users)
 LOG  📧 Found 0 sent email friend requests (existing users)
 LOG  📧 Found 0 sent email friend requests (existing users)
 LOG  📧 Found 0 sent email friend requests (existing users)
 LOG  📧 Found 0 sent email friend requests (existing users)
 LOG  📧 Found 0 sent email friend requests (existing users)
 LOG  📧 Found 0 sent email friend requests (existing users)
 LOG  📧 Found 0 sent email friend requests (existing users)
 LOG  📧 Found 0 sent email friend requests (existing users)
 LOG  📱 Expo Push Token: ExponentPushToken[HwYqkMKgq0uvfk2vKLsMkG]
 LOG  ✅ Push token obtained: ExponentPushToken[HwYqkMKgq0uvfk2vKLsMkG]
 LOG  ✅ Smart Money notifications initialized
 LOG  📧 Found 0 received email friend requests (existing users)
 LOG  📧 Found 0 received email friend requests (existing users)
 LOG  📧 Found 0 received email friend requests (existing users)
 LOG  📧 Found 0 received email friend requests (existing users)
 LOG  📧 Found 0 received email friend requests (existing users)
 LOG  📧 Found 0 received email friend requests (existing users)
 LOG  📧 Found 0 received email friend requests (existing users)
 LOG  📧 Found 0 received email friend requests (existing users)
 LOG  📧 Found 0 received email friend requests (existing users)
 LOG  📧 Found 0 received email friend requests (existing users)
 WARN  [expo-notifications]: `shouldShowAlert` is deprecated. Specify `shouldShowBanner` and / or `shouldShowList` instead.
 LOG  📩 Notification received: {"date": 1754088693.150384, "request": {"content": {"attachments": [Array], "badge": null, "body": "Don't forget to log your expenses for today!", "categoryIdentifier": "EXPENSE_REMINDER", "data": [Object], "interruptionLevel": "active", "launchImageName": "", "sound": null, "subtitle": null, "targetContentIdentifier": null, "threadIdentifier": "", "title": "💰 Daily Expense Check"}, "identifier": "d38f1c14-b4b1-4bc1-82dd-85f7b72e68fe", "trigger": null}}
 LOG  📩 Notification received in foreground: {"experienceId": "@sree030289/spendy", "scopeKey": "@sree030289/spendy", "screen": "AddExpense", "tag": "daily-expense", "type": "expense_reminder"}
 LOG  🔔 Notification received (foreground): {"date": 1754088693.150384, "request": {"content": {"attachments": [Array], "badge": null, "body": "Don't forget to log your expenses for today!", "categoryIdentifier": "EXPENSE_REMINDER", "data": [Object], "interruptionLevel": "active", "launchImageName": "", "sound": null, "subtitle": null, "targetContentIdentifier": null, "threadIdentifier": "", "title": "💰 Daily Expense Check"}, "identifier": "d38f1c14-b4b1-4bc1-82dd-85f7b72e68fe", "trigger": null}}
 LOG  📈 Track event: expense_reminder_received
 LOG  📱 Updated badge count
 LOG  🔄 Calculating balances for 0 groups
 LOG  📋 Final group balances: []
 LOG  📧 Found 1 email invitations (new users)
 LOG  📋 Email invitation (new user): {"fromUserId": "7EUSVFvzTicHY63vEFFKMqkJZKJ2", "id": "itgZL3iWPKpz6kBZm0oK", "status": "sent", "toEmail": "set4@gmail.com"}
 LOG  📧 Found 1 email invitations (new users)
 LOG  📋 Email invitation (new user): {"fromUserId": "7EUSVFvzTicHY63vEFFKMqkJZKJ2", "id": "itgZL3iWPKpz6kBZm0oK", "status": "sent", "toEmail": "set4@gmail.com"}
 LOG  📧 Found 1 email invitations (new users)
 LOG  📋 Email invitation (new user): {"fromUserId": "7EUSVFvzTicHY63vEFFKMqkJZKJ2", "id": "itgZL3iWPKpz6kBZm0oK", "status": "sent", "toEmail": "set4@gmail.com"}
 LOG  📧 Found 1 email invitations (new users)
 LOG  📋 Email invitation (new user): {"fromUserId": "7EUSVFvzTicHY63vEFFKMqkJZKJ2", "id": "itgZL3iWPKpz6kBZm0oK", "status": "sent", "toEmail": "set4@gmail.com"}
 LOG  📧 Found 1 email invitations (new users)
 LOG  📋 Email invitation (new user): {"fromUserId": "7EUSVFvzTicHY63vEFFKMqkJZKJ2", "id": "itgZL3iWPKpz6kBZm0oK", "status": "sent", "toEmail": "set4@gmail.com"}
 LOG  📧 Found 1 email invitations (new users)
 LOG  📋 Email invitation (new user): {"fromUserId": "7EUSVFvzTicHY63vEFFKMqkJZKJ2", "id": "itgZL3iWPKpz6kBZm0oK", "status": "sent", "toEmail": "set4@gmail.com"}
 LOG  📧 Found 1 email invitations (new users)
 LOG  📋 Email invitation (new user): {"fromUserId": "7EUSVFvzTicHY63vEFFKMqkJZKJ2", "id": "itgZL3iWPKpz6kBZm0oK", "status": "sent", "toEmail": "set4@gmail.com"}
 LOG  📧 Found 1 email invitations (new users)
 LOG  📋 Email invitation (new user): {"fromUserId": "7EUSVFvzTicHY63vEFFKMqkJZKJ2", "id": "itgZL3iWPKpz6kBZm0oK", "status": "sent", "toEmail": "set4@gmail.com"}
 LOG  📧 Found 1 email invitations (new users)
 LOG  📋 Email invitation (new user): {"fromUserId": "7EUSVFvzTicHY63vEFFKMqkJZKJ2", "id": "itgZL3iWPKpz6kBZm0oK", "status": "sent", "toEmail": "set4@gmail.com"}
 LOG  📧 Found 1 email invitations (new users)
 LOG  📋 Email invitation (new user): {"fromUserId": "7EUSVFvzTicHY63vEFFKMqkJZKJ2", "id": "itgZL3iWPKpz6kBZm0oK", "status": "sent", "toEmail": "set4@gmail.com"}
 LOG  📱 Found 0 pending SMS/WhatsApp invitations
 LOG  ✅ Returning 1 total pending invitations: {"newEmailUsers": 1, "receivedExistingUsers": 0, "sentExistingUsers": 0, "smsWhatsApp": 0}
 LOG  Processing 4 friendships
 LOG  Processing 2 groups
 LOG  Processing group: Office with 3 members
 LOG  Skipping group balance for Set2 - already counted as friend
 LOG  Skipping group balance for Set3 - already counted as friend
 LOG  Processing group: Home with 3 members
 LOG  Skipping group balance for Set2 - already counted as friend
 LOG  Skipping group balance for Set3 - already counted as friend
 LOG  ✅ UNIFIED balance calculation complete: {"netBalance": 33.33, "relationships": 2, "totalOwed": 66.67, "totalOwing": 33.33}
 LOG  📱 Found 0 pending SMS/WhatsApp invitations
 LOG  ✅ Returning 1 total pending invitations: {"newEmailUsers": 1, "receivedExistingUsers": 0, "sentExistingUsers": 0, "smsWhatsApp": 0}
 LOG  ✅ useBalances: Refresh complete: {"detailCount": 2, "friendsCount": 4, "netBalance": 33.33, "totalOwed": 66.67, "totalOwing": 33.33}
 LOG  📱 Found 0 pending SMS/WhatsApp invitations
 LOG  ✅ Returning 1 total pending invitations: {"newEmailUsers": 1, "receivedExistingUsers": 0, "sentExistingUsers": 0, "smsWhatsApp": 0}
 LOG  Processing 4 friendships
 LOG  Processing 2 groups
 LOG  Processing group: Office with 3 members
 LOG  Skipping group balance for Set2 - already counted as friend
 LOG  Skipping group balance for Set3 - already counted as friend
 LOG  Processing group: Home with 3 members
 LOG  Skipping group balance for Set2 - already counted as friend
 LOG  Skipping group balance for Set3 - already counted as friend
 LOG  ✅ UNIFIED balance calculation complete: {"netBalance": 33.33, "relationships": 2, "totalOwed": 66.67, "totalOwing": 33.33}
 LOG  📱 Found 0 pending SMS/WhatsApp invitations
 LOG  ✅ Returning 1 total pending invitations: {"newEmailUsers": 1, "receivedExistingUsers": 0, "sentExistingUsers": 0, "smsWhatsApp": 0}
 LOG  ✅ useBalances: Refresh complete: {"detailCount": 2, "friendsCount": 4, "netBalance": 33.33, "totalOwed": 66.67, "totalOwing": 33.33}
 LOG  📱 Found 0 pending SMS/WhatsApp invitations
 LOG  ✅ Returning 1 total pending invitations: {"newEmailUsers": 1, "receivedExistingUsers": 0, "sentExistingUsers": 0, "smsWhatsApp": 0}
 LOG  Processing 4 friendships
 LOG  Processing 2 groups
 LOG  Processing group: Office with 3 members
 LOG  Skipping group balance for Set2 - already counted as friend
 LOG  Skipping group balance for Set3 - already counted as friend
 LOG  Processing group: Home with 3 members
 LOG  Skipping group balance for Set2 - already counted as friend
 LOG  Skipping group balance for Set3 - already counted as friend
 LOG  ✅ UNIFIED balance calculation complete: {"netBalance": 33.33, "relationships": 2, "totalOwed": 66.67, "totalOwing": 33.33}
 LOG  📱 Found 0 pending SMS/WhatsApp invitations
 LOG  ✅ Returning 1 total pending invitations: {"newEmailUsers": 1, "receivedExistingUsers": 0, "sentExistingUsers": 0, "smsWhatsApp": 0}
 LOG  ✅ useBalances: Refresh complete: {"detailCount": 2, "friendsCount": 4, "netBalance": 33.33, "totalOwed": 66.67, "totalOwing": 33.33}
 LOG  📱 Found 0 pending SMS/WhatsApp invitations
 LOG  ✅ Returning 1 total pending invitations: {"newEmailUsers": 1, "receivedExistingUsers": 0, "sentExistingUsers": 0, "smsWhatsApp": 0}
 LOG  Processing 4 friendships for settlement
 LOG  Processing 2 groups for settlement
 LOG  Processing settlement balances for group: Office with 3 members
 LOG  
🔍 === DETAILED BALANCE CALCULATION ===
 LOG  👤 User1 (You): 7EUSVFvzTicHY63vEFFKMqkJZKJ2
 LOG  👤 User2 (Them): CsFleJon8thWdQ08rbztMJPsWAb2
 LOG  🏢 Group: rx01BYFAEivzEeCxd5bU
 LOG  📱 Found 0 pending SMS/WhatsApp invitations
 LOG  ✅ Returning 1 total pending invitations: {"newEmailUsers": 1, "receivedExistingUsers": 0, "sentExistingUsers": 0, "smsWhatsApp": 0}
 LOG  ✅ FriendsManager: Friends data refreshed successfully 4
 LOG  📱 Found 0 pending SMS/WhatsApp invitations
 LOG  ✅ Returning 1 total pending invitations: {"newEmailUsers": 1, "receivedExistingUsers": 0, "sentExistingUsers": 0, "smsWhatsApp": 0}
 LOG  📱 Found 0 pending SMS/WhatsApp invitations
 LOG  ✅ Returning 1 total pending invitations: {"newEmailUsers": 1, "receivedExistingUsers": 0, "sentExistingUsers": 0, "smsWhatsApp": 0}
 LOG  🔄 FriendsManager: Real-time friends update received 4
 LOG  📊 useBalances: Current state: {"friendCount": 2, "friendsDataCount": 4, "groupMemberCount": 0, "netBalance": 33.33, "totalOwed": 66.67, "totalOwing": 33.33, "totalRelationships": 2}
 LOG  📊 useBalances: Friends breakdown: [{"balance": -33.33333333333333, "name": "Set3", "source": "friend"}, {"balance": 66.66666666666667, "name": "Set2", "source": "friend"}]
 LOG  📊 useBalances: Group members breakdown: []
 LOG  📊 useBalances: Current state: {"friendCount": 2, "friendsDataCount": 4, "groupMemberCount": 0, "netBalance": 33.33, "totalOwed": 66.67, "totalOwing": 33.33, "totalRelationships": 2}
 LOG  📊 useBalances: Friends breakdown: [{"balance": -33.33333333333333, "name": "Set3", "source": "friend"}, {"balance": 66.66666666666667, "name": "Set2", "source": "friend"}]
 LOG  📊 useBalances: Group members breakdown: []
 LOG  📊 useBalances: Current state: {"friendCount": 2, "friendsDataCount": 4, "groupMemberCount": 0, "netBalance": 33.33, "totalOwed": 66.67, "totalOwing": 33.33, "totalRelationships": 2}
 LOG  📊 useBalances: Friends breakdown: [{"balance": -33.33333333333333, "name": "Set3", "source": "friend"}, {"balance": 66.66666666666667, "name": "Set2", "source": "friend"}]
 LOG  📊 useBalances: Group members breakdown: []
 LOG  🔄 Loading settlement balances for user: 7EUSVFvzTicHY63vEFFKMqkJZKJ2
 LOG  🔄 Calculating SETTLEMENT balances for user: 7EUSVFvzTicHY63vEFFKMqkJZKJ2
 LOG  📋 Total expenses found: 1
 LOG  
💰 Expense 1: "Woolies"
 LOG  💵 Amount: 200
 LOG  💳 Paid by: 7EUSVFvzTicHY63vEFFKMqkJZKJ2
 LOG  📊 Split data: ["7EUSVFvzTicHY63vEFFKMqkJZKJ2: 66.66666666666667 (paid: false)", "CsFleJon8thWdQ08rbztMJPsWAb2: 66.66666666666667 (paid: false)", "Jm7Sm7th1gOtpG1IttvPPIBgUG83: 66.66666666666667 (paid: false)"]
 LOG  ➕ User2 owes User1: 66.66666666666667 (UNPAID)
 LOG  📊 Expense balance: 66.66666666666667
 LOG  📊 Running total: 66.66666666666667
 LOG  
✅ === FINAL RESULT ===
 LOG  🔢 Final balance: 66.67
 LOG  💭 Interpretation: User2 owes User1
 LOG  ===============================
 LOG  💰 Settlement: Set2 in Office: 66.67
 LOG  
🔍 === DETAILED BALANCE CALCULATION ===
 LOG  👤 User1 (You): 7EUSVFvzTicHY63vEFFKMqkJZKJ2
 LOG  👤 User2 (Them): Jm7Sm7th1gOtpG1IttvPPIBgUG83
 LOG  🏢 Group: rx01BYFAEivzEeCxd5bU
 LOG  🔍 Fetching pending invitations for user: 7EUSVFvzTicHY63vEFFKMqkJZKJ2
 LOG  📋 Total expenses found: 1
 LOG  
💰 Expense 1: "Woolies"
 LOG  💵 Amount: 200
 LOG  💳 Paid by: 7EUSVFvzTicHY63vEFFKMqkJZKJ2
 LOG  📊 Split data: ["7EUSVFvzTicHY63vEFFKMqkJZKJ2: 66.66666666666667 (paid: false)", "CsFleJon8thWdQ08rbztMJPsWAb2: 66.66666666666667 (paid: false)", "Jm7Sm7th1gOtpG1IttvPPIBgUG83: 66.66666666666667 (paid: false)"]
 LOG  ➕ User2 owes User1: 66.66666666666667 (UNPAID)
 LOG  📊 Expense balance: 66.66666666666667
 LOG  📊 Running total: 66.66666666666667
 LOG  
✅ === FINAL RESULT ===
 LOG  🔢 Final balance: 66.67
 LOG  💭 Interpretation: User2 owes User1
 LOG  ===============================
 LOG  💰 Settlement: Set3 in Office: 66.67
 LOG  Processing settlement balances for group: Home with 3 members
 LOG  
🔍 === DETAILED BALANCE CALCULATION ===
 LOG  👤 User1 (You): 7EUSVFvzTicHY63vEFFKMqkJZKJ2
 LOG  👤 User2 (Them): CsFleJon8thWdQ08rbztMJPsWAb2
 LOG  🏢 Group: aWT0Jz1AlM6jmAKNBqJW
 LOG  ✅ Friends updated, notifying unified balance system
 LOG  🔔 useBalances: Balance change notification received
 LOG  🔄 useBalances: Refreshing with UnifiedSettlementService
 LOG  🔄 Calculating UNIFIED balances for user: 7EUSVFvzTicHY63vEFFKMqkJZKJ2
 LOG  🔔 useBalances: Balance change notification received
 LOG  🔄 useBalances: Refreshing with UnifiedSettlementService
 LOG  🔄 Calculating UNIFIED balances for user: 7EUSVFvzTicHY63vEFFKMqkJZKJ2
 LOG  🎯 Overview tab rendering with unified balances: {"allBalances": [{"balance": -33.33333333333333, "breakdown": [Object], "email": "set3@gmail.com", "groupId": undefined, "groupName": undefined, "name": "Set3", "source": "friend", "userId": "Jm7Sm7th1gOtpG1IttvPPIBgUG83"}, {"balance": 66.66666666666667, "breakdown": [Object], "email": "set2@gmail.com", "groupId": undefined, "groupName": undefined, "name": "Set2", "source": "friend", "userId": "CsFleJon8thWdQ08rbztMJPsWAb2"}], "isLoading": true, "netBalance": 33.33, "totalOwed": 66.67, "totalOwing": 33.33}
 LOG  ❌ GroupDetailsModal: Not rendering - visible: false localGroupData: false
 LOG  🔍 PAID BY CHANGED: 
 LOG  🚀 useBalances: Initial load for user: 7EUSVFvzTicHY63vEFFKMqkJZKJ2
 LOG  🔄 useBalances: Refreshing with UnifiedSettlementService
 LOG  🔄 Calculating UNIFIED balances for user: 7EUSVFvzTicHY63vEFFKMqkJZKJ2
 LOG  📊 GroupDetailsModal: group prop changed: undefined undefined
 LOG  🔄 Loading settlement balances for user: 7EUSVFvzTicHY63vEFFKMqkJZKJ2
 LOG  🔄 Calculating SETTLEMENT balances for user: 7EUSVFvzTicHY63vEFFKMqkJZKJ2
 LOG  📧 Found 0 sent email friend requests (existing users)
 LOG  📋 Total expenses found: 4
 LOG  
💰 Expense 1: "Myer"
 LOG  💵 Amount: 320
 LOG  💳 Paid by: CsFleJon8thWdQ08rbztMJPsWAb2
 LOG  📊 Split data: ["7EUSVFvzTicHY63vEFFKMqkJZKJ2: 106.66666666666667 (paid: true)", "CsFleJon8thWdQ08rbztMJPsWAb2: 106.66666666666667 (paid: false)", "Jm7Sm7th1gOtpG1IttvPPIBgUG83: 106.66666666666667 (paid: false)"]
 LOG  ✅ User1 split: 106.66666666666667 (ALREADY PAID)
 LOG  📊 Expense balance: 0
 LOG  📊 Running total: 0
 LOG  
💰 Expense 2: "Coles"
 LOG  💵 Amount: 200
 LOG  💳 Paid by: Jm7Sm7th1gOtpG1IttvPPIBgUG83
 LOG  📊 Split data: ["7EUSVFvzTicHY63vEFFKMqkJZKJ2: 100 (paid: false)", "Jm7Sm7th1gOtpG1IttvPPIBgUG83: 100 (paid: false)"]
 LOG  👥 Someone else paid (Jm7Sm7th1gOtpG1IttvPPIBgUG83) - no direct balance impact
 LOG  📊 Expense balance: 0
 LOG  📊 Running total: 0
 LOG  
💰 Expense 3: "Icecream"
 LOG  💵 Amount: 250
 LOG  💳 Paid by: CsFleJon8thWdQ08rbztMJPsWAb2
 LOG  📊 Split data: ["7EUSVFvzTicHY63vEFFKMqkJZKJ2: 83.33333333333333 (paid: true)", "CsFleJon8thWdQ08rbztMJPsWAb2: 83.33333333333333 (paid: false)", "Jm7Sm7th1gOtpG1IttvPPIBgUG83: 83.33333333333333 (paid: false)"]
 LOG  ✅ User1 split: 83.33333333333333 (ALREADY PAID)
 LOG  📊 Expense balance: 0
 LOG  📊 Running total: 0
 LOG  
💰 Expense 4: "Dinner"
 LOG  💵 Amount: 150
 LOG  💳 Paid by: 7EUSVFvzTicHY63vEFFKMqkJZKJ2
 LOG  📊 Split data: ["7EUSVFvzTicHY63vEFFKMqkJZKJ2: 50 (paid: false)", "CsFleJon8thWdQ08rbztMJPsWAb2: 50 (paid: true)", "Jm7Sm7th1gOtpG1IttvPPIBgUG83: 50 (paid: true)"]
 LOG  ✅ User2 split: 50 (ALREADY PAID)
 LOG  📊 Expense balance: 0
 LOG  📊 Running total: 0
 LOG  
✅ === FINAL RESULT ===
 LOG  🔢 Final balance: 0
 LOG  💭 Interpretation: No balance
 LOG  ===============================
 LOG  
🔍 === DETAILED BALANCE CALCULATION ===
 LOG  👤 User1 (You): 7EUSVFvzTicHY63vEFFKMqkJZKJ2
 LOG  👤 User2 (Them): Jm7Sm7th1gOtpG1IttvPPIBgUG83
 LOG  🏢 Group: aWT0Jz1AlM6jmAKNBqJW
 LOG  🔍 Fetching pending invitations for user: 7EUSVFvzTicHY63vEFFKMqkJZKJ2
 LOG  🔍 Fetching pending invitations for user: 7EUSVFvzTicHY63vEFFKMqkJZKJ2
 LOG  🔍 Fetching pending invitations for user: 7EUSVFvzTicHY63vEFFKMqkJZKJ2
 LOG  🔍 Fetching pending invitations for user: 7EUSVFvzTicHY63vEFFKMqkJZKJ2
 LOG  🔍 Fetching pending invitations for user: 7EUSVFvzTicHY63vEFFKMqkJZKJ2
 LOG  🔍 Fetching pending invitations for user: 7EUSVFvzTicHY63vEFFKMqkJZKJ2
 LOG  🔍 Fetching pending invitations for user: 7EUSVFvzTicHY63vEFFKMqkJZKJ2
 LOG  📧 Found 0 received email friend requests (existing users)
 LOG  📋 Total expenses found: 4
 LOG  
💰 Expense 1: "Myer"
 LOG  💵 Amount: 320
 LOG  💳 Paid by: CsFleJon8thWdQ08rbztMJPsWAb2
 LOG  📊 Split data: ["7EUSVFvzTicHY63vEFFKMqkJZKJ2: 106.66666666666667 (paid: true)", "CsFleJon8thWdQ08rbztMJPsWAb2: 106.66666666666667 (paid: false)", "Jm7Sm7th1gOtpG1IttvPPIBgUG83: 106.66666666666667 (paid: false)"]
 LOG  👥 Someone else paid (CsFleJon8thWdQ08rbztMJPsWAb2) - no direct balance impact
 LOG  📊 Expense balance: 0
 LOG  📊 Running total: 0
 LOG  
💰 Expense 2: "Coles"
 LOG  💵 Amount: 200
 LOG  💳 Paid by: Jm7Sm7th1gOtpG1IttvPPIBgUG83
 LOG  📊 Split data: ["7EUSVFvzTicHY63vEFFKMqkJZKJ2: 100 (paid: false)", "Jm7Sm7th1gOtpG1IttvPPIBgUG83: 100 (paid: false)"]
 LOG  ➖ User1 owes User2: 100 (UNPAID)
 LOG  📊 Expense balance: -100
 LOG  📊 Running total: -100
 LOG  
💰 Expense 3: "Icecream"
 LOG  💵 Amount: 250
 LOG  💳 Paid by: CsFleJon8thWdQ08rbztMJPsWAb2
 LOG  📊 Split data: ["7EUSVFvzTicHY63vEFFKMqkJZKJ2: 83.33333333333333 (paid: true)", "CsFleJon8thWdQ08rbztMJPsWAb2: 83.33333333333333 (paid: false)", "Jm7Sm7th1gOtpG1IttvPPIBgUG83: 83.33333333333333 (paid: false)"]
 LOG  👥 Someone else paid (CsFleJon8thWdQ08rbztMJPsWAb2) - no direct balance impact
 LOG  📊 Expense balance: 0
 LOG  📊 Running total: -100
 LOG  
💰 Expense 4: "Dinner"
 LOG  💵 Amount: 150
 LOG  💳 Paid by: 7EUSVFvzTicHY63vEFFKMqkJZKJ2
 LOG  📊 Split data: ["7EUSVFvzTicHY63vEFFKMqkJZKJ2: 50 (paid: false)", "CsFleJon8thWdQ08rbztMJPsWAb2: 50 (paid: true)", "Jm7Sm7th1gOtpG1IttvPPIBgUG83: 50 (paid: true)"]
 LOG  ✅ User2 split: 50 (ALREADY PAID)
 LOG  📊 Expense balance: 0
 LOG  📊 Running total: -100
 LOG  
✅ === FINAL RESULT ===
 LOG  🔢 Final balance: -100
 LOG  💭 Interpretation: User1 owes User2
 LOG  ===============================
 LOG  💰 Settlement: Set3 in Home: -100
 LOG  ✅ SETTLEMENT balance calculation complete: {"friendEntries": 2, "groupEntries": 3, "totalEntries": 5}
 LOG  📊 Raw settlement balances from friendsBalances: [{"avatar": "", "balance": -33.33333333333333, "breakdown": {"fromFriendships": -33.33333333333333, "fromGroups": [Object]}, "email": "set3@gmail.com", "lastUpdated": [Object], "name": "Set3", "source": "friend", "userId": "Jm7Sm7th1gOtpG1IttvPPIBgUG83"}, {"avatar": "", "balance": 66.66666666666667, "breakdown": {"fromFriendships": 66.66666666666667, "fromGroups": [Object]}, "email": "set2@gmail.com", "lastUpdated": [Object], "name": "Set2", "source": "friend", "userId": "CsFleJon8thWdQ08rbztMJPsWAb2"}, {"avatar": "", "balance": 66.67, "breakdown": {"fromFriendships": 0, "fromGroups": [Object]}, "email": "set2@gmail.com", "groupId": "rx01BYFAEivzEeCxd5bU", "groupName": "Office", "lastUpdated": 2025-08-01T22:51:33.400Z, "name": "Set2", "source": "group", "userId": "CsFleJon8thWdQ08rbztMJPsWAb2"}, {"avatar": "", "balance": 66.67, "breakdown": {"fromFriendships": 0, "fromGroups": [Object]}, "email": "set3@gmail.com", "groupId": "rx01BYFAEivzEeCxd5bU", "groupName": "Office", "lastUpdated": 2025-08-01T22:51:33.498Z, "name": "Set3", "source": "group", "userId": "Jm7Sm7th1gOtpG1IttvPPIBgUG83"}, {"avatar": "", "balance": -100, "breakdown": {"fromFriendships": 0, "fromGroups": [Object]}, "email": "set3@gmail.com", "groupId": "aWT0Jz1AlM6jmAKNBqJW", "groupName": "Home", "lastUpdated": 2025-08-01T22:51:34.006Z, "name": "Set3", "source": "group", "userId": "Jm7Sm7th1gOtpG1IttvPPIBgUG83"}]
 LOG  👥 Settlement balances after processing: 2 entries
 LOG  👥 Non-zero balances: 5
 LOG  👥 Settled friends added: 0
 LOG  👥 Detailed settlement balances: [{"balance": -100, "email": "set3@gmail.com", "groupId": "aWT0Jz1AlM6jmAKNBqJW", "groupName": "Home", "name": "Set3", "source": "group", "userId": "Jm7Sm7th1gOtpG1IttvPPIBgUG83"}, {"balance": 66.67, "email": "set2@gmail.com", "groupId": "rx01BYFAEivzEeCxd5bU", "groupName": "Office", "name": "Set2", "source": "group", "userId": "CsFleJon8thWdQ08rbztMJPsWAb2"}]
 LOG  📧 Found 0 sent email friend requests (existing users)
 LOG  📧 Found 0 sent email friend requests (existing users)
 LOG  📧 Found 0 sent email friend requests (existing users)
 LOG  📧 Found 0 sent email friend requests (existing users)
 LOG  📧 Found 0 sent email friend requests (existing users)
 LOG  📧 Found 0 sent email friend requests (existing users)
 LOG  📧 Found 0 sent email friend requests (existing users)
 LOG  🔄 Calculating balances for 2 groups
 LOG  
📊 Calculating balance for group: Office (rx01BYFAEivzEeCxd5bU)
 LOG  👥 Group members: 3
 LOG  ⏭️  Skipping self: Set
 LOG  
🔍 === DETAILED BALANCE CALCULATION ===
 LOG  👤 User1 (You): 7EUSVFvzTicHY63vEFFKMqkJZKJ2
 LOG  👤 User2 (Them): CsFleJon8thWdQ08rbztMJPsWAb2
 LOG  🏢 Group: rx01BYFAEivzEeCxd5bU
 LOG  🎯 Overview tab rendering with unified balances: {"allBalances": [{"balance": -33.33333333333333, "breakdown": [Object], "email": "set3@gmail.com", "groupId": undefined, "groupName": undefined, "name": "Set3", "source": "friend", "userId": "Jm7Sm7th1gOtpG1IttvPPIBgUG83"}, {"balance": 66.66666666666667, "breakdown": [Object], "email": "set2@gmail.com", "groupId": undefined, "groupName": undefined, "name": "Set2", "source": "friend", "userId": "CsFleJon8thWdQ08rbztMJPsWAb2"}], "isLoading": true, "netBalance": 33.33, "totalOwed": 66.67, "totalOwing": 33.33}
 LOG  ❌ GroupDetailsModal: Not rendering - visible: false localGroupData: false
 LOG  🎯 Showing onboarding tour for user (no subscription conflicts)
 LOG  🎯 TourProvider: startTour called
 LOG  🎯 TourProvider: Starting tour for user: 7EUSVFvzTicHY63vEFFKMqkJZKJ2
 LOG  AppNavigator - User: Authenticated
 LOG  AppNavigator - Loading: false
 LOG  🔍 Fixed SubscriptionModal render: {"autoCloseAfter": undefined, "canClose": true, "reason": "firstTime", "visible": false}
 LOG  🔍 Checking subscription status for user: 7EUSVFvzTicHY63vEFFKMqkJZKJ2
 LOG  🔍 Tour trigger check: {"appReady": true, "hasShownTour": true, "initializing": false, "isLoading": false, "pendingSubscriptionModal": false, "shouldShowTourAfterSubscription": false, "showSubscriptionModal": false, "subscriptionCheckComplete": true, "tourCheckCompleted": true, "user": true}
 LOG  🔍 User premium status: true
 LOG  🔍 Premium user or tour already shown - skipping subscription modal
 LOG  AppNavigator - User: Authenticated
 LOG  AppNavigator - Loading: false
 LOG  📧 Found 1 email invitations (new users)
 LOG  📋 Email invitation (new user): {"fromUserId": "7EUSVFvzTicHY63vEFFKMqkJZKJ2", "id": "itgZL3iWPKpz6kBZm0oK", "status": "sent", "toEmail": "set4@gmail.com"}
 LOG  📧 Found 0 received email friend requests (existing users)
 LOG  📧 Found 0 received email friend requests (existing users)
 LOG  📧 Found 0 received email friend requests (existing users)
 LOG  📧 Found 0 received email friend requests (existing users)
 LOG  📧 Found 0 received email friend requests (existing users)
 LOG  📧 Found 0 received email friend requests (existing users)
 LOG  📧 Found 0 received email friend requests (existing users)
 LOG  📋 Total expenses found: 1
 LOG  
💰 Expense 1: "Woolies"
 LOG  💵 Amount: 200
 LOG  💳 Paid by: 7EUSVFvzTicHY63vEFFKMqkJZKJ2
 LOG  📊 Split data: ["7EUSVFvzTicHY63vEFFKMqkJZKJ2: 66.66666666666667 (paid: false)", "CsFleJon8thWdQ08rbztMJPsWAb2: 66.66666666666667 (paid: false)", "Jm7Sm7th1gOtpG1IttvPPIBgUG83: 66.66666666666667 (paid: false)"]
 LOG  ➕ User2 owes User1: 66.66666666666667 (UNPAID)
 LOG  📊 Expense balance: 66.66666666666667
 LOG  📊 Running total: 66.66666666666667
 LOG  
✅ === FINAL RESULT ===
 LOG  🔢 Final balance: 66.67
 LOG  💭 Interpretation: User2 owes User1
 LOG  ===============================
 LOG  💰 Balance with Set2: 66.67
 LOG  
🔍 === DETAILED BALANCE CALCULATION ===
 LOG  👤 User1 (You): 7EUSVFvzTicHY63vEFFKMqkJZKJ2
 LOG  👤 User2 (Them): Jm7Sm7th1gOtpG1IttvPPIBgUG83
 LOG  🏢 Group: rx01BYFAEivzEeCxd5bU
 LOG  📱 Found 0 pending SMS/WhatsApp invitations
 LOG  ✅ Returning 1 total pending invitations: {"newEmailUsers": 1, "receivedExistingUsers": 0, "sentExistingUsers": 0, "smsWhatsApp": 0}
 LOG  Processing 4 friendships for settlement
 LOG  Processing 2 groups for settlement
 LOG  Processing settlement balances for group: Office with 3 members
 LOG  
🔍 === DETAILED BALANCE CALCULATION ===
 LOG  👤 User1 (You): 7EUSVFvzTicHY63vEFFKMqkJZKJ2
 LOG  👤 User2 (Them): CsFleJon8thWdQ08rbztMJPsWAb2
 LOG  🏢 Group: rx01BYFAEivzEeCxd5bU
 LOG  📧 Found 1 email invitations (new users)
 LOG  📋 Email invitation (new user): {"fromUserId": "7EUSVFvzTicHY63vEFFKMqkJZKJ2", "id": "itgZL3iWPKpz6kBZm0oK", "status": "sent", "toEmail": "set4@gmail.com"}
 LOG  📧 Found 1 email invitations (new users)
 LOG  📋 Email invitation (new user): {"fromUserId": "7EUSVFvzTicHY63vEFFKMqkJZKJ2", "id": "itgZL3iWPKpz6kBZm0oK", "status": "sent", "toEmail": "set4@gmail.com"}
 LOG  📧 Found 1 email invitations (new users)
 LOG  📋 Email invitation (new user): {"fromUserId": "7EUSVFvzTicHY63vEFFKMqkJZKJ2", "id": "itgZL3iWPKpz6kBZm0oK", "status": "sent", "toEmail": "set4@gmail.com"}
 LOG  📧 Found 1 email invitations (new users)
 LOG  📋 Email invitation (new user): {"fromUserId": "7EUSVFvzTicHY63vEFFKMqkJZKJ2", "id": "itgZL3iWPKpz6kBZm0oK", "status": "sent", "toEmail": "set4@gmail.com"}
 LOG  📧 Found 1 email invitations (new users)
 LOG  📋 Email invitation (new user): {"fromUserId": "7EUSVFvzTicHY63vEFFKMqkJZKJ2", "id": "itgZL3iWPKpz6kBZm0oK", "status": "sent", "toEmail": "set4@gmail.com"}
 LOG  📧 Found 1 email invitations (new users)
 LOG  📋 Email invitation (new user): {"fromUserId": "7EUSVFvzTicHY63vEFFKMqkJZKJ2", "id": "itgZL3iWPKpz6kBZm0oK", "status": "sent", "toEmail": "set4@gmail.com"}
 LOG  📧 Found 1 email invitations (new users)
 LOG  📋 Email invitation (new user): {"fromUserId": "7EUSVFvzTicHY63vEFFKMqkJZKJ2", "id": "itgZL3iWPKpz6kBZm0oK", "status": "sent", "toEmail": "set4@gmail.com"}
 LOG  📋 Total expenses found: 1
 LOG  
💰 Expense 1: "Woolies"
 LOG  💵 Amount: 200
 LOG  💳 Paid by: 7EUSVFvzTicHY63vEFFKMqkJZKJ2
 LOG  📊 Split data: ["7EUSVFvzTicHY63vEFFKMqkJZKJ2: 66.66666666666667 (paid: false)", "CsFleJon8thWdQ08rbztMJPsWAb2: 66.66666666666667 (paid: false)", "Jm7Sm7th1gOtpG1IttvPPIBgUG83: 66.66666666666667 (paid: false)"]
 LOG  ➕ User2 owes User1: 66.66666666666667 (UNPAID)
 LOG  📊 Expense balance: 66.66666666666667
 LOG  📊 Running total: 66.66666666666667
 LOG  
✅ === FINAL RESULT ===
 LOG  🔢 Final balance: 66.67
 LOG  💭 Interpretation: User2 owes User1
 LOG  ===============================
 LOG  💰 Balance with Set3: 66.67
 LOG  ✅ Total balance for Office: 133.34
 LOG  
📊 Calculating balance for group: Home (aWT0Jz1AlM6jmAKNBqJW)
 LOG  👥 Group members: 3
 LOG  ⏭️  Skipping self: Set
 LOG  
🔍 === DETAILED BALANCE CALCULATION ===
 LOG  👤 User1 (You): 7EUSVFvzTicHY63vEFFKMqkJZKJ2
 LOG  👤 User2 (Them): CsFleJon8thWdQ08rbztMJPsWAb2
 LOG  🏢 Group: aWT0Jz1AlM6jmAKNBqJW
 LOG  📋 Total expenses found: 1
 LOG  
💰 Expense 1: "Woolies"
 LOG  💵 Amount: 200
 LOG  💳 Paid by: 7EUSVFvzTicHY63vEFFKMqkJZKJ2
 LOG  📊 Split data: ["7EUSVFvzTicHY63vEFFKMqkJZKJ2: 66.66666666666667 (paid: false)", "CsFleJon8thWdQ08rbztMJPsWAb2: 66.66666666666667 (paid: false)", "Jm7Sm7th1gOtpG1IttvPPIBgUG83: 66.66666666666667 (paid: false)"]
 LOG  ➕ User2 owes User1: 66.66666666666667 (UNPAID)
 LOG  📊 Expense balance: 66.66666666666667
 LOG  📊 Running total: 66.66666666666667
 LOG  
✅ === FINAL RESULT ===
 LOG  🔢 Final balance: 66.67
 LOG  💭 Interpretation: User2 owes User1
 LOG  ===============================
 LOG  💰 Settlement: Set2 in Office: 66.67
 LOG  
🔍 === DETAILED BALANCE CALCULATION ===
 LOG  👤 User1 (You): 7EUSVFvzTicHY63vEFFKMqkJZKJ2
 LOG  👤 User2 (Them): Jm7Sm7th1gOtpG1IttvPPIBgUG83
 LOG  🏢 Group: rx01BYFAEivzEeCxd5bU
 LOG  📱 Found 0 pending SMS/WhatsApp invitations
 LOG  ✅ Returning 1 total pending invitations: {"newEmailUsers": 1, "receivedExistingUsers": 0, "sentExistingUsers": 0, "smsWhatsApp": 0}
 LOG  Processing 4 friendships
 LOG  Processing 2 groups
 LOG  Processing group: Office with 3 members
 LOG  Skipping group balance for Set2 - already counted as friend
 LOG  Skipping group balance for Set3 - already counted as friend
 LOG  Processing group: Home with 3 members
 LOG  Skipping group balance for Set2 - already counted as friend
 LOG  Skipping group balance for Set3 - already counted as friend
 LOG  ✅ UNIFIED balance calculation complete: {"netBalance": 33.33, "relationships": 2, "totalOwed": 66.67, "totalOwing": 33.33}
 LOG  📱 Found 0 pending SMS/WhatsApp invitations
 LOG  ✅ Returning 1 total pending invitations: {"newEmailUsers": 1, "receivedExistingUsers": 0, "sentExistingUsers": 0, "smsWhatsApp": 0}
 LOG  ✅ useBalances: Refresh complete: {"detailCount": 2, "friendsCount": 4, "netBalance": 33.33, "totalOwed": 66.67, "totalOwing": 33.33}
 LOG  📱 Found 0 pending SMS/WhatsApp invitations
 LOG  ✅ Returning 1 total pending invitations: {"newEmailUsers": 1, "receivedExistingUsers": 0, "sentExistingUsers": 0, "smsWhatsApp": 0}
 LOG  Processing 4 friendships
 LOG  Processing 2 groups
 LOG  Processing group: Office with 3 members
 LOG  Skipping group balance for Set2 - already counted as friend
 LOG  Skipping group balance for Set3 - already counted as friend
 LOG  Processing group: Home with 3 members
 LOG  Skipping group balance for Set2 - already counted as friend
 LOG  Skipping group balance for Set3 - already counted as friend
 LOG  ✅ UNIFIED balance calculation complete: {"netBalance": 33.33, "relationships": 2, "totalOwed": 66.67, "totalOwing": 33.33}
 LOG  📱 Found 0 pending SMS/WhatsApp invitations
 LOG  ✅ Returning 1 total pending invitations: {"newEmailUsers": 1, "receivedExistingUsers": 0, "sentExistingUsers": 0, "smsWhatsApp": 0}
 LOG  ✅ useBalances: Refresh complete: {"detailCount": 2, "friendsCount": 4, "netBalance": 33.33, "totalOwed": 66.67, "totalOwing": 33.33}
 LOG  📱 Found 0 pending SMS/WhatsApp invitations
 LOG  ✅ Returning 1 total pending invitations: {"newEmailUsers": 1, "receivedExistingUsers": 0, "sentExistingUsers": 0, "smsWhatsApp": 0}
 LOG  Processing 4 friendships
 LOG  Processing 2 groups
 LOG  Processing group: Office with 3 members
 LOG  Skipping group balance for Set2 - already counted as friend
 LOG  Skipping group balance for Set3 - already counted as friend
 LOG  Processing group: Home with 3 members
 LOG  Skipping group balance for Set2 - already counted as friend
 LOG  Skipping group balance for Set3 - already counted as friend
 LOG  ✅ UNIFIED balance calculation complete: {"netBalance": 33.33, "relationships": 2, "totalOwed": 66.67, "totalOwing": 33.33}
 LOG  📱 Found 0 pending SMS/WhatsApp invitations
 LOG  ✅ Returning 1 total pending invitations: {"newEmailUsers": 1, "receivedExistingUsers": 0, "sentExistingUsers": 0, "smsWhatsApp": 0}
 LOG  ✅ useBalances: Refresh complete: {"detailCount": 2, "friendsCount": 4, "netBalance": 33.33, "totalOwed": 66.67, "totalOwing": 33.33}
 LOG  📱 Found 0 pending SMS/WhatsApp invitations
 LOG  ✅ Returning 1 total pending invitations: {"newEmailUsers": 1, "receivedExistingUsers": 0, "sentExistingUsers": 0, "smsWhatsApp": 0}
 LOG  Processing 4 friendships for settlement
 LOG  Processing 2 groups for settlement
 LOG  Processing settlement balances for group: Office with 3 members
 LOG  
🔍 === DETAILED BALANCE CALCULATION ===
 LOG  👤 User1 (You): 7EUSVFvzTicHY63vEFFKMqkJZKJ2
 LOG  👤 User2 (Them): CsFleJon8thWdQ08rbztMJPsWAb2
 LOG  🏢 Group: rx01BYFAEivzEeCxd5bU
 LOG  🎯 Overview tab rendering with unified balances: {"allBalances": [{"balance": -33.33333333333333, "breakdown": [Object], "email": "set3@gmail.com", "groupId": undefined, "groupName": undefined, "name": "Set3", "source": "friend", "userId": "Jm7Sm7th1gOtpG1IttvPPIBgUG83"}, {"balance": 66.66666666666667, "breakdown": [Object], "email": "set2@gmail.com", "groupId": undefined, "groupName": undefined, "name": "Set2", "source": "friend", "userId": "CsFleJon8thWdQ08rbztMJPsWAb2"}], "isLoading": false, "netBalance": 33.33, "totalOwed": 66.67, "totalOwing": 33.33}
 LOG  ❌ GroupDetailsModal: Not rendering - visible: false localGroupData: false
 LOG  📊 useBalances: Current state: {"friendCount": 2, "friendsDataCount": 4, "groupMemberCount": 0, "netBalance": 33.33, "totalOwed": 66.67, "totalOwing": 33.33, "totalRelationships": 2}
 LOG  📊 useBalances: Friends breakdown: [{"balance": -33.33333333333333, "name": "Set3", "source": "friend"}, {"balance": 66.66666666666667, "name": "Set2", "source": "friend"}]
 LOG  📊 useBalances: Group members breakdown: []
 LOG  📊 useBalances: Current state: {"friendCount": 2, "friendsDataCount": 4, "groupMemberCount": 0, "netBalance": 33.33, "totalOwed": 66.67, "totalOwing": 33.33, "totalRelationships": 2}
 LOG  📊 useBalances: Friends breakdown: [{"balance": -33.33333333333333, "name": "Set3", "source": "friend"}, {"balance": 66.66666666666667, "name": "Set2", "source": "friend"}]
 LOG  📊 useBalances: Group members breakdown: []
 LOG  📊 useBalances: Current state: {"friendCount": 2, "friendsDataCount": 4, "groupMemberCount": 0, "netBalance": 33.33, "totalOwed": 66.67, "totalOwing": 33.33, "totalRelationships": 2}
 LOG  📊 useBalances: Friends breakdown: [{"balance": -33.33333333333333, "name": "Set3", "source": "friend"}, {"balance": 66.66666666666667, "name": "Set2", "source": "friend"}]
 LOG  📊 useBalances: Group members breakdown: []
 LOG  🔄 Loading settlement balances for user: 7EUSVFvzTicHY63vEFFKMqkJZKJ2
 LOG  🔄 Calculating SETTLEMENT balances for user: 7EUSVFvzTicHY63vEFFKMqkJZKJ2
 LOG  📋 Total expenses found: 4
 LOG  
💰 Expense 1: "Myer"
 LOG  💵 Amount: 320
 LOG  💳 Paid by: CsFleJon8thWdQ08rbztMJPsWAb2
 LOG  📊 Split data: ["7EUSVFvzTicHY63vEFFKMqkJZKJ2: 106.66666666666667 (paid: true)", "CsFleJon8thWdQ08rbztMJPsWAb2: 106.66666666666667 (paid: false)", "Jm7Sm7th1gOtpG1IttvPPIBgUG83: 106.66666666666667 (paid: false)"]
 LOG  ✅ User1 split: 106.66666666666667 (ALREADY PAID)
 LOG  📊 Expense balance: 0
 LOG  📊 Running total: 0
 LOG  
💰 Expense 2: "Coles"
 LOG  💵 Amount: 200
 LOG  💳 Paid by: Jm7Sm7th1gOtpG1IttvPPIBgUG83
 LOG  📊 Split data: ["7EUSVFvzTicHY63vEFFKMqkJZKJ2: 100 (paid: false)", "Jm7Sm7th1gOtpG1IttvPPIBgUG83: 100 (paid: false)"]
 LOG  👥 Someone else paid (Jm7Sm7th1gOtpG1IttvPPIBgUG83) - no direct balance impact
 LOG  📊 Expense balance: 0
 LOG  📊 Running total: 0
 LOG  
💰 Expense 3: "Icecream"
 LOG  💵 Amount: 250
 LOG  💳 Paid by: CsFleJon8thWdQ08rbztMJPsWAb2
 LOG  📊 Split data: ["7EUSVFvzTicHY63vEFFKMqkJZKJ2: 83.33333333333333 (paid: true)", "CsFleJon8thWdQ08rbztMJPsWAb2: 83.33333333333333 (paid: false)", "Jm7Sm7th1gOtpG1IttvPPIBgUG83: 83.33333333333333 (paid: false)"]
 LOG  ✅ User1 split: 83.33333333333333 (ALREADY PAID)
 LOG  📊 Expense balance: 0
 LOG  📊 Running total: 0
 LOG  
💰 Expense 4: "Dinner"
 LOG  💵 Amount: 150
 LOG  💳 Paid by: 7EUSVFvzTicHY63vEFFKMqkJZKJ2
 LOG  📊 Split data: ["7EUSVFvzTicHY63vEFFKMqkJZKJ2: 50 (paid: false)", "CsFleJon8thWdQ08rbztMJPsWAb2: 50 (paid: true)", "Jm7Sm7th1gOtpG1IttvPPIBgUG83: 50 (paid: true)"]
 LOG  ✅ User2 split: 50 (ALREADY PAID)
 LOG  📊 Expense balance: 0
 LOG  📊 Running total: 0
 LOG  
✅ === FINAL RESULT ===
 LOG  🔢 Final balance: 0
 LOG  💭 Interpretation: No balance
 LOG  ===============================
 LOG  💰 Balance with Set2: 0
 LOG  
🔍 === DETAILED BALANCE CALCULATION ===
 LOG  👤 User1 (You): 7EUSVFvzTicHY63vEFFKMqkJZKJ2
 LOG  👤 User2 (Them): Jm7Sm7th1gOtpG1IttvPPIBgUG83
 LOG  🏢 Group: aWT0Jz1AlM6jmAKNBqJW
 LOG  📋 Total expenses found: 1
 LOG  
💰 Expense 1: "Woolies"
 LOG  💵 Amount: 200
 LOG  💳 Paid by: 7EUSVFvzTicHY63vEFFKMqkJZKJ2
 LOG  📊 Split data: ["7EUSVFvzTicHY63vEFFKMqkJZKJ2: 66.66666666666667 (paid: false)", "CsFleJon8thWdQ08rbztMJPsWAb2: 66.66666666666667 (paid: false)", "Jm7Sm7th1gOtpG1IttvPPIBgUG83: 66.66666666666667 (paid: false)"]
 LOG  ➕ User2 owes User1: 66.66666666666667 (UNPAID)
 LOG  📊 Expense balance: 66.66666666666667
 LOG  📊 Running total: 66.66666666666667
 LOG  
✅ === FINAL RESULT ===
 LOG  🔢 Final balance: 66.67
 LOG  💭 Interpretation: User2 owes User1
 LOG  ===============================
 LOG  💰 Settlement: Set3 in Office: 66.67
 LOG  Processing settlement balances for group: Home with 3 members
 LOG  
🔍 === DETAILED BALANCE CALCULATION ===
 LOG  👤 User1 (You): 7EUSVFvzTicHY63vEFFKMqkJZKJ2
 LOG  👤 User2 (Them): CsFleJon8thWdQ08rbztMJPsWAb2
 LOG  🏢 Group: aWT0Jz1AlM6jmAKNBqJW
 LOG  📋 Total expenses found: 1
 LOG  
💰 Expense 1: "Woolies"
 LOG  💵 Amount: 200
 LOG  💳 Paid by: 7EUSVFvzTicHY63vEFFKMqkJZKJ2
 LOG  📊 Split data: ["7EUSVFvzTicHY63vEFFKMqkJZKJ2: 66.66666666666667 (paid: false)", "CsFleJon8thWdQ08rbztMJPsWAb2: 66.66666666666667 (paid: false)", "Jm7Sm7th1gOtpG1IttvPPIBgUG83: 66.66666666666667 (paid: false)"]
 LOG  ➕ User2 owes User1: 66.66666666666667 (UNPAID)
 LOG  📊 Expense balance: 66.66666666666667
 LOG  📊 Running total: 66.66666666666667
 LOG  
✅ === FINAL RESULT ===
 LOG  🔢 Final balance: 66.67
 LOG  💭 Interpretation: User2 owes User1
 LOG  ===============================
 LOG  💰 Settlement: Set2 in Office: 66.67
 LOG  
🔍 === DETAILED BALANCE CALCULATION ===
 LOG  👤 User1 (You): 7EUSVFvzTicHY63vEFFKMqkJZKJ2
 LOG  👤 User2 (Them): Jm7Sm7th1gOtpG1IttvPPIBgUG83
 LOG  🏢 Group: rx01BYFAEivzEeCxd5bU
 LOG  🔍 Fetching pending invitations for user: 7EUSVFvzTicHY63vEFFKMqkJZKJ2
 LOG  📋 Total expenses found: 4
 LOG  
💰 Expense 1: "Myer"
 LOG  💵 Amount: 320
 LOG  💳 Paid by: CsFleJon8thWdQ08rbztMJPsWAb2
 LOG  📊 Split data: ["7EUSVFvzTicHY63vEFFKMqkJZKJ2: 106.66666666666667 (paid: true)", "CsFleJon8thWdQ08rbztMJPsWAb2: 106.66666666666667 (paid: false)", "Jm7Sm7th1gOtpG1IttvPPIBgUG83: 106.66666666666667 (paid: false)"]
 LOG  👥 Someone else paid (CsFleJon8thWdQ08rbztMJPsWAb2) - no direct balance impact
 LOG  📊 Expense balance: 0
 LOG  📊 Running total: 0
 LOG  
💰 Expense 2: "Coles"
 LOG  💵 Amount: 200
 LOG  💳 Paid by: Jm7Sm7th1gOtpG1IttvPPIBgUG83
 LOG  📊 Split data: ["7EUSVFvzTicHY63vEFFKMqkJZKJ2: 100 (paid: false)", "Jm7Sm7th1gOtpG1IttvPPIBgUG83: 100 (paid: false)"]
 LOG  ➖ User1 owes User2: 100 (UNPAID)
 LOG  📊 Expense balance: -100
 LOG  📊 Running total: -100
 LOG  
💰 Expense 3: "Icecream"
 LOG  💵 Amount: 250
 LOG  💳 Paid by: CsFleJon8thWdQ08rbztMJPsWAb2
 LOG  📊 Split data: ["7EUSVFvzTicHY63vEFFKMqkJZKJ2: 83.33333333333333 (paid: true)", "CsFleJon8thWdQ08rbztMJPsWAb2: 83.33333333333333 (paid: false)", "Jm7Sm7th1gOtpG1IttvPPIBgUG83: 83.33333333333333 (paid: false)"]
 LOG  👥 Someone else paid (CsFleJon8thWdQ08rbztMJPsWAb2) - no direct balance impact
 LOG  📊 Expense balance: 0
 LOG  📊 Running total: -100
 LOG  
💰 Expense 4: "Dinner"
 LOG  💵 Amount: 150
 LOG  💳 Paid by: 7EUSVFvzTicHY63vEFFKMqkJZKJ2
 LOG  📊 Split data: ["7EUSVFvzTicHY63vEFFKMqkJZKJ2: 50 (paid: false)", "CsFleJon8thWdQ08rbztMJPsWAb2: 50 (paid: true)", "Jm7Sm7th1gOtpG1IttvPPIBgUG83: 50 (paid: true)"]
 LOG  ✅ User2 split: 50 (ALREADY PAID)
 LOG  📊 Expense balance: 0
 LOG  📊 Running total: -100
 LOG  
✅ === FINAL RESULT ===
 LOG  🔢 Final balance: -100
 LOG  💭 Interpretation: User1 owes User2
 LOG  ===============================
 LOG  💰 Balance with Set3: -100
 LOG  ✅ Total balance for Home: -100
 LOG  📋 Final group balances: [["rx01BYFAEivzEeCxd5bU", 133.34], ["aWT0Jz1AlM6jmAKNBqJW", -100]]
 LOG  📋 Total expenses found: 4
 LOG  
💰 Expense 1: "Myer"
 LOG  💵 Amount: 320
 LOG  💳 Paid by: CsFleJon8thWdQ08rbztMJPsWAb2
 LOG  📊 Split data: ["7EUSVFvzTicHY63vEFFKMqkJZKJ2: 106.66666666666667 (paid: true)", "CsFleJon8thWdQ08rbztMJPsWAb2: 106.66666666666667 (paid: false)", "Jm7Sm7th1gOtpG1IttvPPIBgUG83: 106.66666666666667 (paid: false)"]
 LOG  ✅ User1 split: 106.66666666666667 (ALREADY PAID)
 LOG  📊 Expense balance: 0
 LOG  📊 Running total: 0
 LOG  
💰 Expense 2: "Coles"
 LOG  💵 Amount: 200
 LOG  💳 Paid by: Jm7Sm7th1gOtpG1IttvPPIBgUG83
 LOG  📊 Split data: ["7EUSVFvzTicHY63vEFFKMqkJZKJ2: 100 (paid: false)", "Jm7Sm7th1gOtpG1IttvPPIBgUG83: 100 (paid: false)"]
 LOG  👥 Someone else paid (Jm7Sm7th1gOtpG1IttvPPIBgUG83) - no direct balance impact
 LOG  📊 Expense balance: 0
 LOG  📊 Running total: 0
 LOG  
💰 Expense 3: "Icecream"
 LOG  💵 Amount: 250
 LOG  💳 Paid by: CsFleJon8thWdQ08rbztMJPsWAb2
 LOG  📊 Split data: ["7EUSVFvzTicHY63vEFFKMqkJZKJ2: 83.33333333333333 (paid: true)", "CsFleJon8thWdQ08rbztMJPsWAb2: 83.33333333333333 (paid: false)", "Jm7Sm7th1gOtpG1IttvPPIBgUG83: 83.33333333333333 (paid: false)"]
 LOG  ✅ User1 split: 83.33333333333333 (ALREADY PAID)
 LOG  📊 Expense balance: 0
 LOG  📊 Running total: 0
 LOG  
💰 Expense 4: "Dinner"
 LOG  💵 Amount: 150
 LOG  💳 Paid by: 7EUSVFvzTicHY63vEFFKMqkJZKJ2
 LOG  📊 Split data: ["7EUSVFvzTicHY63vEFFKMqkJZKJ2: 50 (paid: false)", "CsFleJon8thWdQ08rbztMJPsWAb2: 50 (paid: true)", "Jm7Sm7th1gOtpG1IttvPPIBgUG83: 50 (paid: true)"]
 LOG  ✅ User2 split: 50 (ALREADY PAID)
 LOG  📊 Expense balance: 0
 LOG  📊 Running total: 0
 LOG  
✅ === FINAL RESULT ===
 LOG  🔢 Final balance: 0
 LOG  💭 Interpretation: No balance
 LOG  ===============================
 LOG  
🔍 === DETAILED BALANCE CALCULATION ===
 LOG  👤 User1 (You): 7EUSVFvzTicHY63vEFFKMqkJZKJ2
 LOG  👤 User2 (Them): Jm7Sm7th1gOtpG1IttvPPIBgUG83
 LOG  🏢 Group: aWT0Jz1AlM6jmAKNBqJW
 LOG  📋 Total expenses found: 1
 LOG  
💰 Expense 1: "Woolies"
 LOG  💵 Amount: 200
 LOG  💳 Paid by: 7EUSVFvzTicHY63vEFFKMqkJZKJ2
 LOG  📊 Split data: ["7EUSVFvzTicHY63vEFFKMqkJZKJ2: 66.66666666666667 (paid: false)", "CsFleJon8thWdQ08rbztMJPsWAb2: 66.66666666666667 (paid: false)", "Jm7Sm7th1gOtpG1IttvPPIBgUG83: 66.66666666666667 (paid: false)"]
 LOG  ➕ User2 owes User1: 66.66666666666667 (UNPAID)
 LOG  📊 Expense balance: 66.66666666666667
 LOG  📊 Running total: 66.66666666666667
 LOG  
✅ === FINAL RESULT ===
 LOG  🔢 Final balance: 66.67
 LOG  💭 Interpretation: User2 owes User1
 LOG  ===============================
 LOG  💰 Settlement: Set3 in Office: 66.67
 LOG  Processing settlement balances for group: Home with 3 members
 LOG  
🔍 === DETAILED BALANCE CALCULATION ===
 LOG  👤 User1 (You): 7EUSVFvzTicHY63vEFFKMqkJZKJ2
 LOG  👤 User2 (Them): CsFleJon8thWdQ08rbztMJPsWAb2
 LOG  🏢 Group: aWT0Jz1AlM6jmAKNBqJW
 LOG  📧 Found 0 sent email friend requests (existing users)
 LOG  🎯 Overview tab rendering with unified balances: {"allBalances": [{"balance": -33.33333333333333, "breakdown": [Object], "email": "set3@gmail.com", "groupId": undefined, "groupName": undefined, "name": "Set3", "source": "friend", "userId": "Jm7Sm7th1gOtpG1IttvPPIBgUG83"}, {"balance": 66.66666666666667, "breakdown": [Object], "email": "set2@gmail.com", "groupId": undefined, "groupName": undefined, "name": "Set2", "source": "friend", "userId": "CsFleJon8thWdQ08rbztMJPsWAb2"}], "isLoading": false, "netBalance": 33.33, "totalOwed": 66.67, "totalOwing": 33.33}
 LOG  ❌ GroupDetailsModal: Not rendering - visible: false localGroupData: false
 LOG  📋 Total expenses found: 4
 LOG  
💰 Expense 1: "Myer"
 LOG  💵 Amount: 320
 LOG  💳 Paid by: CsFleJon8thWdQ08rbztMJPsWAb2
 LOG  📊 Split data: ["7EUSVFvzTicHY63vEFFKMqkJZKJ2: 106.66666666666667 (paid: true)", "CsFleJon8thWdQ08rbztMJPsWAb2: 106.66666666666667 (paid: false)", "Jm7Sm7th1gOtpG1IttvPPIBgUG83: 106.66666666666667 (paid: false)"]
 LOG  👥 Someone else paid (CsFleJon8thWdQ08rbztMJPsWAb2) - no direct balance impact
 LOG  📊 Expense balance: 0
 LOG  📊 Running total: 0
 LOG  
💰 Expense 2: "Coles"
 LOG  💵 Amount: 200
 LOG  💳 Paid by: Jm7Sm7th1gOtpG1IttvPPIBgUG83
 LOG  📊 Split data: ["7EUSVFvzTicHY63vEFFKMqkJZKJ2: 100 (paid: false)", "Jm7Sm7th1gOtpG1IttvPPIBgUG83: 100 (paid: false)"]
 LOG  ➖ User1 owes User2: 100 (UNPAID)
 LOG  📊 Expense balance: -100
 LOG  📊 Running total: -100
 LOG  
💰 Expense 3: "Icecream"
 LOG  💵 Amount: 250
 LOG  💳 Paid by: CsFleJon8thWdQ08rbztMJPsWAb2
 LOG  📊 Split data: ["7EUSVFvzTicHY63vEFFKMqkJZKJ2: 83.33333333333333 (paid: true)", "CsFleJon8thWdQ08rbztMJPsWAb2: 83.33333333333333 (paid: false)", "Jm7Sm7th1gOtpG1IttvPPIBgUG83: 83.33333333333333 (paid: false)"]
 LOG  👥 Someone else paid (CsFleJon8thWdQ08rbztMJPsWAb2) - no direct balance impact
 LOG  📊 Expense balance: 0
 LOG  📊 Running total: -100
 LOG  
💰 Expense 4: "Dinner"
 LOG  💵 Amount: 150
 LOG  💳 Paid by: 7EUSVFvzTicHY63vEFFKMqkJZKJ2
 LOG  📊 Split data: ["7EUSVFvzTicHY63vEFFKMqkJZKJ2: 50 (paid: false)", "CsFleJon8thWdQ08rbztMJPsWAb2: 50 (paid: true)", "Jm7Sm7th1gOtpG1IttvPPIBgUG83: 50 (paid: true)"]
 LOG  ✅ User2 split: 50 (ALREADY PAID)
 LOG  📊 Expense balance: 0
 LOG  📊 Running total: -100
 LOG  
✅ === FINAL RESULT ===
 LOG  🔢 Final balance: -100
 LOG  💭 Interpretation: User1 owes User2
 LOG  ===============================
 LOG  💰 Settlement: Set3 in Home: -100
 LOG  ✅ SETTLEMENT balance calculation complete: {"friendEntries": 2, "groupEntries": 3, "totalEntries": 5}
 LOG  📊 Raw settlement balances from friendsBalances: [{"avatar": "", "balance": -33.33333333333333, "breakdown": {"fromFriendships": -33.33333333333333, "fromGroups": [Object]}, "email": "set3@gmail.com", "lastUpdated": [Object], "name": "Set3", "source": "friend", "userId": "Jm7Sm7th1gOtpG1IttvPPIBgUG83"}, {"avatar": "", "balance": 66.66666666666667, "breakdown": {"fromFriendships": 66.66666666666667, "fromGroups": [Object]}, "email": "set2@gmail.com", "lastUpdated": [Object], "name": "Set2", "source": "friend", "userId": "CsFleJon8thWdQ08rbztMJPsWAb2"}, {"avatar": "", "balance": 66.67, "breakdown": {"fromFriendships": 0, "fromGroups": [Object]}, "email": "set2@gmail.com", "groupId": "rx01BYFAEivzEeCxd5bU", "groupName": "Office", "lastUpdated": 2025-08-01T22:51:34.317Z, "name": "Set2", "source": "group", "userId": "CsFleJon8thWdQ08rbztMJPsWAb2"}, {"avatar": "", "balance": 66.67, "breakdown": {"fromFriendships": 0, "fromGroups": [Object]}, "email": "set3@gmail.com", "groupId": "rx01BYFAEivzEeCxd5bU", "groupName": "Office", "lastUpdated": 2025-08-01T22:51:34.515Z, "name": "Set3", "source": "group", "userId": "Jm7Sm7th1gOtpG1IttvPPIBgUG83"}, {"avatar": "", "balance": -100, "breakdown": {"fromFriendships": 0, "fromGroups": [Object]}, "email": "set3@gmail.com", "groupId": "aWT0Jz1AlM6jmAKNBqJW", "groupName": "Home", "lastUpdated": 2025-08-01T22:51:34.719Z, "name": "Set3", "source": "group", "userId": "Jm7Sm7th1gOtpG1IttvPPIBgUG83"}]
 LOG  👥 Settlement balances after processing: 2 entries
 LOG  👥 Non-zero balances: 5
 LOG  👥 Settled friends added: 0
 LOG  👥 Detailed settlement balances: [{"balance": -100, "email": "set3@gmail.com", "groupId": "aWT0Jz1AlM6jmAKNBqJW", "groupName": "Home", "name": "Set3", "source": "group", "userId": "Jm7Sm7th1gOtpG1IttvPPIBgUG83"}, {"balance": 66.67, "email": "set2@gmail.com", "groupId": "rx01BYFAEivzEeCxd5bU", "groupName": "Office", "name": "Set2", "source": "group", "userId": "CsFleJon8thWdQ08rbztMJPsWAb2"}]
 LOG  📋 Total expenses found: 4
 LOG  
💰 Expense 1: "Myer"
 LOG  💵 Amount: 320
 LOG  💳 Paid by: CsFleJon8thWdQ08rbztMJPsWAb2
 LOG  📊 Split data: ["7EUSVFvzTicHY63vEFFKMqkJZKJ2: 106.66666666666667 (paid: true)", "CsFleJon8thWdQ08rbztMJPsWAb2: 106.66666666666667 (paid: false)", "Jm7Sm7th1gOtpG1IttvPPIBgUG83: 106.66666666666667 (paid: false)"]
 LOG  ✅ User1 split: 106.66666666666667 (ALREADY PAID)
 LOG  📊 Expense balance: 0
 LOG  📊 Running total: 0
 LOG  
💰 Expense 2: "Coles"
 LOG  💵 Amount: 200
 LOG  💳 Paid by: Jm7Sm7th1gOtpG1IttvPPIBgUG83
 LOG  📊 Split data: ["7EUSVFvzTicHY63vEFFKMqkJZKJ2: 100 (paid: false)", "Jm7Sm7th1gOtpG1IttvPPIBgUG83: 100 (paid: false)"]
 LOG  👥 Someone else paid (Jm7Sm7th1gOtpG1IttvPPIBgUG83) - no direct balance impact
 LOG  📊 Expense balance: 0
 LOG  📊 Running total: 0
 LOG  
💰 Expense 3: "Icecream"
 LOG  💵 Amount: 250
 LOG  💳 Paid by: CsFleJon8thWdQ08rbztMJPsWAb2
 LOG  📊 Split data: ["7EUSVFvzTicHY63vEFFKMqkJZKJ2: 83.33333333333333 (paid: true)", "CsFleJon8thWdQ08rbztMJPsWAb2: 83.33333333333333 (paid: false)", "Jm7Sm7th1gOtpG1IttvPPIBgUG83: 83.33333333333333 (paid: false)"]
 LOG  ✅ User1 split: 83.33333333333333 (ALREADY PAID)
 LOG  📊 Expense balance: 0
 LOG  📊 Running total: 0
 LOG  
💰 Expense 4: "Dinner"
 LOG  💵 Amount: 150
 LOG  💳 Paid by: 7EUSVFvzTicHY63vEFFKMqkJZKJ2
 LOG  📊 Split data: ["7EUSVFvzTicHY63vEFFKMqkJZKJ2: 50 (paid: false)", "CsFleJon8thWdQ08rbztMJPsWAb2: 50 (paid: true)", "Jm7Sm7th1gOtpG1IttvPPIBgUG83: 50 (paid: true)"]
 LOG  ✅ User2 split: 50 (ALREADY PAID)
 LOG  📊 Expense balance: 0
 LOG  📊 Running total: 0
 LOG  
✅ === FINAL RESULT ===
 LOG  🔢 Final balance: 0
 LOG  💭 Interpretation: No balance
 LOG  ===============================
 LOG  
🔍 === DETAILED BALANCE CALCULATION ===
 LOG  👤 User1 (You): 7EUSVFvzTicHY63vEFFKMqkJZKJ2
 LOG  👤 User2 (Them): Jm7Sm7th1gOtpG1IttvPPIBgUG83
 LOG  🏢 Group: aWT0Jz1AlM6jmAKNBqJW
 LOG  📧 Found 0 received email friend requests (existing users)
 LOG  🎯 Overview tab rendering with unified balances: {"allBalances": [{"balance": -33.33333333333333, "breakdown": [Object], "email": "set3@gmail.com", "groupId": undefined, "groupName": undefined, "name": "Set3", "source": "friend", "userId": "Jm7Sm7th1gOtpG1IttvPPIBgUG83"}, {"balance": 66.66666666666667, "breakdown": [Object], "email": "set2@gmail.com", "groupId": undefined, "groupName": undefined, "name": "Set2", "source": "friend", "userId": "CsFleJon8thWdQ08rbztMJPsWAb2"}], "isLoading": false, "netBalance": 33.33, "totalOwed": 66.67, "totalOwing": 33.33}
 LOG  ❌ GroupDetailsModal: Not rendering - visible: false localGroupData: false
 LOG  📋 Total expenses found: 4
 LOG  
💰 Expense 1: "Myer"
 LOG  💵 Amount: 320
 LOG  💳 Paid by: CsFleJon8thWdQ08rbztMJPsWAb2
 LOG  📊 Split data: ["7EUSVFvzTicHY63vEFFKMqkJZKJ2: 106.66666666666667 (paid: true)", "CsFleJon8thWdQ08rbztMJPsWAb2: 106.66666666666667 (paid: false)", "Jm7Sm7th1gOtpG1IttvPPIBgUG83: 106.66666666666667 (paid: false)"]
 LOG  👥 Someone else paid (CsFleJon8thWdQ08rbztMJPsWAb2) - no direct balance impact
 LOG  📊 Expense balance: 0
 LOG  📊 Running total: 0
 LOG  
💰 Expense 2: "Coles"
 LOG  💵 Amount: 200
 LOG  💳 Paid by: Jm7Sm7th1gOtpG1IttvPPIBgUG83
 LOG  📊 Split data: ["7EUSVFvzTicHY63vEFFKMqkJZKJ2: 100 (paid: false)", "Jm7Sm7th1gOtpG1IttvPPIBgUG83: 100 (paid: false)"]
 LOG  ➖ User1 owes User2: 100 (UNPAID)
 LOG  📊 Expense balance: -100
 LOG  📊 Running total: -100
 LOG  
💰 Expense 3: "Icecream"
 LOG  💵 Amount: 250
 LOG  💳 Paid by: CsFleJon8thWdQ08rbztMJPsWAb2
 LOG  📊 Split data: ["7EUSVFvzTicHY63vEFFKMqkJZKJ2: 83.33333333333333 (paid: true)", "CsFleJon8thWdQ08rbztMJPsWAb2: 83.33333333333333 (paid: false)", "Jm7Sm7th1gOtpG1IttvPPIBgUG83: 83.33333333333333 (paid: false)"]
 LOG  👥 Someone else paid (CsFleJon8thWdQ08rbztMJPsWAb2) - no direct balance impact
 LOG  📊 Expense balance: 0
 LOG  📊 Running total: -100
 LOG  
💰 Expense 4: "Dinner"
 LOG  💵 Amount: 150
 LOG  💳 Paid by: 7EUSVFvzTicHY63vEFFKMqkJZKJ2
 LOG  📊 Split data: ["7EUSVFvzTicHY63vEFFKMqkJZKJ2: 50 (paid: false)", "CsFleJon8thWdQ08rbztMJPsWAb2: 50 (paid: true)", "Jm7Sm7th1gOtpG1IttvPPIBgUG83: 50 (paid: true)"]
 LOG  ✅ User2 split: 50 (ALREADY PAID)
 LOG  📊 Expense balance: 0
 LOG  📊 Running total: -100
 LOG  
✅ === FINAL RESULT ===
 LOG  🔢 Final balance: -100
 LOG  💭 Interpretation: User1 owes User2
 LOG  ===============================
 LOG  💰 Settlement: Set3 in Home: -100
 LOG  ✅ SETTLEMENT balance calculation complete: {"friendEntries": 2, "groupEntries": 3, "totalEntries": 5}
 LOG  📊 Raw settlement balances from friendsBalances: [{"avatar": "", "balance": -33.33333333333333, "breakdown": {"fromFriendships": -33.33333333333333, "fromGroups": [Object]}, "email": "set3@gmail.com", "lastUpdated": [Object], "name": "Set3", "source": "friend", "userId": "Jm7Sm7th1gOtpG1IttvPPIBgUG83"}, {"avatar": "", "balance": 66.66666666666667, "breakdown": {"fromFriendships": 66.66666666666667, "fromGroups": [Object]}, "email": "set2@gmail.com", "lastUpdated": [Object], "name": "Set2", "source": "friend", "userId": "CsFleJon8thWdQ08rbztMJPsWAb2"}, {"avatar": "", "balance": 66.67, "breakdown": {"fromFriendships": 0, "fromGroups": [Object]}, "email": "set2@gmail.com", "groupId": "rx01BYFAEivzEeCxd5bU", "groupName": "Office", "lastUpdated": 2025-08-01T22:51:34.517Z, "name": "Set2", "source": "group", "userId": "CsFleJon8thWdQ08rbztMJPsWAb2"}, {"avatar": "", "balance": 66.67, "breakdown": {"fromFriendships": 0, "fromGroups": [Object]}, "email": "set3@gmail.com", "groupId": "rx01BYFAEivzEeCxd5bU", "groupName": "Office", "lastUpdated": 2025-08-01T22:51:34.612Z, "name": "Set3", "source": "group", "userId": "Jm7Sm7th1gOtpG1IttvPPIBgUG83"}, {"avatar": "", "balance": -100, "breakdown": {"fromFriendships": 0, "fromGroups": [Object]}, "email": "set3@gmail.com", "groupId": "aWT0Jz1AlM6jmAKNBqJW", "groupName": "Home", "lastUpdated": 2025-08-01T22:51:34.836Z, "name": "Set3", "source": "group", "userId": "Jm7Sm7th1gOtpG1IttvPPIBgUG83"}]
 LOG  👥 Settlement balances after processing: 2 entries
 LOG  👥 Non-zero balances: 5
 LOG  👥 Settled friends added: 0
 LOG  👥 Detailed settlement balances: [{"balance": -100, "email": "set3@gmail.com", "groupId": "aWT0Jz1AlM6jmAKNBqJW", "groupName": "Home", "name": "Set3", "source": "group", "userId": "Jm7Sm7th1gOtpG1IttvPPIBgUG83"}, {"balance": 66.67, "email": "set2@gmail.com", "groupId": "rx01BYFAEivzEeCxd5bU", "groupName": "Office", "name": "Set2", "source": "group", "userId": "CsFleJon8thWdQ08rbztMJPsWAb2"}]
 LOG  📧 Found 1 email invitations (new users)
 LOG  📋 Email invitation (new user): {"fromUserId": "7EUSVFvzTicHY63vEFFKMqkJZKJ2", "id": "itgZL3iWPKpz6kBZm0oK", "status": "sent", "toEmail": "set4@gmail.com"}
 LOG  🎯 Overview tab rendering with unified balances: {"allBalances": [{"balance": -33.33333333333333, "breakdown": [Object], "email": "set3@gmail.com", "groupId": undefined, "groupName": undefined, "name": "Set3", "source": "friend", "userId": "Jm7Sm7th1gOtpG1IttvPPIBgUG83"}, {"balance": 66.66666666666667, "breakdown": [Object], "email": "set2@gmail.com", "groupId": undefined, "groupName": undefined, "name": "Set2", "source": "friend", "userId": "CsFleJon8thWdQ08rbztMJPsWAb2"}], "isLoading": false, "netBalance": 33.33, "totalOwed": 66.67, "totalOwing": 33.33}
 LOG  ❌ GroupDetailsModal: Not rendering - visible: false localGroupData: false
 LOG  📱 Found 0 pending SMS/WhatsApp invitations
 LOG  ✅ Returning 1 total pending invitations: {"newEmailUsers": 1, "receivedExistingUsers": 0, "sentExistingUsers": 0, "smsWhatsApp": 0}
 LOG  Processing 4 friendships for settlement
 LOG  Processing 2 groups for settlement
 LOG  Processing settlement balances for group: Office with 3 members
 LOG  
🔍 === DETAILED BALANCE CALCULATION ===
 LOG  👤 User1 (You): 7EUSVFvzTicHY63vEFFKMqkJZKJ2
 LOG  👤 User2 (Them): CsFleJon8thWdQ08rbztMJPsWAb2
 LOG  🏢 Group: rx01BYFAEivzEeCxd5bU
 LOG  📋 Total expenses found: 1
 LOG  
💰 Expense 1: "Woolies"
 LOG  💵 Amount: 200
 LOG  💳 Paid by: 7EUSVFvzTicHY63vEFFKMqkJZKJ2
 LOG  📊 Split data: ["7EUSVFvzTicHY63vEFFKMqkJZKJ2: 66.66666666666667 (paid: false)", "CsFleJon8thWdQ08rbztMJPsWAb2: 66.66666666666667 (paid: false)", "Jm7Sm7th1gOtpG1IttvPPIBgUG83: 66.66666666666667 (paid: false)"]
 LOG  ➕ User2 owes User1: 66.66666666666667 (UNPAID)
 LOG  📊 Expense balance: 66.66666666666667
 LOG  📊 Running total: 66.66666666666667
 LOG  
✅ === FINAL RESULT ===
 LOG  🔢 Final balance: 66.67
 LOG  💭 Interpretation: User2 owes User1
 LOG  ===============================
 LOG  💰 Settlement: Set2 in Office: 66.67
 LOG  
🔍 === DETAILED BALANCE CALCULATION ===
 LOG  👤 User1 (You): 7EUSVFvzTicHY63vEFFKMqkJZKJ2
 LOG  👤 User2 (Them): Jm7Sm7th1gOtpG1IttvPPIBgUG83
 LOG  🏢 Group: rx01BYFAEivzEeCxd5bU
 LOG  📋 Total expenses found: 1
 LOG  
💰 Expense 1: "Woolies"
 LOG  💵 Amount: 200
 LOG  💳 Paid by: 7EUSVFvzTicHY63vEFFKMqkJZKJ2
 LOG  📊 Split data: ["7EUSVFvzTicHY63vEFFKMqkJZKJ2: 66.66666666666667 (paid: false)", "CsFleJon8thWdQ08rbztMJPsWAb2: 66.66666666666667 (paid: false)", "Jm7Sm7th1gOtpG1IttvPPIBgUG83: 66.66666666666667 (paid: false)"]
 LOG  ➕ User2 owes User1: 66.66666666666667 (UNPAID)
 LOG  📊 Expense balance: 66.66666666666667
 LOG  📊 Running total: 66.66666666666667
 LOG  
✅ === FINAL RESULT ===
 LOG  🔢 Final balance: 66.67
 LOG  💭 Interpretation: User2 owes User1
 LOG  ===============================
 LOG  💰 Settlement: Set3 in Office: 66.67
 LOG  Processing settlement balances for group: Home with 3 members
 LOG  
🔍 === DETAILED BALANCE CALCULATION ===
 LOG  👤 User1 (You): 7EUSVFvzTicHY63vEFFKMqkJZKJ2
 LOG  👤 User2 (Them): CsFleJon8thWdQ08rbztMJPsWAb2
 LOG  🏢 Group: aWT0Jz1AlM6jmAKNBqJW
 LOG  📋 Total expenses found: 4
 LOG  
💰 Expense 1: "Myer"
 LOG  💵 Amount: 320
 LOG  💳 Paid by: CsFleJon8thWdQ08rbztMJPsWAb2
 LOG  📊 Split data: ["7EUSVFvzTicHY63vEFFKMqkJZKJ2: 106.66666666666667 (paid: true)", "CsFleJon8thWdQ08rbztMJPsWAb2: 106.66666666666667 (paid: false)", "Jm7Sm7th1gOtpG1IttvPPIBgUG83: 106.66666666666667 (paid: false)"]
 LOG  ✅ User1 split: 106.66666666666667 (ALREADY PAID)
 LOG  📊 Expense balance: 0
 LOG  📊 Running total: 0
 LOG  
💰 Expense 2: "Coles"
 LOG  💵 Amount: 200
 LOG  💳 Paid by: Jm7Sm7th1gOtpG1IttvPPIBgUG83
 LOG  📊 Split data: ["7EUSVFvzTicHY63vEFFKMqkJZKJ2: 100 (paid: false)", "Jm7Sm7th1gOtpG1IttvPPIBgUG83: 100 (paid: false)"]
 LOG  👥 Someone else paid (Jm7Sm7th1gOtpG1IttvPPIBgUG83) - no direct balance impact
 LOG  📊 Expense balance: 0
 LOG  📊 Running total: 0
 LOG  
💰 Expense 3: "Icecream"
 LOG  💵 Amount: 250
 LOG  💳 Paid by: CsFleJon8thWdQ08rbztMJPsWAb2
 LOG  📊 Split data: ["7EUSVFvzTicHY63vEFFKMqkJZKJ2: 83.33333333333333 (paid: true)", "CsFleJon8thWdQ08rbztMJPsWAb2: 83.33333333333333 (paid: false)", "Jm7Sm7th1gOtpG1IttvPPIBgUG83: 83.33333333333333 (paid: false)"]
 LOG  ✅ User1 split: 83.33333333333333 (ALREADY PAID)
 LOG  📊 Expense balance: 0
 LOG  📊 Running total: 0
 LOG  
💰 Expense 4: "Dinner"
 LOG  💵 Amount: 150
 LOG  💳 Paid by: 7EUSVFvzTicHY63vEFFKMqkJZKJ2
 LOG  📊 Split data: ["7EUSVFvzTicHY63vEFFKMqkJZKJ2: 50 (paid: false)", "CsFleJon8thWdQ08rbztMJPsWAb2: 50 (paid: true)", "Jm7Sm7th1gOtpG1IttvPPIBgUG83: 50 (paid: true)"]
 LOG  ✅ User2 split: 50 (ALREADY PAID)
 LOG  📊 Expense balance: 0
 LOG  📊 Running total: 0
 LOG  
✅ === FINAL RESULT ===
 LOG  🔢 Final balance: 0
 LOG  💭 Interpretation: No balance
 LOG  ===============================
 LOG  
🔍 === DETAILED BALANCE CALCULATION ===
 LOG  👤 User1 (You): 7EUSVFvzTicHY63vEFFKMqkJZKJ2
 LOG  👤 User2 (Them): Jm7Sm7th1gOtpG1IttvPPIBgUG83
 LOG  🏢 Group: aWT0Jz1AlM6jmAKNBqJW
 LOG  📋 Total expenses found: 4
 LOG  
💰 Expense 1: "Myer"
 LOG  💵 Amount: 320
 LOG  💳 Paid by: CsFleJon8thWdQ08rbztMJPsWAb2
 LOG  📊 Split data: ["7EUSVFvzTicHY63vEFFKMqkJZKJ2: 106.66666666666667 (paid: true)", "CsFleJon8thWdQ08rbztMJPsWAb2: 106.66666666666667 (paid: false)", "Jm7Sm7th1gOtpG1IttvPPIBgUG83: 106.66666666666667 (paid: false)"]
 LOG  👥 Someone else paid (CsFleJon8thWdQ08rbztMJPsWAb2) - no direct balance impact
 LOG  📊 Expense balance: 0
 LOG  📊 Running total: 0
 LOG  
💰 Expense 2: "Coles"
 LOG  💵 Amount: 200
 LOG  💳 Paid by: Jm7Sm7th1gOtpG1IttvPPIBgUG83
 LOG  📊 Split data: ["7EUSVFvzTicHY63vEFFKMqkJZKJ2: 100 (paid: false)", "Jm7Sm7th1gOtpG1IttvPPIBgUG83: 100 (paid: false)"]
 LOG  ➖ User1 owes User2: 100 (UNPAID)
 LOG  📊 Expense balance: -100
 LOG  📊 Running total: -100
 LOG  
💰 Expense 3: "Icecream"
 LOG  💵 Amount: 250
 LOG  💳 Paid by: CsFleJon8thWdQ08rbztMJPsWAb2
 LOG  📊 Split data: ["7EUSVFvzTicHY63vEFFKMqkJZKJ2: 83.33333333333333 (paid: true)", "CsFleJon8thWdQ08rbztMJPsWAb2: 83.33333333333333 (paid: false)", "Jm7Sm7th1gOtpG1IttvPPIBgUG83: 83.33333333333333 (paid: false)"]
 LOG  👥 Someone else paid (CsFleJon8thWdQ08rbztMJPsWAb2) - no direct balance impact
 LOG  📊 Expense balance: 0
 LOG  📊 Running total: -100
 LOG  
💰 Expense 4: "Dinner"
 LOG  💵 Amount: 150
 LOG  💳 Paid by: 7EUSVFvzTicHY63vEFFKMqkJZKJ2
 LOG  📊 Split data: ["7EUSVFvzTicHY63vEFFKMqkJZKJ2: 50 (paid: false)", "CsFleJon8thWdQ08rbztMJPsWAb2: 50 (paid: true)", "Jm7Sm7th1gOtpG1IttvPPIBgUG83: 50 (paid: true)"]
 LOG  ✅ User2 split: 50 (ALREADY PAID)
 LOG  📊 Expense balance: 0
 LOG  📊 Running total: -100
 LOG  
✅ === FINAL RESULT ===
 LOG  🔢 Final balance: -100
 LOG  💭 Interpretation: User1 owes User2
 LOG  ===============================
 LOG  💰 Settlement: Set3 in Home: -100
 LOG  ✅ SETTLEMENT balance calculation complete: {"friendEntries": 2, "groupEntries": 3, "totalEntries": 5}
 LOG  📊 Raw settlement balances from friendsBalances: [{"avatar": "", "balance": -33.33333333333333, "breakdown": {"fromFriendships": -33.33333333333333, "fromGroups": [Object]}, "email": "set3@gmail.com", "lastUpdated": [Object], "name": "Set3", "source": "friend", "userId": "Jm7Sm7th1gOtpG1IttvPPIBgUG83"}, {"avatar": "", "balance": 66.66666666666667, "breakdown": {"fromFriendships": 66.66666666666667, "fromGroups": [Object]}, "email": "set2@gmail.com", "lastUpdated": [Object], "name": "Set2", "source": "friend", "userId": "CsFleJon8thWdQ08rbztMJPsWAb2"}, {"avatar": "", "balance": 66.67, "breakdown": {"fromFriendships": 0, "fromGroups": [Object]}, "email": "set2@gmail.com", "groupId": "rx01BYFAEivzEeCxd5bU", "groupName": "Office", "lastUpdated": 2025-08-01T22:51:35.033Z, "name": "Set2", "source": "group", "userId": "CsFleJon8thWdQ08rbztMJPsWAb2"}, {"avatar": "", "balance": 66.67, "breakdown": {"fromFriendships": 0, "fromGroups": [Object]}, "email": "set3@gmail.com", "groupId": "rx01BYFAEivzEeCxd5bU", "groupName": "Office", "lastUpdated": 2025-08-01T22:51:35.118Z, "name": "Set3", "source": "group", "userId": "Jm7Sm7th1gOtpG1IttvPPIBgUG83"}, {"avatar": "", "balance": -100, "breakdown": {"fromFriendships": 0, "fromGroups": [Object]}, "email": "set3@gmail.com", "groupId": "aWT0Jz1AlM6jmAKNBqJW", "groupName": "Home", "lastUpdated": 2025-08-01T22:51:35.331Z, "name": "Set3", "source": "group", "userId": "Jm7Sm7th1gOtpG1IttvPPIBgUG83"}]
 LOG  👥 Settlement balances after processing: 2 entries
 LOG  👥 Non-zero balances: 5
 LOG  👥 Settled friends added: 0
 LOG  👥 Detailed settlement balances: [{"balance": -100, "email": "set3@gmail.com", "groupId": "aWT0Jz1AlM6jmAKNBqJW", "groupName": "Home", "name": "Set3", "source": "group", "userId": "Jm7Sm7th1gOtpG1IttvPPIBgUG83"}, {"balance": 66.67, "email": "set2@gmail.com", "groupId": "rx01BYFAEivzEeCxd5bU", "groupName": "Office", "name": "Set2", "source": "group", "userId": "CsFleJon8thWdQ08rbztMJPsWAb2"}]
 LOG  🎯 Overview tab rendering with unified balances: {"allBalances": [{"balance": -33.33333333333333, "breakdown": [Object], "email": "set3@gmail.com", "groupId": undefined, "groupName": undefined, "name": "Set3", "source": "friend", "userId": "Jm7Sm7th1gOtpG1IttvPPIBgUG83"}, {"balance": 66.66666666666667, "breakdown": [Object], "email": "set2@gmail.com", "groupId": undefined, "groupName": undefined, "name": "Set2", "source": "friend", "userId": "CsFleJon8thWdQ08rbztMJPsWAb2"}], "isLoading": false, "netBalance": 33.33, "totalOwed": 66.67, "totalOwing": 33.33}
 LOG  ❌ GroupDetailsModal: Not rendering - visible: false localGroupData: false
 LOG  🔄 useBalances: Refreshing with UnifiedSettlementService
 LOG  🔄 Calculating UNIFIED balances for user: 7EUSVFvzTicHY63vEFFKMqkJZKJ2
 LOG  📦 FriendsManager: Using cached friends data
 LOG  ✅ Friends updated, notifying unified balance system
 LOG  🔔 useBalances: Balance change notification received
 LOG  🔄 useBalances: Refreshing with UnifiedSettlementService
 LOG  🔄 Calculating UNIFIED balances for user: 7EUSVFvzTicHY63vEFFKMqkJZKJ2
 LOG  🔔 useBalances: Balance change notification received
 LOG  🔄 useBalances: Refreshing with UnifiedSettlementService
 LOG  🔄 Calculating UNIFIED balances for user: 7EUSVFvzTicHY63vEFFKMqkJZKJ2
 LOG  👥 Friends tab rendering with data: {"allBalances": [{"balance": -33.33333333333333, "breakdown": [Object], "email": "set3@gmail.com", "groupId": undefined, "groupName": undefined, "name": "Set3", "source": "friend", "userId": "Jm7Sm7th1gOtpG1IttvPPIBgUG83"}, {"balance": 66.66666666666667, "breakdown": [Object], "email": "set2@gmail.com", "groupId": undefined, "groupName": undefined, "name": "Set2", "source": "friend", "userId": "CsFleJon8thWdQ08rbztMJPsWAb2"}], "friendBalances": [{"avatar": "", "balance": -33.33333333333333, "breakdown": [Object], "email": "set3@gmail.com", "lastUpdated": [Timestamp], "name": "Set3", "source": "friend", "userId": "Jm7Sm7th1gOtpG1IttvPPIBgUG83"}, {"avatar": "", "balance": 66.66666666666667, "breakdown": [Object], "email": "set2@gmail.com", "lastUpdated": [Timestamp], "name": "Set2", "source": "friend", "userId": "CsFleJon8thWdQ08rbztMJPsWAb2"}], "friendsLength": 4, "groupMemberBalances": [], "isLoading": true, "settlementBalances": [{"balance": -100, "email": "set3@gmail.com", "groupId": "aWT0Jz1AlM6jmAKNBqJW", "groupName": "Home", "name": "Set3", "source": "group", "userId": "Jm7Sm7th1gOtpG1IttvPPIBgUG83"}, {"balance": 66.67, "email": "set2@gmail.com", "groupId": "rx01BYFAEivzEeCxd5bU", "groupName": "Office", "name": "Set2", "source": "group", "userId": "CsFleJon8thWdQ08rbztMJPsWAb2"}], "settlementBalancesLength": 2}
 LOG  👥 Friend counts: {"acceptedFriends": 3, "invitedFriends": 1, "settlementBalances": 2}
 LOG  ❌ GroupDetailsModal: Not rendering - visible: false localGroupData: false
 LOG  🔄 Loading settlement balances for user: 7EUSVFvzTicHY63vEFFKMqkJZKJ2
 LOG  🔄 Calculating SETTLEMENT balances for user: 7EUSVFvzTicHY63vEFFKMqkJZKJ2
 LOG  🔍 Fetching pending invitations for user: 7EUSVFvzTicHY63vEFFKMqkJZKJ2
 LOG  🔍 Fetching pending invitations for user: 7EUSVFvzTicHY63vEFFKMqkJZKJ2
 LOG  🔍 Fetching pending invitations for user: 7EUSVFvzTicHY63vEFFKMqkJZKJ2
 LOG  🔍 Fetching pending invitations for user: 7EUSVFvzTicHY63vEFFKMqkJZKJ2
 LOG  🔍 Fetching pending invitations for user: 7EUSVFvzTicHY63vEFFKMqkJZKJ2
 LOG  🔍 Fetching pending invitations for user: 7EUSVFvzTicHY63vEFFKMqkJZKJ2
 LOG  🔍 Fetching pending invitations for user: 7EUSVFvzTicHY63vEFFKMqkJZKJ2
 LOG  📧 Found 0 sent email friend requests (existing users)
 LOG  📧 Found 0 sent email friend requests (existing users)
 LOG  📧 Found 0 sent email friend requests (existing users)
 LOG  📧 Found 0 sent email friend requests (existing users)
 LOG  📧 Found 0 sent email friend requests (existing users)
 LOG  📧 Found 0 sent email friend requests (existing users)
 LOG  📧 Found 0 sent email friend requests (existing users)
 LOG  📧 Found 0 received email friend requests (existing users)
 LOG  📧 Found 0 received email friend requests (existing users)
 LOG  📧 Found 0 received email friend requests (existing users)
 LOG  📧 Found 0 received email friend requests (existing users)
 LOG  📧 Found 0 received email friend requests (existing users)
 LOG  📧 Found 0 received email friend requests (existing users)
 LOG  📧 Found 0 received email friend requests (existing users)
 LOG  📧 Found 1 email invitations (new users)
 LOG  📋 Email invitation (new user): {"fromUserId": "7EUSVFvzTicHY63vEFFKMqkJZKJ2", "id": "itgZL3iWPKpz6kBZm0oK", "status": "sent", "toEmail": "set4@gmail.com"}
 LOG  📧 Found 1 email invitations (new users)
 LOG  📋 Email invitation (new user): {"fromUserId": "7EUSVFvzTicHY63vEFFKMqkJZKJ2", "id": "itgZL3iWPKpz6kBZm0oK", "status": "sent", "toEmail": "set4@gmail.com"}
 LOG  📧 Found 1 email invitations (new users)
 LOG  📋 Email invitation (new user): {"fromUserId": "7EUSVFvzTicHY63vEFFKMqkJZKJ2", "id": "itgZL3iWPKpz6kBZm0oK", "status": "sent", "toEmail": "set4@gmail.com"}
 LOG  📧 Found 1 email invitations (new users)
 LOG  📋 Email invitation (new user): {"fromUserId": "7EUSVFvzTicHY63vEFFKMqkJZKJ2", "id": "itgZL3iWPKpz6kBZm0oK", "status": "sent", "toEmail": "set4@gmail.com"}
 LOG  📧 Found 1 email invitations (new users)
 LOG  📋 Email invitation (new user): {"fromUserId": "7EUSVFvzTicHY63vEFFKMqkJZKJ2", "id": "itgZL3iWPKpz6kBZm0oK", "status": "sent", "toEmail": "set4@gmail.com"}
 LOG  📧 Found 1 email invitations (new users)
 LOG  📋 Email invitation (new user): {"fromUserId": "7EUSVFvzTicHY63vEFFKMqkJZKJ2", "id": "itgZL3iWPKpz6kBZm0oK", "status": "sent", "toEmail": "set4@gmail.com"}
 LOG  📧 Found 1 email invitations (new users)
 LOG  📋 Email invitation (new user): {"fromUserId": "7EUSVFvzTicHY63vEFFKMqkJZKJ2", "id": "itgZL3iWPKpz6kBZm0oK", "status": "sent", "toEmail": "set4@gmail.com"}
 LOG  📱 Found 0 pending SMS/WhatsApp invitations
 LOG  ✅ Returning 1 total pending invitations: {"newEmailUsers": 1, "receivedExistingUsers": 0, "sentExistingUsers": 0, "smsWhatsApp": 0}
 LOG  Processing 4 friendships
 LOG  Processing 2 groups
 LOG  Processing group: Office with 3 members
 LOG  Skipping group balance for Set2 - already counted as friend
 LOG  Skipping group balance for Set3 - already counted as friend
 LOG  Processing group: Home with 3 members
 LOG  Skipping group balance for Set2 - already counted as friend
 LOG  Skipping group balance for Set3 - already counted as friend
 LOG  ✅ UNIFIED balance calculation complete: {"netBalance": 33.33, "relationships": 2, "totalOwed": 66.67, "totalOwing": 33.33}
 LOG  📱 Found 0 pending SMS/WhatsApp invitations
 LOG  ✅ Returning 1 total pending invitations: {"newEmailUsers": 1, "receivedExistingUsers": 0, "sentExistingUsers": 0, "smsWhatsApp": 0}
 LOG  ✅ useBalances: Refresh complete: {"detailCount": 2, "friendsCount": 4, "netBalance": 33.33, "totalOwed": 66.67, "totalOwing": 33.33}
 LOG  📱 Found 0 pending SMS/WhatsApp invitations
 LOG  ✅ Returning 1 total pending invitations: {"newEmailUsers": 1, "receivedExistingUsers": 0, "sentExistingUsers": 0, "smsWhatsApp": 0}
 LOG  Processing 4 friendships
 LOG  Processing 2 groups
 LOG  Processing group: Office with 3 members
 LOG  Skipping group balance for Set2 - already counted as friend
 LOG  Skipping group balance for Set3 - already counted as friend
 LOG  Processing group: Home with 3 members
 LOG  Skipping group balance for Set2 - already counted as friend
 LOG  Skipping group balance for Set3 - already counted as friend
 LOG  ✅ UNIFIED balance calculation complete: {"netBalance": 33.33, "relationships": 2, "totalOwed": 66.67, "totalOwing": 33.33}
 LOG  📱 Found 0 pending SMS/WhatsApp invitations
 LOG  ✅ Returning 1 total pending invitations: {"newEmailUsers": 1, "receivedExistingUsers": 0, "sentExistingUsers": 0, "smsWhatsApp": 0}
 LOG  ✅ useBalances: Refresh complete: {"detailCount": 2, "friendsCount": 4, "netBalance": 33.33, "totalOwed": 66.67, "totalOwing": 33.33}
 LOG  📱 Found 0 pending SMS/WhatsApp invitations
 LOG  ✅ Returning 1 total pending invitations: {"newEmailUsers": 1, "receivedExistingUsers": 0, "sentExistingUsers": 0, "smsWhatsApp": 0}
 LOG  Processing 4 friendships
 LOG  Processing 2 groups
 LOG  Processing group: Office with 3 members
 LOG  Skipping group balance for Set2 - already counted as friend
 LOG  Skipping group balance for Set3 - already counted as friend
 LOG  Processing group: Home with 3 members
 LOG  Skipping group balance for Set2 - already counted as friend
 LOG  Skipping group balance for Set3 - already counted as friend
 LOG  ✅ UNIFIED balance calculation complete: {"netBalance": 33.33, "relationships": 2, "totalOwed": 66.67, "totalOwing": 33.33}
 LOG  📱 Found 0 pending SMS/WhatsApp invitations
 LOG  ✅ Returning 1 total pending invitations: {"newEmailUsers": 1, "receivedExistingUsers": 0, "sentExistingUsers": 0, "smsWhatsApp": 0}
 LOG  ✅ useBalances: Refresh complete: {"detailCount": 2, "friendsCount": 4, "netBalance": 33.33, "totalOwed": 66.67, "totalOwing": 33.33}
 LOG  📱 Found 0 pending SMS/WhatsApp invitations
 LOG  ✅ Returning 1 total pending invitations: {"newEmailUsers": 1, "receivedExistingUsers": 0, "sentExistingUsers": 0, "smsWhatsApp": 0}
 LOG  Processing 4 friendships for settlement
 LOG  Processing 2 groups for settlement
 LOG  Processing settlement balances for group: Office with 3 members
 LOG  
🔍 === DETAILED BALANCE CALCULATION ===
 LOG  👤 User1 (You): 7EUSVFvzTicHY63vEFFKMqkJZKJ2
 LOG  👤 User2 (Them): CsFleJon8thWdQ08rbztMJPsWAb2
 LOG  🏢 Group: rx01BYFAEivzEeCxd5bU
 LOG  👥 Friends tab rendering with data: {"allBalances": [{"balance": -33.33333333333333, "breakdown": [Object], "email": "set3@gmail.com", "groupId": undefined, "groupName": undefined, "name": "Set3", "source": "friend", "userId": "Jm7Sm7th1gOtpG1IttvPPIBgUG83"}, {"balance": 66.66666666666667, "breakdown": [Object], "email": "set2@gmail.com", "groupId": undefined, "groupName": undefined, "name": "Set2", "source": "friend", "userId": "CsFleJon8thWdQ08rbztMJPsWAb2"}], "friendBalances": [{"avatar": "", "balance": -33.33333333333333, "breakdown": [Object], "email": "set3@gmail.com", "lastUpdated": [Timestamp], "name": "Set3", "source": "friend", "userId": "Jm7Sm7th1gOtpG1IttvPPIBgUG83"}, {"avatar": "", "balance": 66.66666666666667, "breakdown": [Object], "email": "set2@gmail.com", "lastUpdated": [Timestamp], "name": "Set2", "source": "friend", "userId": "CsFleJon8thWdQ08rbztMJPsWAb2"}], "friendsLength": 4, "groupMemberBalances": [], "isLoading": false, "settlementBalances": [{"balance": -100, "email": "set3@gmail.com", "groupId": "aWT0Jz1AlM6jmAKNBqJW", "groupName": "Home", "name": "Set3", "source": "group", "userId": "Jm7Sm7th1gOtpG1IttvPPIBgUG83"}, {"balance": 66.67, "email": "set2@gmail.com", "groupId": "rx01BYFAEivzEeCxd5bU", "groupName": "Office", "name": "Set2", "source": "group", "userId": "CsFleJon8thWdQ08rbztMJPsWAb2"}], "settlementBalancesLength": 2}
 LOG  👥 Friend counts: {"acceptedFriends": 3, "invitedFriends": 1, "settlementBalances": 2}
 LOG  ❌ GroupDetailsModal: Not rendering - visible: false localGroupData: false
 LOG  📊 useBalances: Current state: {"friendCount": 2, "friendsDataCount": 4, "groupMemberCount": 0, "netBalance": 33.33, "totalOwed": 66.67, "totalOwing": 33.33, "totalRelationships": 2}
 LOG  📊 useBalances: Friends breakdown: [{"balance": -33.33333333333333, "name": "Set3", "source": "friend"}, {"balance": 66.66666666666667, "name": "Set2", "source": "friend"}]
 LOG  📊 useBalances: Group members breakdown: []
 LOG  📊 useBalances: Current state: {"friendCount": 2, "friendsDataCount": 4, "groupMemberCount": 0, "netBalance": 33.33, "totalOwed": 66.67, "totalOwing": 33.33, "totalRelationships": 2}
 LOG  📊 useBalances: Friends breakdown: [{"balance": -33.33333333333333, "name": "Set3", "source": "friend"}, {"balance": 66.66666666666667, "name": "Set2", "source": "friend"}]
 LOG  📊 useBalances: Group members breakdown: []
 LOG  🔄 Loading settlement balances for user: 7EUSVFvzTicHY63vEFFKMqkJZKJ2
 LOG  🔄 Calculating SETTLEMENT balances for user: 7EUSVFvzTicHY63vEFFKMqkJZKJ2
 LOG  📋 Total expenses found: 1
 LOG  
💰 Expense 1: "Woolies"
 LOG  💵 Amount: 200
 LOG  💳 Paid by: 7EUSVFvzTicHY63vEFFKMqkJZKJ2
 LOG  📊 Split data: ["7EUSVFvzTicHY63vEFFKMqkJZKJ2: 66.66666666666667 (paid: false)", "CsFleJon8thWdQ08rbztMJPsWAb2: 66.66666666666667 (paid: false)", "Jm7Sm7th1gOtpG1IttvPPIBgUG83: 66.66666666666667 (paid: false)"]
 LOG  ➕ User2 owes User1: 66.66666666666667 (UNPAID)
 LOG  📊 Expense balance: 66.66666666666667
 LOG  📊 Running total: 66.66666666666667
 LOG  
✅ === FINAL RESULT ===
 LOG  🔢 Final balance: 66.67
 LOG  💭 Interpretation: User2 owes User1
 LOG  ===============================
 LOG  💰 Settlement: Set2 in Office: 66.67
 LOG  
🔍 === DETAILED BALANCE CALCULATION ===
 LOG  👤 User1 (You): 7EUSVFvzTicHY63vEFFKMqkJZKJ2
 LOG  👤 User2 (Them): Jm7Sm7th1gOtpG1IttvPPIBgUG83
 LOG  🏢 Group: rx01BYFAEivzEeCxd5bU
 LOG  🔍 Fetching pending invitations for user: 7EUSVFvzTicHY63vEFFKMqkJZKJ2
 LOG  📋 Total expenses found: 1
 LOG  
💰 Expense 1: "Woolies"
 LOG  💵 Amount: 200
 LOG  💳 Paid by: 7EUSVFvzTicHY63vEFFKMqkJZKJ2
 LOG  📊 Split data: ["7EUSVFvzTicHY63vEFFKMqkJZKJ2: 66.66666666666667 (paid: false)", "CsFleJon8thWdQ08rbztMJPsWAb2: 66.66666666666667 (paid: false)", "Jm7Sm7th1gOtpG1IttvPPIBgUG83: 66.66666666666667 (paid: false)"]
 LOG  ➕ User2 owes User1: 66.66666666666667 (UNPAID)
 LOG  📊 Expense balance: 66.66666666666667
 LOG  📊 Running total: 66.66666666666667
 LOG  
✅ === FINAL RESULT ===
 LOG  🔢 Final balance: 66.67
 LOG  💭 Interpretation: User2 owes User1
 LOG  ===============================
 LOG  💰 Settlement: Set3 in Office: 66.67
 LOG  Processing settlement balances for group: Home with 3 members
 LOG  
🔍 === DETAILED BALANCE CALCULATION ===
 LOG  👤 User1 (You): 7EUSVFvzTicHY63vEFFKMqkJZKJ2
 LOG  👤 User2 (Them): CsFleJon8thWdQ08rbztMJPsWAb2
 LOG  🏢 Group: aWT0Jz1AlM6jmAKNBqJW
 LOG  📧 Found 0 sent email friend requests (existing users)
 LOG  📋 Total expenses found: 4
 LOG  
💰 Expense 1: "Myer"
 LOG  💵 Amount: 320
 LOG  💳 Paid by: CsFleJon8thWdQ08rbztMJPsWAb2
 LOG  📊 Split data: ["7EUSVFvzTicHY63vEFFKMqkJZKJ2: 106.66666666666667 (paid: true)", "CsFleJon8thWdQ08rbztMJPsWAb2: 106.66666666666667 (paid: false)", "Jm7Sm7th1gOtpG1IttvPPIBgUG83: 106.66666666666667 (paid: false)"]
 LOG  ✅ User1 split: 106.66666666666667 (ALREADY PAID)
 LOG  📊 Expense balance: 0
 LOG  📊 Running total: 0
 LOG  
💰 Expense 2: "Coles"
 LOG  💵 Amount: 200
 LOG  💳 Paid by: Jm7Sm7th1gOtpG1IttvPPIBgUG83
 LOG  📊 Split data: ["7EUSVFvzTicHY63vEFFKMqkJZKJ2: 100 (paid: false)", "Jm7Sm7th1gOtpG1IttvPPIBgUG83: 100 (paid: false)"]
 LOG  👥 Someone else paid (Jm7Sm7th1gOtpG1IttvPPIBgUG83) - no direct balance impact
 LOG  📊 Expense balance: 0
 LOG  📊 Running total: 0
 LOG  
💰 Expense 3: "Icecream"
 LOG  💵 Amount: 250
 LOG  💳 Paid by: CsFleJon8thWdQ08rbztMJPsWAb2
 LOG  📊 Split data: ["7EUSVFvzTicHY63vEFFKMqkJZKJ2: 83.33333333333333 (paid: true)", "CsFleJon8thWdQ08rbztMJPsWAb2: 83.33333333333333 (paid: false)", "Jm7Sm7th1gOtpG1IttvPPIBgUG83: 83.33333333333333 (paid: false)"]
 LOG  ✅ User1 split: 83.33333333333333 (ALREADY PAID)
 LOG  📊 Expense balance: 0
 LOG  📊 Running total: 0
 LOG  
💰 Expense 4: "Dinner"
 LOG  💵 Amount: 150
 LOG  💳 Paid by: 7EUSVFvzTicHY63vEFFKMqkJZKJ2
 LOG  📊 Split data: ["7EUSVFvzTicHY63vEFFKMqkJZKJ2: 50 (paid: false)", "CsFleJon8thWdQ08rbztMJPsWAb2: 50 (paid: true)", "Jm7Sm7th1gOtpG1IttvPPIBgUG83: 50 (paid: true)"]
 LOG  ✅ User2 split: 50 (ALREADY PAID)
 LOG  📊 Expense balance: 0
 LOG  📊 Running total: 0
 LOG  
✅ === FINAL RESULT ===
 LOG  🔢 Final balance: 0
 LOG  💭 Interpretation: No balance
 LOG  ===============================
 LOG  
🔍 === DETAILED BALANCE CALCULATION ===
 LOG  👤 User1 (You): 7EUSVFvzTicHY63vEFFKMqkJZKJ2
 LOG  👤 User2 (Them): Jm7Sm7th1gOtpG1IttvPPIBgUG83
 LOG  🏢 Group: aWT0Jz1AlM6jmAKNBqJW
 LOG  📧 Found 0 received email friend requests (existing users)
 LOG  📋 Total expenses found: 4
 LOG  
💰 Expense 1: "Myer"
 LOG  💵 Amount: 320
 LOG  💳 Paid by: CsFleJon8thWdQ08rbztMJPsWAb2
 LOG  📊 Split data: ["7EUSVFvzTicHY63vEFFKMqkJZKJ2: 106.66666666666667 (paid: true)", "CsFleJon8thWdQ08rbztMJPsWAb2: 106.66666666666667 (paid: false)", "Jm7Sm7th1gOtpG1IttvPPIBgUG83: 106.66666666666667 (paid: false)"]
 LOG  👥 Someone else paid (CsFleJon8thWdQ08rbztMJPsWAb2) - no direct balance impact
 LOG  📊 Expense balance: 0
 LOG  📊 Running total: 0
 LOG  
💰 Expense 2: "Coles"
 LOG  💵 Amount: 200
 LOG  💳 Paid by: Jm7Sm7th1gOtpG1IttvPPIBgUG83
 LOG  📊 Split data: ["7EUSVFvzTicHY63vEFFKMqkJZKJ2: 100 (paid: false)", "Jm7Sm7th1gOtpG1IttvPPIBgUG83: 100 (paid: false)"]
 LOG  ➖ User1 owes User2: 100 (UNPAID)
 LOG  📊 Expense balance: -100
 LOG  📊 Running total: -100
 LOG  
💰 Expense 3: "Icecream"
 LOG  💵 Amount: 250
 LOG  💳 Paid by: CsFleJon8thWdQ08rbztMJPsWAb2
 LOG  📊 Split data: ["7EUSVFvzTicHY63vEFFKMqkJZKJ2: 83.33333333333333 (paid: true)", "CsFleJon8thWdQ08rbztMJPsWAb2: 83.33333333333333 (paid: false)", "Jm7Sm7th1gOtpG1IttvPPIBgUG83: 83.33333333333333 (paid: false)"]
 LOG  👥 Someone else paid (CsFleJon8thWdQ08rbztMJPsWAb2) - no direct balance impact
 LOG  📊 Expense balance: 0
 LOG  📊 Running total: -100
 LOG  
💰 Expense 4: "Dinner"
 LOG  💵 Amount: 150
 LOG  💳 Paid by: 7EUSVFvzTicHY63vEFFKMqkJZKJ2
 LOG  📊 Split data: ["7EUSVFvzTicHY63vEFFKMqkJZKJ2: 50 (paid: false)", "CsFleJon8thWdQ08rbztMJPsWAb2: 50 (paid: true)", "Jm7Sm7th1gOtpG1IttvPPIBgUG83: 50 (paid: true)"]
 LOG  ✅ User2 split: 50 (ALREADY PAID)
 LOG  📊 Expense balance: 0
 LOG  📊 Running total: -100
 LOG  
✅ === FINAL RESULT ===
 LOG  🔢 Final balance: -100
 LOG  💭 Interpretation: User1 owes User2
 LOG  ===============================
 LOG  💰 Settlement: Set3 in Home: -100
 LOG  ✅ SETTLEMENT balance calculation complete: {"friendEntries": 2, "groupEntries": 3, "totalEntries": 5}
 LOG  📊 Raw settlement balances from friendsBalances: [{"avatar": "", "balance": -33.33333333333333, "breakdown": {"fromFriendships": -33.33333333333333, "fromGroups": [Object]}, "email": "set3@gmail.com", "lastUpdated": [Object], "name": "Set3", "source": "friend", "userId": "Jm7Sm7th1gOtpG1IttvPPIBgUG83"}, {"avatar": "", "balance": 66.66666666666667, "breakdown": {"fromFriendships": 66.66666666666667, "fromGroups": [Object]}, "email": "set2@gmail.com", "lastUpdated": [Object], "name": "Set2", "source": "friend", "userId": "CsFleJon8thWdQ08rbztMJPsWAb2"}, {"avatar": "", "balance": 66.67, "breakdown": {"fromFriendships": 0, "fromGroups": [Object]}, "email": "set2@gmail.com", "groupId": "rx01BYFAEivzEeCxd5bU", "groupName": "Office", "lastUpdated": 2025-08-01T22:51:39.448Z, "name": "Set2", "source": "group", "userId": "CsFleJon8thWdQ08rbztMJPsWAb2"}, {"avatar": "", "balance": 66.67, "breakdown": {"fromFriendships": 0, "fromGroups": [Object]}, "email": "set3@gmail.com", "groupId": "rx01BYFAEivzEeCxd5bU", "groupName": "Office", "lastUpdated": 2025-08-01T22:51:39.513Z, "name": "Set3", "source": "group", "userId": "Jm7Sm7th1gOtpG1IttvPPIBgUG83"}, {"avatar": "", "balance": -100, "breakdown": {"fromFriendships": 0, "fromGroups": [Object]}, "email": "set3@gmail.com", "groupId": "aWT0Jz1AlM6jmAKNBqJW", "groupName": "Home", "lastUpdated": 2025-08-01T22:51:39.666Z, "name": "Set3", "source": "group", "userId": "Jm7Sm7th1gOtpG1IttvPPIBgUG83"}]
 LOG  👥 Settlement balances after processing: 2 entries
 LOG  👥 Non-zero balances: 5
 LOG  👥 Settled friends added: 0
 LOG  👥 Detailed settlement balances: [{"balance": -100, "email": "set3@gmail.com", "groupId": "aWT0Jz1AlM6jmAKNBqJW", "groupName": "Home", "name": "Set3", "source": "group", "userId": "Jm7Sm7th1gOtpG1IttvPPIBgUG83"}, {"balance": 66.67, "email": "set2@gmail.com", "groupId": "rx01BYFAEivzEeCxd5bU", "groupName": "Office", "name": "Set2", "source": "group", "userId": "CsFleJon8thWdQ08rbztMJPsWAb2"}]
 LOG  👥 Friends tab rendering with data: {"allBalances": [{"balance": -33.33333333333333, "breakdown": [Object], "email": "set3@gmail.com", "groupId": undefined, "groupName": undefined, "name": "Set3", "source": "friend", "userId": "Jm7Sm7th1gOtpG1IttvPPIBgUG83"}, {"balance": 66.66666666666667, "breakdown": [Object], "email": "set2@gmail.com", "groupId": undefined, "groupName": undefined, "name": "Set2", "source": "friend", "userId": "CsFleJon8thWdQ08rbztMJPsWAb2"}], "friendBalances": [{"avatar": "", "balance": -33.33333333333333, "breakdown": [Object], "email": "set3@gmail.com", "lastUpdated": [Timestamp], "name": "Set3", "source": "friend", "userId": "Jm7Sm7th1gOtpG1IttvPPIBgUG83"}, {"avatar": "", "balance": 66.66666666666667, "breakdown": [Object], "email": "set2@gmail.com", "lastUpdated": [Timestamp], "name": "Set2", "source": "friend", "userId": "CsFleJon8thWdQ08rbztMJPsWAb2"}], "friendsLength": 4, "groupMemberBalances": [], "isLoading": false, "settlementBalances": [{"balance": -100, "email": "set3@gmail.com", "groupId": "aWT0Jz1AlM6jmAKNBqJW", "groupName": "Home", "name": "Set3", "source": "group", "userId": "Jm7Sm7th1gOtpG1IttvPPIBgUG83"}, {"balance": 66.67, "email": "set2@gmail.com", "groupId": "rx01BYFAEivzEeCxd5bU", "groupName": "Office", "name": "Set2", "source": "group", "userId": "CsFleJon8thWdQ08rbztMJPsWAb2"}], "settlementBalancesLength": 2}
 LOG  👥 Friend counts: {"acceptedFriends": 3, "invitedFriends": 1, "settlementBalances": 2}
 LOG  ❌ GroupDetailsModal: Not rendering - visible: false localGroupData: false
 LOG  📧 Found 1 email invitations (new users)
 LOG  📋 Email invitation (new user): {"fromUserId": "7EUSVFvzTicHY63vEFFKMqkJZKJ2", "id": "itgZL3iWPKpz6kBZm0oK", "status": "sent", "toEmail": "set4@gmail.com"}
 LOG  📱 Found 0 pending SMS/WhatsApp invitations
 LOG  ✅ Returning 1 total pending invitations: {"newEmailUsers": 1, "receivedExistingUsers": 0, "sentExistingUsers": 0, "smsWhatsApp": 0}
 LOG  Processing 4 friendships for settlement
 LOG  Processing 2 groups for settlement
 LOG  Processing settlement balances for group: Office with 3 members
 LOG  
🔍 === DETAILED BALANCE CALCULATION ===
 LOG  👤 User1 (You): 7EUSVFvzTicHY63vEFFKMqkJZKJ2
 LOG  👤 User2 (Them): CsFleJon8thWdQ08rbztMJPsWAb2
 LOG  🏢 Group: rx01BYFAEivzEeCxd5bU
 LOG  📋 Total expenses found: 1
 LOG  
💰 Expense 1: "Woolies"
 LOG  💵 Amount: 200
 LOG  💳 Paid by: 7EUSVFvzTicHY63vEFFKMqkJZKJ2
 LOG  📊 Split data: ["7EUSVFvzTicHY63vEFFKMqkJZKJ2: 66.66666666666667 (paid: false)", "CsFleJon8thWdQ08rbztMJPsWAb2: 66.66666666666667 (paid: false)", "Jm7Sm7th1gOtpG1IttvPPIBgUG83: 66.66666666666667 (paid: false)"]
 LOG  ➕ User2 owes User1: 66.66666666666667 (UNPAID)
 LOG  📊 Expense balance: 66.66666666666667
 LOG  📊 Running total: 66.66666666666667
 LOG  
✅ === FINAL RESULT ===
 LOG  🔢 Final balance: 66.67
 LOG  💭 Interpretation: User2 owes User1
 LOG  ===============================
 LOG  💰 Settlement: Set2 in Office: 66.67
 LOG  
🔍 === DETAILED BALANCE CALCULATION ===
 LOG  👤 User1 (You): 7EUSVFvzTicHY63vEFFKMqkJZKJ2
 LOG  👤 User2 (Them): Jm7Sm7th1gOtpG1IttvPPIBgUG83
 LOG  🏢 Group: rx01BYFAEivzEeCxd5bU
 LOG  📋 Total expenses found: 1
 LOG  
💰 Expense 1: "Woolies"
 LOG  💵 Amount: 200
 LOG  💳 Paid by: 7EUSVFvzTicHY63vEFFKMqkJZKJ2
 LOG  📊 Split data: ["7EUSVFvzTicHY63vEFFKMqkJZKJ2: 66.66666666666667 (paid: false)", "CsFleJon8thWdQ08rbztMJPsWAb2: 66.66666666666667 (paid: false)", "Jm7Sm7th1gOtpG1IttvPPIBgUG83: 66.66666666666667 (paid: false)"]
 LOG  ➕ User2 owes User1: 66.66666666666667 (UNPAID)
 LOG  📊 Expense balance: 66.66666666666667
 LOG  📊 Running total: 66.66666666666667
 LOG  
✅ === FINAL RESULT ===
 LOG  🔢 Final balance: 66.67
 LOG  💭 Interpretation: User2 owes User1
 LOG  ===============================
 LOG  💰 Settlement: Set3 in Office: 66.67
 LOG  Processing settlement balances for group: Home with 3 members
 LOG  
🔍 === DETAILED BALANCE CALCULATION ===
 LOG  👤 User1 (You): 7EUSVFvzTicHY63vEFFKMqkJZKJ2
 LOG  👤 User2 (Them): CsFleJon8thWdQ08rbztMJPsWAb2
 LOG  🏢 Group: aWT0Jz1AlM6jmAKNBqJW
 LOG  📋 Total expenses found: 4
 LOG  
💰 Expense 1: "Myer"
 LOG  💵 Amount: 320
 LOG  💳 Paid by: CsFleJon8thWdQ08rbztMJPsWAb2
 LOG  📊 Split data: ["7EUSVFvzTicHY63vEFFKMqkJZKJ2: 106.66666666666667 (paid: true)", "CsFleJon8thWdQ08rbztMJPsWAb2: 106.66666666666667 (paid: false)", "Jm7Sm7th1gOtpG1IttvPPIBgUG83: 106.66666666666667 (paid: false)"]
 LOG  ✅ User1 split: 106.66666666666667 (ALREADY PAID)
 LOG  📊 Expense balance: 0
 LOG  📊 Running total: 0
 LOG  
💰 Expense 2: "Coles"
 LOG  💵 Amount: 200
 LOG  💳 Paid by: Jm7Sm7th1gOtpG1IttvPPIBgUG83
 LOG  📊 Split data: ["7EUSVFvzTicHY63vEFFKMqkJZKJ2: 100 (paid: false)", "Jm7Sm7th1gOtpG1IttvPPIBgUG83: 100 (paid: false)"]
 LOG  👥 Someone else paid (Jm7Sm7th1gOtpG1IttvPPIBgUG83) - no direct balance impact
 LOG  📊 Expense balance: 0
 LOG  📊 Running total: 0
 LOG  
💰 Expense 3: "Icecream"
 LOG  💵 Amount: 250
 LOG  💳 Paid by: CsFleJon8thWdQ08rbztMJPsWAb2
 LOG  📊 Split data: ["7EUSVFvzTicHY63vEFFKMqkJZKJ2: 83.33333333333333 (paid: true)", "CsFleJon8thWdQ08rbztMJPsWAb2: 83.33333333333333 (paid: false)", "Jm7Sm7th1gOtpG1IttvPPIBgUG83: 83.33333333333333 (paid: false)"]
 LOG  ✅ User1 split: 83.33333333333333 (ALREADY PAID)
 LOG  📊 Expense balance: 0
 LOG  📊 Running total: 0
 LOG  
💰 Expense 4: "Dinner"
 LOG  💵 Amount: 150
 LOG  💳 Paid by: 7EUSVFvzTicHY63vEFFKMqkJZKJ2
 LOG  📊 Split data: ["7EUSVFvzTicHY63vEFFKMqkJZKJ2: 50 (paid: false)", "CsFleJon8thWdQ08rbztMJPsWAb2: 50 (paid: true)", "Jm7Sm7th1gOtpG1IttvPPIBgUG83: 50 (paid: true)"]
 LOG  ✅ User2 split: 50 (ALREADY PAID)
 LOG  📊 Expense balance: 0
 LOG  📊 Running total: 0
 LOG  
✅ === FINAL RESULT ===
 LOG  🔢 Final balance: 0
 LOG  💭 Interpretation: No balance
 LOG  ===============================
 LOG  
🔍 === DETAILED BALANCE CALCULATION ===
 LOG  👤 User1 (You): 7EUSVFvzTicHY63vEFFKMqkJZKJ2
 LOG  👤 User2 (Them): Jm7Sm7th1gOtpG1IttvPPIBgUG83
 LOG  🏢 Group: aWT0Jz1AlM6jmAKNBqJW
 LOG  📋 Total expenses found: 4
 LOG  
💰 Expense 1: "Myer"
 LOG  💵 Amount: 320
 LOG  💳 Paid by: CsFleJon8thWdQ08rbztMJPsWAb2
 LOG  📊 Split data: ["7EUSVFvzTicHY63vEFFKMqkJZKJ2: 106.66666666666667 (paid: true)", "CsFleJon8thWdQ08rbztMJPsWAb2: 106.66666666666667 (paid: false)", "Jm7Sm7th1gOtpG1IttvPPIBgUG83: 106.66666666666667 (paid: false)"]
 LOG  👥 Someone else paid (CsFleJon8thWdQ08rbztMJPsWAb2) - no direct balance impact
 LOG  📊 Expense balance: 0
 LOG  📊 Running total: 0
 LOG  
💰 Expense 2: "Coles"
 LOG  💵 Amount: 200
 LOG  💳 Paid by: Jm7Sm7th1gOtpG1IttvPPIBgUG83
 LOG  📊 Split data: ["7EUSVFvzTicHY63vEFFKMqkJZKJ2: 100 (paid: false)", "Jm7Sm7th1gOtpG1IttvPPIBgUG83: 100 (paid: false)"]
 LOG  ➖ User1 owes User2: 100 (UNPAID)
 LOG  📊 Expense balance: -100
 LOG  📊 Running total: -100
 LOG  
💰 Expense 3: "Icecream"
 LOG  💵 Amount: 250
 LOG  💳 Paid by: CsFleJon8thWdQ08rbztMJPsWAb2
 LOG  📊 Split data: ["7EUSVFvzTicHY63vEFFKMqkJZKJ2: 83.33333333333333 (paid: true)", "CsFleJon8thWdQ08rbztMJPsWAb2: 83.33333333333333 (paid: false)", "Jm7Sm7th1gOtpG1IttvPPIBgUG83: 83.33333333333333 (paid: false)"]
 LOG  👥 Someone else paid (CsFleJon8thWdQ08rbztMJPsWAb2) - no direct balance impact
 LOG  📊 Expense balance: 0
 LOG  📊 Running total: -100
 LOG  
💰 Expense 4: "Dinner"
 LOG  💵 Amount: 150
 LOG  💳 Paid by: 7EUSVFvzTicHY63vEFFKMqkJZKJ2
 LOG  📊 Split data: ["7EUSVFvzTicHY63vEFFKMqkJZKJ2: 50 (paid: false)", "CsFleJon8thWdQ08rbztMJPsWAb2: 50 (paid: true)", "Jm7Sm7th1gOtpG1IttvPPIBgUG83: 50 (paid: true)"]
 LOG  ✅ User2 split: 50 (ALREADY PAID)
 LOG  📊 Expense balance: 0
 LOG  📊 Running total: -100
 LOG  
✅ === FINAL RESULT ===
 LOG  🔢 Final balance: -100
 LOG  💭 Interpretation: User1 owes User2
 LOG  ===============================
 LOG  💰 Settlement: Set3 in Home: -100
 LOG  ✅ SETTLEMENT balance calculation complete: {"friendEntries": 2, "groupEntries": 3, "totalEntries": 5}
 LOG  📊 Raw settlement balances from friendsBalances: [{"avatar": "", "balance": -33.33333333333333, "breakdown": {"fromFriendships": -33.33333333333333, "fromGroups": [Object]}, "email": "set3@gmail.com", "lastUpdated": [Object], "name": "Set3", "source": "friend", "userId": "Jm7Sm7th1gOtpG1IttvPPIBgUG83"}, {"avatar": "", "balance": 66.66666666666667, "breakdown": {"fromFriendships": 66.66666666666667, "fromGroups": [Object]}, "email": "set2@gmail.com", "lastUpdated": [Object], "name": "Set2", "source": "friend", "userId": "CsFleJon8thWdQ08rbztMJPsWAb2"}, {"avatar": "", "balance": 66.67, "breakdown": {"fromFriendships": 0, "fromGroups": [Object]}, "email": "set2@gmail.com", "groupId": "rx01BYFAEivzEeCxd5bU", "groupName": "Office", "lastUpdated": 2025-08-01T22:51:39.880Z, "name": "Set2", "source": "group", "userId": "CsFleJon8thWdQ08rbztMJPsWAb2"}, {"avatar": "", "balance": 66.67, "breakdown": {"fromFriendships": 0, "fromGroups": [Object]}, "email": "set3@gmail.com", "groupId": "rx01BYFAEivzEeCxd5bU", "groupName": "Office", "lastUpdated": 2025-08-01T22:51:39.983Z, "name": "Set3", "source": "group", "userId": "Jm7Sm7th1gOtpG1IttvPPIBgUG83"}, {"avatar": "", "balance": -100, "breakdown": {"fromFriendships": 0, "fromGroups": [Object]}, "email": "set3@gmail.com", "groupId": "aWT0Jz1AlM6jmAKNBqJW", "groupName": "Home", "lastUpdated": 2025-08-01T22:51:40.185Z, "name": "Set3", "source": "group", "userId": "Jm7Sm7th1gOtpG1IttvPPIBgUG83"}]
 LOG  👥 Settlement balances after processing: 2 entries
 LOG  👥 Non-zero balances: 5
 LOG  👥 Settled friends added: 0
 LOG  👥 Detailed settlement balances: [{"balance": -100, "email": "set3@gmail.com", "groupId": "aWT0Jz1AlM6jmAKNBqJW", "groupName": "Home", "name": "Set3", "source": "group", "userId": "Jm7Sm7th1gOtpG1IttvPPIBgUG83"}, {"balance": 66.67, "email": "set2@gmail.com", "groupId": "rx01BYFAEivzEeCxd5bU", "groupName": "Office", "name": "Set2", "source": "group", "userId": "CsFleJon8thWdQ08rbztMJPsWAb2"}]
 LOG  👥 Friends tab rendering with data: {"allBalances": [{"balance": -33.33333333333333, "breakdown": [Object], "email": "set3@gmail.com", "groupId": undefined, "groupName": undefined, "name": "Set3", "source": "friend", "userId": "Jm7Sm7th1gOtpG1IttvPPIBgUG83"}, {"balance": 66.66666666666667, "breakdown": [Object], "email": "set2@gmail.com", "groupId": undefined, "groupName": undefined, "name": "Set2", "source": "friend", "userId": "CsFleJon8thWdQ08rbztMJPsWAb2"}], "friendBalances": [{"avatar": "", "balance": -33.33333333333333, "breakdown": [Object], "email": "set3@gmail.com", "lastUpdated": [Timestamp], "name": "Set3", "source": "friend", "userId": "Jm7Sm7th1gOtpG1IttvPPIBgUG83"}, {"avatar": "", "balance": 66.66666666666667, "breakdown": [Object], "email": "set2@gmail.com", "lastUpdated": [Timestamp], "name": "Set2", "source": "friend", "userId": "CsFleJon8thWdQ08rbztMJPsWAb2"}], "friendsLength": 4, "groupMemberBalances": [], "isLoading": false, "settlementBalances": [{"balance": -100, "email": "set3@gmail.com", "groupId": "aWT0Jz1AlM6jmAKNBqJW", "groupName": "Home", "name": "Set3", "source": "group", "userId": "Jm7Sm7th1gOtpG1IttvPPIBgUG83"}, {"balance": 66.67, "email": "set2@gmail.com", "groupId": "rx01BYFAEivzEeCxd5bU", "groupName": "Office", "name": "Set2", "source": "group", "userId": "CsFleJon8thWdQ08rbztMJPsWAb2"}], "settlementBalancesLength": 2}
 LOG  👥 Friend counts: {"acceptedFriends": 3, "invitedFriends": 1, "settlementBalances": 2}
 LOG  ❌ GroupDetailsModal: Not rendering - visible: false localGroupData: false
 LOG  🏷️  Rendering group card: Office
 LOG  💳 Group balance from map: 133.34
 LOG  📊 Display: owed 133.34
 LOG  🏷️  Rendering group card: Home
 LOG  💳 Group balance from map: -100
 LOG  📊 Display: owes 100
 LOG  ❌ GroupDetailsModal: Not rendering - visible: false localGroupData: false
 LOG  🏷️  Rendering group card: Office
 LOG  💳 Group balance from map: 133.34
 LOG  📊 Display: owed 133.34
 LOG  🏷️  Rendering group card: Home
 LOG  💳 Group balance from map: -100
 LOG  📊 Display: owes 100
 LOG  ❌ GroupDetailsModal: Not rendering - visible: false localGroupData: false
 LOG  🔄 Calculating balances for 2 groups
 LOG  
📊 Calculating balance for group: Office (rx01BYFAEivzEeCxd5bU)
 LOG  👥 Group members: 3
 LOG  ⏭️  Skipping self: Set
 LOG  
🔍 === DETAILED BALANCE CALCULATION ===
 LOG  👤 User1 (You): 7EUSVFvzTicHY63vEFFKMqkJZKJ2
 LOG  👤 User2 (Them): CsFleJon8thWdQ08rbztMJPsWAb2
 LOG  🏢 Group: rx01BYFAEivzEeCxd5bU
 LOG  📋 Total expenses found: 1
 LOG  
💰 Expense 1: "Woolies"
 LOG  💵 Amount: 200
 LOG  💳 Paid by: 7EUSVFvzTicHY63vEFFKMqkJZKJ2
 LOG  📊 Split data: ["7EUSVFvzTicHY63vEFFKMqkJZKJ2: 66.66666666666667 (paid: false)", "CsFleJon8thWdQ08rbztMJPsWAb2: 66.66666666666667 (paid: false)", "Jm7Sm7th1gOtpG1IttvPPIBgUG83: 66.66666666666667 (paid: false)"]
 LOG  ➕ User2 owes User1: 66.66666666666667 (UNPAID)
 LOG  📊 Expense balance: 66.66666666666667
 LOG  📊 Running total: 66.66666666666667
 LOG  
✅ === FINAL RESULT ===
 LOG  🔢 Final balance: 66.67
 LOG  💭 Interpretation: User2 owes User1
 LOG  ===============================
 LOG  💰 Balance with Set2: 66.67
 LOG  
🔍 === DETAILED BALANCE CALCULATION ===
 LOG  👤 User1 (You): 7EUSVFvzTicHY63vEFFKMqkJZKJ2
 LOG  👤 User2 (Them): Jm7Sm7th1gOtpG1IttvPPIBgUG83
 LOG  🏢 Group: rx01BYFAEivzEeCxd5bU
 LOG  📋 Total expenses found: 1
 LOG  
💰 Expense 1: "Woolies"
 LOG  💵 Amount: 200
 LOG  💳 Paid by: 7EUSVFvzTicHY63vEFFKMqkJZKJ2
 LOG  📊 Split data: ["7EUSVFvzTicHY63vEFFKMqkJZKJ2: 66.66666666666667 (paid: false)", "CsFleJon8thWdQ08rbztMJPsWAb2: 66.66666666666667 (paid: false)", "Jm7Sm7th1gOtpG1IttvPPIBgUG83: 66.66666666666667 (paid: false)"]
 LOG  ➕ User2 owes User1: 66.66666666666667 (UNPAID)
 LOG  📊 Expense balance: 66.66666666666667
 LOG  📊 Running total: 66.66666666666667
 LOG  
✅ === FINAL RESULT ===
 LOG  🔢 Final balance: 66.67
 LOG  💭 Interpretation: User2 owes User1
 LOG  ===============================
 LOG  💰 Balance with Set3: 66.67
 LOG  ✅ Total balance for Office: 133.34
 LOG  
📊 Calculating balance for group: Home (aWT0Jz1AlM6jmAKNBqJW)
 LOG  👥 Group members: 3
 LOG  ⏭️  Skipping self: Set
 LOG  
🔍 === DETAILED BALANCE CALCULATION ===
 LOG  👤 User1 (You): 7EUSVFvzTicHY63vEFFKMqkJZKJ2
 LOG  👤 User2 (Them): CsFleJon8thWdQ08rbztMJPsWAb2
 LOG  🏢 Group: aWT0Jz1AlM6jmAKNBqJW
 LOG  📋 Total expenses found: 4
 LOG  
💰 Expense 1: "Myer"
 LOG  💵 Amount: 320
 LOG  💳 Paid by: CsFleJon8thWdQ08rbztMJPsWAb2
 LOG  📊 Split data: ["7EUSVFvzTicHY63vEFFKMqkJZKJ2: 106.66666666666667 (paid: true)", "CsFleJon8thWdQ08rbztMJPsWAb2: 106.66666666666667 (paid: false)", "Jm7Sm7th1gOtpG1IttvPPIBgUG83: 106.66666666666667 (paid: false)"]
 LOG  ✅ User1 split: 106.66666666666667 (ALREADY PAID)
 LOG  📊 Expense balance: 0
 LOG  📊 Running total: 0
 LOG  
💰 Expense 2: "Coles"
 LOG  💵 Amount: 200
 LOG  💳 Paid by: Jm7Sm7th1gOtpG1IttvPPIBgUG83
 LOG  📊 Split data: ["7EUSVFvzTicHY63vEFFKMqkJZKJ2: 100 (paid: false)", "Jm7Sm7th1gOtpG1IttvPPIBgUG83: 100 (paid: false)"]
 LOG  👥 Someone else paid (Jm7Sm7th1gOtpG1IttvPPIBgUG83) - no direct balance impact
 LOG  📊 Expense balance: 0
 LOG  📊 Running total: 0
 LOG  
💰 Expense 3: "Icecream"
 LOG  💵 Amount: 250
 LOG  💳 Paid by: CsFleJon8thWdQ08rbztMJPsWAb2
 LOG  📊 Split data: ["7EUSVFvzTicHY63vEFFKMqkJZKJ2: 83.33333333333333 (paid: true)", "CsFleJon8thWdQ08rbztMJPsWAb2: 83.33333333333333 (paid: false)", "Jm7Sm7th1gOtpG1IttvPPIBgUG83: 83.33333333333333 (paid: false)"]
 LOG  ✅ User1 split: 83.33333333333333 (ALREADY PAID)
 LOG  📊 Expense balance: 0
 LOG  📊 Running total: 0
 LOG  
💰 Expense 4: "Dinner"
 LOG  💵 Amount: 150
 LOG  💳 Paid by: 7EUSVFvzTicHY63vEFFKMqkJZKJ2
 LOG  📊 Split data: ["7EUSVFvzTicHY63vEFFKMqkJZKJ2: 50 (paid: false)", "CsFleJon8thWdQ08rbztMJPsWAb2: 50 (paid: true)", "Jm7Sm7th1gOtpG1IttvPPIBgUG83: 50 (paid: true)"]
 LOG  ✅ User2 split: 50 (ALREADY PAID)
 LOG  📊 Expense balance: 0
 LOG  📊 Running total: 0
 LOG  
✅ === FINAL RESULT ===
 LOG  🔢 Final balance: 0
 LOG  💭 Interpretation: No balance
 LOG  ===============================
 LOG  💰 Balance with Set2: 0
 LOG  
🔍 === DETAILED BALANCE CALCULATION ===
 LOG  👤 User1 (You): 7EUSVFvzTicHY63vEFFKMqkJZKJ2
 LOG  👤 User2 (Them): Jm7Sm7th1gOtpG1IttvPPIBgUG83
 LOG  🏢 Group: aWT0Jz1AlM6jmAKNBqJW
 LOG  📋 Total expenses found: 4
 LOG  
💰 Expense 1: "Myer"
 LOG  💵 Amount: 320
 LOG  💳 Paid by: CsFleJon8thWdQ08rbztMJPsWAb2
 LOG  📊 Split data: ["7EUSVFvzTicHY63vEFFKMqkJZKJ2: 106.66666666666667 (paid: true)", "CsFleJon8thWdQ08rbztMJPsWAb2: 106.66666666666667 (paid: false)", "Jm7Sm7th1gOtpG1IttvPPIBgUG83: 106.66666666666667 (paid: false)"]
 LOG  👥 Someone else paid (CsFleJon8thWdQ08rbztMJPsWAb2) - no direct balance impact
 LOG  📊 Expense balance: 0
 LOG  📊 Running total: 0
 LOG  
💰 Expense 2: "Coles"
 LOG  💵 Amount: 200
 LOG  💳 Paid by: Jm7Sm7th1gOtpG1IttvPPIBgUG83
 LOG  📊 Split data: ["7EUSVFvzTicHY63vEFFKMqkJZKJ2: 100 (paid: false)", "Jm7Sm7th1gOtpG1IttvPPIBgUG83: 100 (paid: false)"]
 LOG  ➖ User1 owes User2: 100 (UNPAID)
 LOG  📊 Expense balance: -100
 LOG  📊 Running total: -100
 LOG  
💰 Expense 3: "Icecream"
 LOG  💵 Amount: 250
 LOG  💳 Paid by: CsFleJon8thWdQ08rbztMJPsWAb2
 LOG  📊 Split data: ["7EUSVFvzTicHY63vEFFKMqkJZKJ2: 83.33333333333333 (paid: true)", "CsFleJon8thWdQ08rbztMJPsWAb2: 83.33333333333333 (paid: false)", "Jm7Sm7th1gOtpG1IttvPPIBgUG83: 83.33333333333333 (paid: false)"]
 LOG  👥 Someone else paid (CsFleJon8thWdQ08rbztMJPsWAb2) - no direct balance impact
 LOG  📊 Expense balance: 0
 LOG  📊 Running total: -100
 LOG  
💰 Expense 4: "Dinner"
 LOG  💵 Amount: 150
 LOG  💳 Paid by: 7EUSVFvzTicHY63vEFFKMqkJZKJ2
 LOG  📊 Split data: ["7EUSVFvzTicHY63vEFFKMqkJZKJ2: 50 (paid: false)", "CsFleJon8thWdQ08rbztMJPsWAb2: 50 (paid: true)", "Jm7Sm7th1gOtpG1IttvPPIBgUG83: 50 (paid: true)"]
 LOG  ✅ User2 split: 50 (ALREADY PAID)
 LOG  📊 Expense balance: 0
 LOG  📊 Running total: -100
 LOG  
✅ === FINAL RESULT ===
 LOG  🔢 Final balance: -100
 LOG  💭 Interpretation: User1 owes User2
 LOG  ===============================
 LOG  💰 Balance with Set3: -100
 LOG  ✅ Total balance for Home: -100
 LOG  📋 Final group balances: [["rx01BYFAEivzEeCxd5bU", 133.34], ["aWT0Jz1AlM6jmAKNBqJW", -100]]
 LOG  🏷️  Rendering group card: Office
 LOG  💳 Group balance from map: 133.34
 LOG  📊 Display: owed 133.34
 LOG  🏷️  Rendering group card: Home
 LOG  💳 Group balance from map: -100
 LOG  📊 Display: owes 100
 LOG  ❌ GroupDetailsModal: Not rendering - visible: false localGroupData: false
 LOG  🔄 Opening settlement screen with config: {"filter": "groups", "groupId": "aWT0Jz1AlM6jmAKNBqJW"}
 LOG  🔔 useBalances: Balance change notification received
 LOG  🔄 useBalances: Refreshing with UnifiedSettlementService
 LOG  🔄 Calculating UNIFIED balances for user: 7EUSVFvzTicHY63vEFFKMqkJZKJ2
 LOG  🔔 useBalances: Balance change notification received
 LOG  🔄 useBalances: Refreshing with UnifiedSettlementService
 LOG  🔄 Calculating UNIFIED balances for user: 7EUSVFvzTicHY63vEFFKMqkJZKJ2
 LOG  🏷️  Rendering group card: Office
 LOG  💳 Group balance from map: 133.34
 LOG  📊 Display: owed 133.34
 LOG  🏷️  Rendering group card: Home
 LOG  💳 Group balance from map: -100
 LOG  📊 Display: owes 100
 LOG  ❌ GroupDetailsModal: Not rendering - visible: false localGroupData: false
 LOG  🚀 useBalances: Initial load for user: 7EUSVFvzTicHY63vEFFKMqkJZKJ2
 LOG  🔄 useBalances: Refreshing with UnifiedSettlementService
 LOG  🔄 Calculating UNIFIED balances for user: 7EUSVFvzTicHY63vEFFKMqkJZKJ2
 LOG  🚀 useBalances: Initial load for user: 7EUSVFvzTicHY63vEFFKMqkJZKJ2
 LOG  🔄 useBalances: Refreshing with UnifiedSettlementService
 LOG  🔄 Calculating UNIFIED balances for user: 7EUSVFvzTicHY63vEFFKMqkJZKJ2
 LOG  🔄 UnifiedSettlementScreen: Loading initial data and refreshing balances...
 LOG  🔄 useBalances: Refreshing with UnifiedSettlementService
 LOG  🔄 Calculating UNIFIED balances for user: 7EUSVFvzTicHY63vEFFKMqkJZKJ2
 LOG  🔄 useBalances: Refreshing with UnifiedSettlementService
 LOG  🔄 Calculating UNIFIED balances for user: 7EUSVFvzTicHY63vEFFKMqkJZKJ2
 LOG  🔄 Filtering balances with: {"activeFilter": "groups", "initialFriendId": undefined, "overviewBalancesCount": 0, "selectedFriendId": null, "selectedGroupId": "aWT0Jz1AlM6jmAKNBqJW"}
 LOG  🔄 Calculating SETTLEMENT balances for user: 7EUSVFvzTicHY63vEFFKMqkJZKJ2
 LOG  🔄 Loading settlement balances for user: 7EUSVFvzTicHY63vEFFKMqkJZKJ2
 LOG  🔄 Calculating SETTLEMENT balances for user: 7EUSVFvzTicHY63vEFFKMqkJZKJ2
 LOG  🔍 Fetching pending invitations for user: 7EUSVFvzTicHY63vEFFKMqkJZKJ2
 LOG  🔍 Fetching pending invitations for user: 7EUSVFvzTicHY63vEFFKMqkJZKJ2
 LOG  🔍 Fetching pending invitations for user: 7EUSVFvzTicHY63vEFFKMqkJZKJ2
 LOG  🔍 Fetching pending invitations for user: 7EUSVFvzTicHY63vEFFKMqkJZKJ2
 LOG  🔍 Fetching pending invitations for user: 7EUSVFvzTicHY63vEFFKMqkJZKJ2
 LOG  🔍 Fetching pending invitations for user: 7EUSVFvzTicHY63vEFFKMqkJZKJ2
 LOG  🔍 Fetching pending invitations for user: 7EUSVFvzTicHY63vEFFKMqkJZKJ2
 LOG  🔍 Fetching pending invitations for user: 7EUSVFvzTicHY63vEFFKMqkJZKJ2
 LOG  🔍 Fetching pending invitations for user: 7EUSVFvzTicHY63vEFFKMqkJZKJ2
 LOG  🔍 Fetching pending invitations for user: 7EUSVFvzTicHY63vEFFKMqkJZKJ2
 LOG  🔍 Fetching pending invitations for user: 7EUSVFvzTicHY63vEFFKMqkJZKJ2
 LOG  🔍 Fetching pending invitations for user: 7EUSVFvzTicHY63vEFFKMqkJZKJ2
 LOG  🔍 Fetching pending invitations for user: 7EUSVFvzTicHY63vEFFKMqkJZKJ2
 LOG  🔍 Fetching pending invitations for user: 7EUSVFvzTicHY63vEFFKMqkJZKJ2
 LOG  📧 Found 0 sent email friend requests (existing users)
 LOG  📧 Found 0 sent email friend requests (existing users)
 LOG  📧 Found 0 sent email friend requests (existing users)
 LOG  📧 Found 0 sent email friend requests (existing users)
 LOG  📧 Found 0 sent email friend requests (existing users)
 LOG  📧 Found 0 sent email friend requests (existing users)
 LOG  📧 Found 0 sent email friend requests (existing users)
 LOG  📧 Found 0 sent email friend requests (existing users)
 LOG  📧 Found 0 sent email friend requests (existing users)
 LOG  📧 Found 0 sent email friend requests (existing users)
 LOG  📧 Found 0 sent email friend requests (existing users)
 LOG  📧 Found 0 sent email friend requests (existing users)
 LOG  📧 Found 0 sent email friend requests (existing users)
 LOG  📧 Found 0 sent email friend requests (existing users)
 LOG  📧 Found 0 received email friend requests (existing users)
 LOG  📧 Found 0 received email friend requests (existing users)
 LOG  📧 Found 0 received email friend requests (existing users)
 LOG  📧 Found 0 received email friend requests (existing users)
 LOG  📧 Found 0 received email friend requests (existing users)
 LOG  📧 Found 0 received email friend requests (existing users)
 LOG  📧 Found 0 received email friend requests (existing users)
 LOG  📧 Found 0 received email friend requests (existing users)
 LOG  📧 Found 0 received email friend requests (existing users)
 LOG  📧 Found 0 received email friend requests (existing users)
 LOG  📧 Found 0 received email friend requests (existing users)
 LOG  📧 Found 0 received email friend requests (existing users)
 LOG  📧 Found 0 received email friend requests (existing users)
 LOG  📧 Found 0 received email friend requests (existing users)
 LOG  📧 Found 1 email invitations (new users)
 LOG  📋 Email invitation (new user): {"fromUserId": "7EUSVFvzTicHY63vEFFKMqkJZKJ2", "id": "itgZL3iWPKpz6kBZm0oK", "status": "sent", "toEmail": "set4@gmail.com"}
 LOG  📧 Found 1 email invitations (new users)
 LOG  📋 Email invitation (new user): {"fromUserId": "7EUSVFvzTicHY63vEFFKMqkJZKJ2", "id": "itgZL3iWPKpz6kBZm0oK", "status": "sent", "toEmail": "set4@gmail.com"}
 LOG  📧 Found 1 email invitations (new users)
 LOG  📋 Email invitation (new user): {"fromUserId": "7EUSVFvzTicHY63vEFFKMqkJZKJ2", "id": "itgZL3iWPKpz6kBZm0oK", "status": "sent", "toEmail": "set4@gmail.com"}
 LOG  📧 Found 1 email invitations (new users)
 LOG  📋 Email invitation (new user): {"fromUserId": "7EUSVFvzTicHY63vEFFKMqkJZKJ2", "id": "itgZL3iWPKpz6kBZm0oK", "status": "sent", "toEmail": "set4@gmail.com"}
 LOG  📧 Found 1 email invitations (new users)
 LOG  📋 Email invitation (new user): {"fromUserId": "7EUSVFvzTicHY63vEFFKMqkJZKJ2", "id": "itgZL3iWPKpz6kBZm0oK", "status": "sent", "toEmail": "set4@gmail.com"}
 LOG  📧 Found 1 email invitations (new users)
 LOG  📋 Email invitation (new user): {"fromUserId": "7EUSVFvzTicHY63vEFFKMqkJZKJ2", "id": "itgZL3iWPKpz6kBZm0oK", "status": "sent", "toEmail": "set4@gmail.com"}
 LOG  📧 Found 1 email invitations (new users)
 LOG  📋 Email invitation (new user): {"fromUserId": "7EUSVFvzTicHY63vEFFKMqkJZKJ2", "id": "itgZL3iWPKpz6kBZm0oK", "status": "sent", "toEmail": "set4@gmail.com"}
 LOG  📧 Found 1 email invitations (new users)
 LOG  📋 Email invitation (new user): {"fromUserId": "7EUSVFvzTicHY63vEFFKMqkJZKJ2", "id": "itgZL3iWPKpz6kBZm0oK", "status": "sent", "toEmail": "set4@gmail.com"}
 LOG  📧 Found 1 email invitations (new users)
 LOG  📋 Email invitation (new user): {"fromUserId": "7EUSVFvzTicHY63vEFFKMqkJZKJ2", "id": "itgZL3iWPKpz6kBZm0oK", "status": "sent", "toEmail": "set4@gmail.com"}
 LOG  📧 Found 1 email invitations (new users)
 LOG  📋 Email invitation (new user): {"fromUserId": "7EUSVFvzTicHY63vEFFKMqkJZKJ2", "id": "itgZL3iWPKpz6kBZm0oK", "status": "sent", "toEmail": "set4@gmail.com"}
 LOG  📧 Found 1 email invitations (new users)
 LOG  📋 Email invitation (new user): {"fromUserId": "7EUSVFvzTicHY63vEFFKMqkJZKJ2", "id": "itgZL3iWPKpz6kBZm0oK", "status": "sent", "toEmail": "set4@gmail.com"}
 LOG  📧 Found 1 email invitations (new users)
 LOG  📋 Email invitation (new user): {"fromUserId": "7EUSVFvzTicHY63vEFFKMqkJZKJ2", "id": "itgZL3iWPKpz6kBZm0oK", "status": "sent", "toEmail": "set4@gmail.com"}
 LOG  📧 Found 1 email invitations (new users)
 LOG  📋 Email invitation (new user): {"fromUserId": "7EUSVFvzTicHY63vEFFKMqkJZKJ2", "id": "itgZL3iWPKpz6kBZm0oK", "status": "sent", "toEmail": "set4@gmail.com"}
 LOG  📧 Found 1 email invitations (new users)
 LOG  📋 Email invitation (new user): {"fromUserId": "7EUSVFvzTicHY63vEFFKMqkJZKJ2", "id": "itgZL3iWPKpz6kBZm0oK", "status": "sent", "toEmail": "set4@gmail.com"}
 LOG  📱 Found 0 pending SMS/WhatsApp invitations
 LOG  ✅ Returning 1 total pending invitations: {"newEmailUsers": 1, "receivedExistingUsers": 0, "sentExistingUsers": 0, "smsWhatsApp": 0}
 LOG  Processing 4 friendships
 LOG  Processing 2 groups
 LOG  Processing group: Office with 3 members
 LOG  Skipping group balance for Set2 - already counted as friend
 LOG  Skipping group balance for Set3 - already counted as friend
 LOG  Processing group: Home with 3 members
 LOG  Skipping group balance for Set2 - already counted as friend
 LOG  Skipping group balance for Set3 - already counted as friend
 LOG  ✅ UNIFIED balance calculation complete: {"netBalance": 33.33, "relationships": 2, "totalOwed": 66.67, "totalOwing": 33.33}
 LOG  📱 Found 0 pending SMS/WhatsApp invitations
 LOG  ✅ Returning 1 total pending invitations: {"newEmailUsers": 1, "receivedExistingUsers": 0, "sentExistingUsers": 0, "smsWhatsApp": 0}
 LOG  ✅ useBalances: Refresh complete: {"detailCount": 2, "friendsCount": 4, "netBalance": 33.33, "totalOwed": 66.67, "totalOwing": 33.33}
 LOG  📱 Found 0 pending SMS/WhatsApp invitations
 LOG  ✅ Returning 1 total pending invitations: {"newEmailUsers": 1, "receivedExistingUsers": 0, "sentExistingUsers": 0, "smsWhatsApp": 0}
 LOG  Processing 4 friendships
 LOG  Processing 2 groups
 LOG  Processing group: Office with 3 members
 LOG  Skipping group balance for Set2 - already counted as friend
 LOG  Skipping group balance for Set3 - already counted as friend
 LOG  Processing group: Home with 3 members
 LOG  Skipping group balance for Set2 - already counted as friend
 LOG  Skipping group balance for Set3 - already counted as friend
 LOG  ✅ UNIFIED balance calculation complete: {"netBalance": 33.33, "relationships": 2, "totalOwed": 66.67, "totalOwing": 33.33}
 LOG  📱 Found 0 pending SMS/WhatsApp invitations
 LOG  ✅ Returning 1 total pending invitations: {"newEmailUsers": 1, "receivedExistingUsers": 0, "sentExistingUsers": 0, "smsWhatsApp": 0}
 LOG  ✅ useBalances: Refresh complete: {"detailCount": 2, "friendsCount": 4, "netBalance": 33.33, "totalOwed": 66.67, "totalOwing": 33.33}
 LOG  📱 Found 0 pending SMS/WhatsApp invitations
 LOG  ✅ Returning 1 total pending invitations: {"newEmailUsers": 1, "receivedExistingUsers": 0, "sentExistingUsers": 0, "smsWhatsApp": 0}
 LOG  Processing 4 friendships
 LOG  Processing 2 groups
 LOG  Processing group: Office with 3 members
 LOG  Skipping group balance for Set2 - already counted as friend
 LOG  Skipping group balance for Set3 - already counted as friend
 LOG  Processing group: Home with 3 members
 LOG  Skipping group balance for Set2 - already counted as friend
 LOG  Skipping group balance for Set3 - already counted as friend
 LOG  ✅ UNIFIED balance calculation complete: {"netBalance": 33.33, "relationships": 2, "totalOwed": 66.67, "totalOwing": 33.33}
 LOG  📱 Found 0 pending SMS/WhatsApp invitations
 LOG  ✅ Returning 1 total pending invitations: {"newEmailUsers": 1, "receivedExistingUsers": 0, "sentExistingUsers": 0, "smsWhatsApp": 0}
 LOG  ✅ useBalances: Refresh complete: {"detailCount": 2, "friendsCount": 4, "netBalance": 33.33, "totalOwed": 66.67, "totalOwing": 33.33}
 LOG  📱 Found 0 pending SMS/WhatsApp invitations
 LOG  ✅ Returning 1 total pending invitations: {"newEmailUsers": 1, "receivedExistingUsers": 0, "sentExistingUsers": 0, "smsWhatsApp": 0}
 LOG  Processing 4 friendships
 LOG  Processing 2 groups
 LOG  Processing group: Office with 3 members
 LOG  Skipping group balance for Set2 - already counted as friend
 LOG  Skipping group balance for Set3 - already counted as friend
 LOG  Processing group: Home with 3 members
 LOG  Skipping group balance for Set2 - already counted as friend
 LOG  Skipping group balance for Set3 - already counted as friend
 LOG  ✅ UNIFIED balance calculation complete: {"netBalance": 33.33, "relationships": 2, "totalOwed": 66.67, "totalOwing": 33.33}
 LOG  📱 Found 0 pending SMS/WhatsApp invitations
 LOG  ✅ Returning 1 total pending invitations: {"newEmailUsers": 1, "receivedExistingUsers": 0, "sentExistingUsers": 0, "smsWhatsApp": 0}
 LOG  ✅ useBalances: Refresh complete: {"detailCount": 2, "friendsCount": 4, "netBalance": 33.33, "totalOwed": 66.67, "totalOwing": 33.33}
 LOG  📱 Found 0 pending SMS/WhatsApp invitations
 LOG  ✅ Returning 1 total pending invitations: {"newEmailUsers": 1, "receivedExistingUsers": 0, "sentExistingUsers": 0, "smsWhatsApp": 0}
 LOG  Processing 4 friendships
 LOG  Processing 2 groups
 LOG  Processing group: Office with 3 members
 LOG  Skipping group balance for Set2 - already counted as friend
 LOG  Skipping group balance for Set3 - already counted as friend
 LOG  Processing group: Home with 3 members
 LOG  Skipping group balance for Set2 - already counted as friend
 LOG  Skipping group balance for Set3 - already counted as friend
 LOG  ✅ UNIFIED balance calculation complete: {"netBalance": 33.33, "relationships": 2, "totalOwed": 66.67, "totalOwing": 33.33}
 LOG  📱 Found 0 pending SMS/WhatsApp invitations
 LOG  ✅ Returning 1 total pending invitations: {"newEmailUsers": 1, "receivedExistingUsers": 0, "sentExistingUsers": 0, "smsWhatsApp": 0}
 LOG  ✅ useBalances: Refresh complete: {"detailCount": 2, "friendsCount": 4, "netBalance": 33.33, "totalOwed": 66.67, "totalOwing": 33.33}
 LOG  📱 Found 0 pending SMS/WhatsApp invitations
 LOG  ✅ Returning 1 total pending invitations: {"newEmailUsers": 1, "receivedExistingUsers": 0, "sentExistingUsers": 0, "smsWhatsApp": 0}
 LOG  Processing 4 friendships
 LOG  Processing 2 groups
 LOG  Processing group: Office with 3 members
 LOG  Skipping group balance for Set2 - already counted as friend
 LOG  Skipping group balance for Set3 - already counted as friend
 LOG  Processing group: Home with 3 members
 LOG  Skipping group balance for Set2 - already counted as friend
 LOG  Skipping group balance for Set3 - already counted as friend
 LOG  ✅ UNIFIED balance calculation complete: {"netBalance": 33.33, "relationships": 2, "totalOwed": 66.67, "totalOwing": 33.33}
 LOG  📱 Found 0 pending SMS/WhatsApp invitations
 LOG  ✅ Returning 1 total pending invitations: {"newEmailUsers": 1, "receivedExistingUsers": 0, "sentExistingUsers": 0, "smsWhatsApp": 0}
 LOG  ✅ useBalances: Refresh complete: {"detailCount": 2, "friendsCount": 4, "netBalance": 33.33, "totalOwed": 66.67, "totalOwing": 33.33}
 LOG  📱 Found 0 pending SMS/WhatsApp invitations
 LOG  ✅ Returning 1 total pending invitations: {"newEmailUsers": 1, "receivedExistingUsers": 0, "sentExistingUsers": 0, "smsWhatsApp": 0}
 LOG  Processing 4 friendships for settlement
 LOG  Processing 2 groups for settlement
 LOG  Processing settlement balances for group: Office with 3 members
 LOG  
🔍 === DETAILED BALANCE CALCULATION ===
 LOG  👤 User1 (You): 7EUSVFvzTicHY63vEFFKMqkJZKJ2
 LOG  👤 User2 (Them): CsFleJon8thWdQ08rbztMJPsWAb2
 LOG  🏢 Group: rx01BYFAEivzEeCxd5bU
 LOG  📱 Found 0 pending SMS/WhatsApp invitations
 LOG  ✅ Returning 1 total pending invitations: {"newEmailUsers": 1, "receivedExistingUsers": 0, "sentExistingUsers": 0, "smsWhatsApp": 0}
 LOG  Processing 4 friendships for settlement
 LOG  Processing 2 groups for settlement
 LOG  Processing settlement balances for group: Office with 3 members
 LOG  
🔍 === DETAILED BALANCE CALCULATION ===
 LOG  👤 User1 (You): 7EUSVFvzTicHY63vEFFKMqkJZKJ2
 LOG  👤 User2 (Them): CsFleJon8thWdQ08rbztMJPsWAb2
 LOG  🏢 Group: rx01BYFAEivzEeCxd5bU
 LOG  🏷️  Rendering group card: Office
 LOG  💳 Group balance from map: 133.34
 LOG  📊 Display: owed 133.34
 LOG  🏷️  Rendering group card: Home
 LOG  💳 Group balance from map: -100
 LOG  📊 Display: owes 100
 LOG  ❌ GroupDetailsModal: Not rendering - visible: false localGroupData: false
 LOG  📊 useBalances: Current state: {"friendCount": 2, "friendsDataCount": 4, "groupMemberCount": 0, "netBalance": 33.33, "totalOwed": 66.67, "totalOwing": 33.33, "totalRelationships": 2}
 LOG  📊 useBalances: Friends breakdown: [{"balance": -33.33333333333333, "name": "Set3", "source": "friend"}, {"balance": 66.66666666666667, "name": "Set2", "source": "friend"}]
 LOG  📊 useBalances: Group members breakdown: []
 LOG  📊 useBalances: Current state: {"friendCount": 2, "friendsDataCount": 4, "groupMemberCount": 0, "netBalance": 33.33, "totalOwed": 66.67, "totalOwing": 33.33, "totalRelationships": 2}
 LOG  📊 useBalances: Friends breakdown: [{"balance": -33.33333333333333, "name": "Set3", "source": "friend"}, {"balance": 66.66666666666667, "name": "Set2", "source": "friend"}]
 LOG  📊 useBalances: Group members breakdown: []
 LOG  📊 useBalances: Current state: {"friendCount": 2, "friendsDataCount": 4, "groupMemberCount": 0, "netBalance": 33.33, "totalOwed": 66.67, "totalOwing": 33.33, "totalRelationships": 2}
 LOG  📊 useBalances: Friends breakdown: [{"balance": -33.33333333333333, "name": "Set3", "source": "friend"}, {"balance": 66.66666666666667, "name": "Set2", "source": "friend"}]
 LOG  📊 useBalances: Group members breakdown: []
 LOG  📊 useBalances: Current state: {"friendCount": 2, "friendsDataCount": 4, "groupMemberCount": 0, "netBalance": 33.33, "totalOwed": 66.67, "totalOwing": 33.33, "totalRelationships": 2}
 LOG  📊 useBalances: Friends breakdown: [{"balance": -33.33333333333333, "name": "Set3", "source": "friend"}, {"balance": 66.66666666666667, "name": "Set2", "source": "friend"}]
 LOG  📊 useBalances: Group members breakdown: []
 LOG  🔄 Loading settlement balances for user: 7EUSVFvzTicHY63vEFFKMqkJZKJ2
 LOG  🔄 Calculating SETTLEMENT balances for user: 7EUSVFvzTicHY63vEFFKMqkJZKJ2
 LOG  🔄 UnifiedSettlementScreen: Secondary balance refresh...
 LOG  🔄 useBalances: Refreshing with UnifiedSettlementService
 LOG  🔄 Calculating UNIFIED balances for user: 7EUSVFvzTicHY63vEFFKMqkJZKJ2
 LOG  🔄 useBalances: Refreshing with UnifiedSettlementService
 LOG  🔄 Calculating UNIFIED balances for user: 7EUSVFvzTicHY63vEFFKMqkJZKJ2
 LOG  ✅ UnifiedSettlementScreen: Initial data loaded: {"friends": 4, "groups": 2}
 LOG  📋 Total expenses found: 1
 LOG  
💰 Expense 1: "Woolies"
 LOG  💵 Amount: 200
 LOG  💳 Paid by: 7EUSVFvzTicHY63vEFFKMqkJZKJ2
 LOG  📊 Split data: ["7EUSVFvzTicHY63vEFFKMqkJZKJ2: 66.66666666666667 (paid: false)", "CsFleJon8thWdQ08rbztMJPsWAb2: 66.66666666666667 (paid: false)", "Jm7Sm7th1gOtpG1IttvPPIBgUG83: 66.66666666666667 (paid: false)"]
 LOG  ➕ User2 owes User1: 66.66666666666667 (UNPAID)
 LOG  📊 Expense balance: 66.66666666666667
 LOG  📊 Running total: 66.66666666666667
 LOG  
✅ === FINAL RESULT ===
 LOG  🔢 Final balance: 66.67
 LOG  💭 Interpretation: User2 owes User1
 LOG  ===============================
 LOG  💰 Settlement: Set2 in Office: 66.67
 LOG  
🔍 === DETAILED BALANCE CALCULATION ===
 LOG  👤 User1 (You): 7EUSVFvzTicHY63vEFFKMqkJZKJ2
 LOG  👤 User2 (Them): Jm7Sm7th1gOtpG1IttvPPIBgUG83
 LOG  🏢 Group: rx01BYFAEivzEeCxd5bU
 LOG  📋 Total expenses found: 1
 LOG  
💰 Expense 1: "Woolies"
 LOG  💵 Amount: 200
 LOG  💳 Paid by: 7EUSVFvzTicHY63vEFFKMqkJZKJ2
 LOG  📊 Split data: ["7EUSVFvzTicHY63vEFFKMqkJZKJ2: 66.66666666666667 (paid: false)", "CsFleJon8thWdQ08rbztMJPsWAb2: 66.66666666666667 (paid: false)", "Jm7Sm7th1gOtpG1IttvPPIBgUG83: 66.66666666666667 (paid: false)"]
 LOG  ➕ User2 owes User1: 66.66666666666667 (UNPAID)
 LOG  📊 Expense balance: 66.66666666666667
 LOG  📊 Running total: 66.66666666666667
 LOG  
✅ === FINAL RESULT ===
 LOG  🔢 Final balance: 66.67
 LOG  💭 Interpretation: User2 owes User1
 LOG  ===============================
 LOG  💰 Settlement: Set2 in Office: 66.67
 LOG  
🔍 === DETAILED BALANCE CALCULATION ===
 LOG  👤 User1 (You): 7EUSVFvzTicHY63vEFFKMqkJZKJ2
 LOG  👤 User2 (Them): Jm7Sm7th1gOtpG1IttvPPIBgUG83
 LOG  🏢 Group: rx01BYFAEivzEeCxd5bU
 LOG  📋 Total expenses found: 1
 LOG  
💰 Expense 1: "Woolies"
 LOG  💵 Amount: 200
 LOG  💳 Paid by: 7EUSVFvzTicHY63vEFFKMqkJZKJ2
 LOG  📊 Split data: ["7EUSVFvzTicHY63vEFFKMqkJZKJ2: 66.66666666666667 (paid: false)", "CsFleJon8thWdQ08rbztMJPsWAb2: 66.66666666666667 (paid: false)", "Jm7Sm7th1gOtpG1IttvPPIBgUG83: 66.66666666666667 (paid: false)"]
 LOG  ➕ User2 owes User1: 66.66666666666667 (UNPAID)
 LOG  📊 Expense balance: 66.66666666666667
 LOG  📊 Running total: 66.66666666666667
 LOG  
✅ === FINAL RESULT ===
 LOG  🔢 Final balance: 66.67
 LOG  💭 Interpretation: User2 owes User1
 LOG  ===============================
 LOG  💰 Settlement: Set3 in Office: 66.67
 LOG  Processing settlement balances for group: Home with 3 members
 LOG  
🔍 === DETAILED BALANCE CALCULATION ===
 LOG  👤 User1 (You): 7EUSVFvzTicHY63vEFFKMqkJZKJ2
 LOG  👤 User2 (Them): CsFleJon8thWdQ08rbztMJPsWAb2
 LOG  🏢 Group: aWT0Jz1AlM6jmAKNBqJW
 LOG  📋 Total expenses found: 1
 LOG  
💰 Expense 1: "Woolies"
 LOG  💵 Amount: 200
 LOG  💳 Paid by: 7EUSVFvzTicHY63vEFFKMqkJZKJ2
 LOG  📊 Split data: ["7EUSVFvzTicHY63vEFFKMqkJZKJ2: 66.66666666666667 (paid: false)", "CsFleJon8thWdQ08rbztMJPsWAb2: 66.66666666666667 (paid: false)", "Jm7Sm7th1gOtpG1IttvPPIBgUG83: 66.66666666666667 (paid: false)"]
 LOG  ➕ User2 owes User1: 66.66666666666667 (UNPAID)
 LOG  📊 Expense balance: 66.66666666666667
 LOG  📊 Running total: 66.66666666666667
 LOG  
✅ === FINAL RESULT ===
 LOG  🔢 Final balance: 66.67
 LOG  💭 Interpretation: User2 owes User1
 LOG  ===============================
 LOG  💰 Settlement: Set3 in Office: 66.67
 LOG  Processing settlement balances for group: Home with 3 members
 LOG  
🔍 === DETAILED BALANCE CALCULATION ===
 LOG  👤 User1 (You): 7EUSVFvzTicHY63vEFFKMqkJZKJ2
 LOG  👤 User2 (Them): CsFleJon8thWdQ08rbztMJPsWAb2
 LOG  🏢 Group: aWT0Jz1AlM6jmAKNBqJW
 LOG  🔍 Fetching pending invitations for user: 7EUSVFvzTicHY63vEFFKMqkJZKJ2
 LOG  🔍 Fetching pending invitations for user: 7EUSVFvzTicHY63vEFFKMqkJZKJ2
 LOG  🔍 Fetching pending invitations for user: 7EUSVFvzTicHY63vEFFKMqkJZKJ2
 LOG  🔍 Fetching pending invitations for user: 7EUSVFvzTicHY63vEFFKMqkJZKJ2
 LOG  🔍 Fetching pending invitations for user: 7EUSVFvzTicHY63vEFFKMqkJZKJ2
 LOG  📋 Total expenses found: 4
 LOG  
💰 Expense 1: "Myer"
 LOG  💵 Amount: 320
 LOG  💳 Paid by: CsFleJon8thWdQ08rbztMJPsWAb2
 LOG  📊 Split data: ["7EUSVFvzTicHY63vEFFKMqkJZKJ2: 106.66666666666667 (paid: true)", "CsFleJon8thWdQ08rbztMJPsWAb2: 106.66666666666667 (paid: false)", "Jm7Sm7th1gOtpG1IttvPPIBgUG83: 106.66666666666667 (paid: false)"]
 LOG  ✅ User1 split: 106.66666666666667 (ALREADY PAID)
 LOG  📊 Expense balance: 0
 LOG  📊 Running total: 0
 LOG  
💰 Expense 2: "Coles"
 LOG  💵 Amount: 200
 LOG  💳 Paid by: Jm7Sm7th1gOtpG1IttvPPIBgUG83
 LOG  📊 Split data: ["7EUSVFvzTicHY63vEFFKMqkJZKJ2: 100 (paid: false)", "Jm7Sm7th1gOtpG1IttvPPIBgUG83: 100 (paid: false)"]
 LOG  👥 Someone else paid (Jm7Sm7th1gOtpG1IttvPPIBgUG83) - no direct balance impact
 LOG  📊 Expense balance: 0
 LOG  📊 Running total: 0
 LOG  
💰 Expense 3: "Icecream"
 LOG  💵 Amount: 250
 LOG  💳 Paid by: CsFleJon8thWdQ08rbztMJPsWAb2
 LOG  📊 Split data: ["7EUSVFvzTicHY63vEFFKMqkJZKJ2: 83.33333333333333 (paid: true)", "CsFleJon8thWdQ08rbztMJPsWAb2: 83.33333333333333 (paid: false)", "Jm7Sm7th1gOtpG1IttvPPIBgUG83: 83.33333333333333 (paid: false)"]
 LOG  ✅ User1 split: 83.33333333333333 (ALREADY PAID)
 LOG  📊 Expense balance: 0
 LOG  📊 Running total: 0
 LOG  
💰 Expense 4: "Dinner"
 LOG  💵 Amount: 150
 LOG  💳 Paid by: 7EUSVFvzTicHY63vEFFKMqkJZKJ2
 LOG  📊 Split data: ["7EUSVFvzTicHY63vEFFKMqkJZKJ2: 50 (paid: false)", "CsFleJon8thWdQ08rbztMJPsWAb2: 50 (paid: true)", "Jm7Sm7th1gOtpG1IttvPPIBgUG83: 50 (paid: true)"]
 LOG  ✅ User2 split: 50 (ALREADY PAID)
 LOG  📊 Expense balance: 0
 LOG  📊 Running total: 0
 LOG  
✅ === FINAL RESULT ===
 LOG  🔢 Final balance: 0
 LOG  💭 Interpretation: No balance
 LOG  ===============================
 LOG  
🔍 === DETAILED BALANCE CALCULATION ===
 LOG  👤 User1 (You): 7EUSVFvzTicHY63vEFFKMqkJZKJ2
 LOG  👤 User2 (Them): Jm7Sm7th1gOtpG1IttvPPIBgUG83
 LOG  🏢 Group: aWT0Jz1AlM6jmAKNBqJW
 LOG  📋 Total expenses found: 4
 LOG  
💰 Expense 1: "Myer"
 LOG  💵 Amount: 320
 LOG  💳 Paid by: CsFleJon8thWdQ08rbztMJPsWAb2
 LOG  📊 Split data: ["7EUSVFvzTicHY63vEFFKMqkJZKJ2: 106.66666666666667 (paid: true)", "CsFleJon8thWdQ08rbztMJPsWAb2: 106.66666666666667 (paid: false)", "Jm7Sm7th1gOtpG1IttvPPIBgUG83: 106.66666666666667 (paid: false)"]
 LOG  ✅ User1 split: 106.66666666666667 (ALREADY PAID)
 LOG  📊 Expense balance: 0
 LOG  📊 Running total: 0
 LOG  
💰 Expense 2: "Coles"
 LOG  💵 Amount: 200
 LOG  💳 Paid by: Jm7Sm7th1gOtpG1IttvPPIBgUG83
 LOG  📊 Split data: ["7EUSVFvzTicHY63vEFFKMqkJZKJ2: 100 (paid: false)", "Jm7Sm7th1gOtpG1IttvPPIBgUG83: 100 (paid: false)"]
 LOG  👥 Someone else paid (Jm7Sm7th1gOtpG1IttvPPIBgUG83) - no direct balance impact
 LOG  📊 Expense balance: 0
 LOG  📊 Running total: 0
 LOG  
💰 Expense 3: "Icecream"
 LOG  💵 Amount: 250
 LOG  💳 Paid by: CsFleJon8thWdQ08rbztMJPsWAb2
 LOG  📊 Split data: ["7EUSVFvzTicHY63vEFFKMqkJZKJ2: 83.33333333333333 (paid: true)", "CsFleJon8thWdQ08rbztMJPsWAb2: 83.33333333333333 (paid: false)", "Jm7Sm7th1gOtpG1IttvPPIBgUG83: 83.33333333333333 (paid: false)"]
 LOG  ✅ User1 split: 83.33333333333333 (ALREADY PAID)
 LOG  📊 Expense balance: 0
 LOG  📊 Running total: 0
 LOG  
💰 Expense 4: "Dinner"
 LOG  💵 Amount: 150
 LOG  💳 Paid by: 7EUSVFvzTicHY63vEFFKMqkJZKJ2
 LOG  📊 Split data: ["7EUSVFvzTicHY63vEFFKMqkJZKJ2: 50 (paid: false)", "CsFleJon8thWdQ08rbztMJPsWAb2: 50 (paid: true)", "Jm7Sm7th1gOtpG1IttvPPIBgUG83: 50 (paid: true)"]
 LOG  ✅ User2 split: 50 (ALREADY PAID)
 LOG  📊 Expense balance: 0
 LOG  📊 Running total: 0
 LOG  
✅ === FINAL RESULT ===
 LOG  🔢 Final balance: 0
 LOG  💭 Interpretation: No balance
 LOG  ===============================
 LOG  
🔍 === DETAILED BALANCE CALCULATION ===
 LOG  👤 User1 (You): 7EUSVFvzTicHY63vEFFKMqkJZKJ2
 LOG  👤 User2 (Them): Jm7Sm7th1gOtpG1IttvPPIBgUG83
 LOG  🏢 Group: aWT0Jz1AlM6jmAKNBqJW
 LOG  📧 Found 0 sent email friend requests (existing users)
 LOG  📧 Found 0 sent email friend requests (existing users)
 LOG  📧 Found 0 sent email friend requests (existing users)
 LOG  📧 Found 0 sent email friend requests (existing users)
 LOG  📧 Found 0 sent email friend requests (existing users)
 LOG  📋 Total expenses found: 4
 LOG  
💰 Expense 1: "Myer"
 LOG  💵 Amount: 320
 LOG  💳 Paid by: CsFleJon8thWdQ08rbztMJPsWAb2
 LOG  📊 Split data: ["7EUSVFvzTicHY63vEFFKMqkJZKJ2: 106.66666666666667 (paid: true)", "CsFleJon8thWdQ08rbztMJPsWAb2: 106.66666666666667 (paid: false)", "Jm7Sm7th1gOtpG1IttvPPIBgUG83: 106.66666666666667 (paid: false)"]
 LOG  👥 Someone else paid (CsFleJon8thWdQ08rbztMJPsWAb2) - no direct balance impact
 LOG  📊 Expense balance: 0
 LOG  📊 Running total: 0
 LOG  
💰 Expense 2: "Coles"
 LOG  💵 Amount: 200
 LOG  💳 Paid by: Jm7Sm7th1gOtpG1IttvPPIBgUG83
 LOG  📊 Split data: ["7EUSVFvzTicHY63vEFFKMqkJZKJ2: 100 (paid: false)", "Jm7Sm7th1gOtpG1IttvPPIBgUG83: 100 (paid: false)"]
 LOG  ➖ User1 owes User2: 100 (UNPAID)
 LOG  📊 Expense balance: -100
 LOG  📊 Running total: -100
 LOG  
💰 Expense 3: "Icecream"
 LOG  💵 Amount: 250
 LOG  💳 Paid by: CsFleJon8thWdQ08rbztMJPsWAb2
 LOG  📊 Split data: ["7EUSVFvzTicHY63vEFFKMqkJZKJ2: 83.33333333333333 (paid: true)", "CsFleJon8thWdQ08rbztMJPsWAb2: 83.33333333333333 (paid: false)", "Jm7Sm7th1gOtpG1IttvPPIBgUG83: 83.33333333333333 (paid: false)"]
 LOG  👥 Someone else paid (CsFleJon8thWdQ08rbztMJPsWAb2) - no direct balance impact
 LOG  📊 Expense balance: 0
 LOG  📊 Running total: -100
 LOG  
💰 Expense 4: "Dinner"
 LOG  💵 Amount: 150
 LOG  💳 Paid by: 7EUSVFvzTicHY63vEFFKMqkJZKJ2
 LOG  📊 Split data: ["7EUSVFvzTicHY63vEFFKMqkJZKJ2: 50 (paid: false)", "CsFleJon8thWdQ08rbztMJPsWAb2: 50 (paid: true)", "Jm7Sm7th1gOtpG1IttvPPIBgUG83: 50 (paid: true)"]
 LOG  ✅ User2 split: 50 (ALREADY PAID)
 LOG  📊 Expense balance: 0
 LOG  📊 Running total: -100
 LOG  
✅ === FINAL RESULT ===
 LOG  🔢 Final balance: -100
 LOG  💭 Interpretation: User1 owes User2
 LOG  ===============================
 LOG  💰 Settlement: Set3 in Home: -100
 LOG  ✅ SETTLEMENT balance calculation complete: {"friendEntries": 2, "groupEntries": 3, "totalEntries": 5}
 LOG  📊 Settlement balances retrieved: {"friends": 2, "groups": 3, "total": 5}
 LOG  📊 Generated individual balance entries (no consolidation): 5
 LOG  🔄 UnifiedSettlement: All balance entries before filtering: 5
 LOG    Entry 0: Set3 (friend) - groupId: none, amount: 33.33333333333333, isOwed: false
 LOG    Entry 1: Set2 (friend) - groupId: none, amount: 66.66666666666667, isOwed: true
 LOG    Entry 2: Set2 (group) - groupId: rx01BYFAEivzEeCxd5bU, amount: 66.67, isOwed: true
 LOG    Entry 3: Set3 (group) - groupId: rx01BYFAEivzEeCxd5bU, amount: 66.67, isOwed: true
 LOG    Entry 4: Set3 (group) - groupId: aWT0Jz1AlM6jmAKNBqJW, amount: 100, isOwed: false
 LOG  🔍 Filtering by specific group: aWT0Jz1AlM6jmAKNBqJW
 LOG  📊 Before group filter: 3 entries
 LOG    Entry 0: groupId=rx01BYFAEivzEeCxd5bU, name=Set2, balance=66.67
 LOG    Entry 1: groupId=rx01BYFAEivzEeCxd5bU, name=Set3, balance=66.67
 LOG    Entry 2: groupId=aWT0Jz1AlM6jmAKNBqJW, name=Set3, balance=100
 LOG  📊 After group filter: 1 entries
 LOG    Filtered Entry 0: groupId=aWT0Jz1AlM6jmAKNBqJW, name=Set3, balance=100
 LOG  ✅ Balance filtering completed: {"filtered": 1, "totalOwed": 0, "totalOwing": 100}
 LOG  📋 Total expenses found: 4
 LOG  
💰 Expense 1: "Myer"
 LOG  💵 Amount: 320
 LOG  💳 Paid by: CsFleJon8thWdQ08rbztMJPsWAb2
 LOG  📊 Split data: ["7EUSVFvzTicHY63vEFFKMqkJZKJ2: 106.66666666666667 (paid: true)", "CsFleJon8thWdQ08rbztMJPsWAb2: 106.66666666666667 (paid: false)", "Jm7Sm7th1gOtpG1IttvPPIBgUG83: 106.66666666666667 (paid: false)"]
 LOG  👥 Someone else paid (CsFleJon8thWdQ08rbztMJPsWAb2) - no direct balance impact
 LOG  📊 Expense balance: 0
 LOG  📊 Running total: 0
 LOG  
💰 Expense 2: "Coles"
 LOG  💵 Amount: 200
 LOG  💳 Paid by: Jm7Sm7th1gOtpG1IttvPPIBgUG83
 LOG  📊 Split data: ["7EUSVFvzTicHY63vEFFKMqkJZKJ2: 100 (paid: false)", "Jm7Sm7th1gOtpG1IttvPPIBgUG83: 100 (paid: false)"]
 LOG  ➖ User1 owes User2: 100 (UNPAID)
 LOG  📊 Expense balance: -100
 LOG  📊 Running total: -100
 LOG  
💰 Expense 3: "Icecream"
 LOG  💵 Amount: 250
 LOG  💳 Paid by: CsFleJon8thWdQ08rbztMJPsWAb2
 LOG  📊 Split data: ["7EUSVFvzTicHY63vEFFKMqkJZKJ2: 83.33333333333333 (paid: true)", "CsFleJon8thWdQ08rbztMJPsWAb2: 83.33333333333333 (paid: false)", "Jm7Sm7th1gOtpG1IttvPPIBgUG83: 83.33333333333333 (paid: false)"]
 LOG  👥 Someone else paid (CsFleJon8thWdQ08rbztMJPsWAb2) - no direct balance impact
 LOG  📊 Expense balance: 0
 LOG  📊 Running total: -100
 LOG  
💰 Expense 4: "Dinner"
 LOG  💵 Amount: 150
 LOG  💳 Paid by: 7EUSVFvzTicHY63vEFFKMqkJZKJ2
 LOG  📊 Split data: ["7EUSVFvzTicHY63vEFFKMqkJZKJ2: 50 (paid: false)", "CsFleJon8thWdQ08rbztMJPsWAb2: 50 (paid: true)", "Jm7Sm7th1gOtpG1IttvPPIBgUG83: 50 (paid: true)"]
 LOG  ✅ User2 split: 50 (ALREADY PAID)
 LOG  📊 Expense balance: 0
 LOG  📊 Running total: -100
 LOG  
✅ === FINAL RESULT ===
 LOG  🔢 Final balance: -100
 LOG  💭 Interpretation: User1 owes User2
 LOG  ===============================
 LOG  💰 Settlement: Set3 in Home: -100
 LOG  ✅ SETTLEMENT balance calculation complete: {"friendEntries": 2, "groupEntries": 3, "totalEntries": 5}
 LOG  📊 Raw settlement balances from friendsBalances: [{"avatar": "", "balance": -33.33333333333333, "breakdown": {"fromFriendships": -33.33333333333333, "fromGroups": [Object]}, "email": "set3@gmail.com", "lastUpdated": [Object], "name": "Set3", "source": "friend", "userId": "Jm7Sm7th1gOtpG1IttvPPIBgUG83"}, {"avatar": "", "balance": 66.66666666666667, "breakdown": {"fromFriendships": 66.66666666666667, "fromGroups": [Object]}, "email": "set2@gmail.com", "lastUpdated": [Object], "name": "Set2", "source": "friend", "userId": "CsFleJon8thWdQ08rbztMJPsWAb2"}, {"avatar": "", "balance": 66.67, "breakdown": {"fromFriendships": 0, "fromGroups": [Object]}, "email": "set2@gmail.com", "groupId": "rx01BYFAEivzEeCxd5bU", "groupName": "Office", "lastUpdated": 2025-08-01T22:51:43.129Z, "name": "Set2", "source": "group", "userId": "CsFleJon8thWdQ08rbztMJPsWAb2"}, {"avatar": "", "balance": 66.67, "breakdown": {"fromFriendships": 0, "fromGroups": [Object]}, "email": "set3@gmail.com", "groupId": "rx01BYFAEivzEeCxd5bU", "groupName": "Office", "lastUpdated": 2025-08-01T22:51:43.139Z, "name": "Set3", "source": "group", "userId": "Jm7Sm7th1gOtpG1IttvPPIBgUG83"}, {"avatar": "", "balance": -100, "breakdown": {"fromFriendships": 0, "fromGroups": [Object]}, "email": "set3@gmail.com", "groupId": "aWT0Jz1AlM6jmAKNBqJW", "groupName": "Home", "lastUpdated": 2025-08-01T22:51:43.252Z, "name": "Set3", "source": "group", "userId": "Jm7Sm7th1gOtpG1IttvPPIBgUG83"}]
 LOG  👥 Settlement balances after processing: 2 entries
 LOG  👥 Non-zero balances: 5
 LOG  👥 Settled friends added: 0
 LOG  👥 Detailed settlement balances: [{"balance": -100, "email": "set3@gmail.com", "groupId": "aWT0Jz1AlM6jmAKNBqJW", "groupName": "Home", "name": "Set3", "source": "group", "userId": "Jm7Sm7th1gOtpG1IttvPPIBgUG83"}, {"balance": 66.67, "email": "set2@gmail.com", "groupId": "rx01BYFAEivzEeCxd5bU", "groupName": "Office", "name": "Set2", "source": "group", "userId": "CsFleJon8thWdQ08rbztMJPsWAb2"}]
 LOG  🏷️  Rendering group card: Office
 LOG  💳 Group balance from map: 133.34
 LOG  📊 Display: owed 133.34
 LOG  🏷️  Rendering group card: Home
 LOG  💳 Group balance from map: -100
 LOG  📊 Display: owes 100
 LOG  ❌ GroupDetailsModal: Not rendering - visible: false localGroupData: false
 LOG  📧 Found 0 received email friend requests (existing users)
 LOG  📧 Found 0 received email friend requests (existing users)
 LOG  📧 Found 0 received email friend requests (existing users)
 LOG  📧 Found 0 received email friend requests (existing users)
 LOG  📧 Found 0 received email friend requests (existing users)
 LOG  📧 Found 1 email invitations (new users)
 LOG  📋 Email invitation (new user): {"fromUserId": "7EUSVFvzTicHY63vEFFKMqkJZKJ2", "id": "itgZL3iWPKpz6kBZm0oK", "status": "sent", "toEmail": "set4@gmail.com"}
 LOG  📧 Found 1 email invitations (new users)
 LOG  📋 Email invitation (new user): {"fromUserId": "7EUSVFvzTicHY63vEFFKMqkJZKJ2", "id": "itgZL3iWPKpz6kBZm0oK", "status": "sent", "toEmail": "set4@gmail.com"}
 LOG  📧 Found 1 email invitations (new users)
 LOG  📋 Email invitation (new user): {"fromUserId": "7EUSVFvzTicHY63vEFFKMqkJZKJ2", "id": "itgZL3iWPKpz6kBZm0oK", "status": "sent", "toEmail": "set4@gmail.com"}
 LOG  📧 Found 1 email invitations (new users)
 LOG  📋 Email invitation (new user): {"fromUserId": "7EUSVFvzTicHY63vEFFKMqkJZKJ2", "id": "itgZL3iWPKpz6kBZm0oK", "status": "sent", "toEmail": "set4@gmail.com"}
 LOG  📧 Found 1 email invitations (new users)
 LOG  📋 Email invitation (new user): {"fromUserId": "7EUSVFvzTicHY63vEFFKMqkJZKJ2", "id": "itgZL3iWPKpz6kBZm0oK", "status": "sent", "toEmail": "set4@gmail.com"}
 LOG  📱 Found 0 pending SMS/WhatsApp invitations
 LOG  ✅ Returning 1 total pending invitations: {"newEmailUsers": 1, "receivedExistingUsers": 0, "sentExistingUsers": 0, "smsWhatsApp": 0}
 LOG  Processing 4 friendships for settlement
 LOG  Processing 2 groups for settlement
 LOG  Processing settlement balances for group: Office with 3 members
 LOG  
🔍 === DETAILED BALANCE CALCULATION ===
 LOG  👤 User1 (You): 7EUSVFvzTicHY63vEFFKMqkJZKJ2
 LOG  👤 User2 (Them): CsFleJon8thWdQ08rbztMJPsWAb2
 LOG  🏢 Group: rx01BYFAEivzEeCxd5bU
 LOG  📱 Found 0 pending SMS/WhatsApp invitations
 LOG  ✅ Returning 1 total pending invitations: {"newEmailUsers": 1, "receivedExistingUsers": 0, "sentExistingUsers": 0, "smsWhatsApp": 0}
 LOG  Processing 4 friendships
 LOG  Processing 2 groups
 LOG  Processing group: Office with 3 members
 LOG  Skipping group balance for Set2 - already counted as friend
 LOG  Skipping group balance for Set3 - already counted as friend
 LOG  Processing group: Home with 3 members
 LOG  Skipping group balance for Set2 - already counted as friend
 LOG  Skipping group balance for Set3 - already counted as friend
 LOG  ✅ UNIFIED balance calculation complete: {"netBalance": 33.33, "relationships": 2, "totalOwed": 66.67, "totalOwing": 33.33}
 LOG  📱 Found 0 pending SMS/WhatsApp invitations
 LOG  ✅ Returning 1 total pending invitations: {"newEmailUsers": 1, "receivedExistingUsers": 0, "sentExistingUsers": 0, "smsWhatsApp": 0}
 LOG  ✅ useBalances: Refresh complete: {"detailCount": 2, "friendsCount": 4, "netBalance": 33.33, "totalOwed": 66.67, "totalOwing": 33.33}
 LOG  📱 Found 0 pending SMS/WhatsApp invitations
 LOG  ✅ Returning 1 total pending invitations: {"newEmailUsers": 1, "receivedExistingUsers": 0, "sentExistingUsers": 0, "smsWhatsApp": 0}
 LOG  Processing 4 friendships
 LOG  Processing 2 groups
 LOG  Processing group: Office with 3 members
 LOG  Skipping group balance for Set2 - already counted as friend
 LOG  Skipping group balance for Set3 - already counted as friend
 LOG  Processing group: Home with 3 members
 LOG  Skipping group balance for Set2 - already counted as friend
 LOG  Skipping group balance for Set3 - already counted as friend
 LOG  ✅ UNIFIED balance calculation complete: {"netBalance": 33.33, "relationships": 2, "totalOwed": 66.67, "totalOwing": 33.33}
 LOG  📱 Found 0 pending SMS/WhatsApp invitations
 LOG  ✅ Returning 1 total pending invitations: {"newEmailUsers": 1, "receivedExistingUsers": 0, "sentExistingUsers": 0, "smsWhatsApp": 0}
 LOG  ✅ useBalances: Refresh complete: {"detailCount": 2, "friendsCount": 4, "netBalance": 33.33, "totalOwed": 66.67, "totalOwing": 33.33}
 LOG  📊 useBalances: Current state: {"friendCount": 2, "friendsDataCount": 4, "groupMemberCount": 0, "netBalance": 33.33, "totalOwed": 66.67, "totalOwing": 33.33, "totalRelationships": 2}
 LOG  📊 useBalances: Friends breakdown: [{"balance": -33.33333333333333, "name": "Set3", "source": "friend"}, {"balance": 66.66666666666667, "name": "Set2", "source": "friend"}]
 LOG  📊 useBalances: Group members breakdown: []
 LOG  📊 useBalances: Current state: {"friendCount": 2, "friendsDataCount": 4, "groupMemberCount": 0, "netBalance": 33.33, "totalOwed": 66.67, "totalOwing": 33.33, "totalRelationships": 2}
 LOG  📊 useBalances: Friends breakdown: [{"balance": -33.33333333333333, "name": "Set3", "source": "friend"}, {"balance": 66.66666666666667, "name": "Set2", "source": "friend"}]
 LOG  📊 useBalances: Group members breakdown: []
 LOG  📋 Total expenses found: 1
 LOG  
💰 Expense 1: "Woolies"
 LOG  💵 Amount: 200
 LOG  💳 Paid by: 7EUSVFvzTicHY63vEFFKMqkJZKJ2
 LOG  📊 Split data: ["7EUSVFvzTicHY63vEFFKMqkJZKJ2: 66.66666666666667 (paid: false)", "CsFleJon8thWdQ08rbztMJPsWAb2: 66.66666666666667 (paid: false)", "Jm7Sm7th1gOtpG1IttvPPIBgUG83: 66.66666666666667 (paid: false)"]
 LOG  ➕ User2 owes User1: 66.66666666666667 (UNPAID)
 LOG  📊 Expense balance: 66.66666666666667
 LOG  📊 Running total: 66.66666666666667
 LOG  
✅ === FINAL RESULT ===
 LOG  🔢 Final balance: 66.67
 LOG  💭 Interpretation: User2 owes User1
 LOG  ===============================
 LOG  💰 Settlement: Set2 in Office: 66.67
 LOG  
🔍 === DETAILED BALANCE CALCULATION ===
 LOG  👤 User1 (You): 7EUSVFvzTicHY63vEFFKMqkJZKJ2
 LOG  👤 User2 (Them): Jm7Sm7th1gOtpG1IttvPPIBgUG83
 LOG  🏢 Group: rx01BYFAEivzEeCxd5bU
 LOG  📋 Total expenses found: 1
 LOG  
💰 Expense 1: "Woolies"
 LOG  💵 Amount: 200
 LOG  💳 Paid by: 7EUSVFvzTicHY63vEFFKMqkJZKJ2
 LOG  📊 Split data: ["7EUSVFvzTicHY63vEFFKMqkJZKJ2: 66.66666666666667 (paid: false)", "CsFleJon8thWdQ08rbztMJPsWAb2: 66.66666666666667 (paid: false)", "Jm7Sm7th1gOtpG1IttvPPIBgUG83: 66.66666666666667 (paid: false)"]
 LOG  ➕ User2 owes User1: 66.66666666666667 (UNPAID)
 LOG  📊 Expense balance: 66.66666666666667
 LOG  📊 Running total: 66.66666666666667
 LOG  
✅ === FINAL RESULT ===
 LOG  🔢 Final balance: 66.67
 LOG  💭 Interpretation: User2 owes User1
 LOG  ===============================
 LOG  💰 Settlement: Set3 in Office: 66.67
 LOG  Processing settlement balances for group: Home with 3 members
 LOG  
🔍 === DETAILED BALANCE CALCULATION ===
 LOG  👤 User1 (You): 7EUSVFvzTicHY63vEFFKMqkJZKJ2
 LOG  👤 User2 (Them): CsFleJon8thWdQ08rbztMJPsWAb2
 LOG  🏢 Group: aWT0Jz1AlM6jmAKNBqJW
 LOG  📋 Total expenses found: 4
 LOG  
💰 Expense 1: "Myer"
 LOG  💵 Amount: 320
 LOG  💳 Paid by: CsFleJon8thWdQ08rbztMJPsWAb2
 LOG  📊 Split data: ["7EUSVFvzTicHY63vEFFKMqkJZKJ2: 106.66666666666667 (paid: true)", "CsFleJon8thWdQ08rbztMJPsWAb2: 106.66666666666667 (paid: false)", "Jm7Sm7th1gOtpG1IttvPPIBgUG83: 106.66666666666667 (paid: false)"]
 LOG  ✅ User1 split: 106.66666666666667 (ALREADY PAID)
 LOG  📊 Expense balance: 0
 LOG  📊 Running total: 0
 LOG  
💰 Expense 2: "Coles"
 LOG  💵 Amount: 200
 LOG  💳 Paid by: Jm7Sm7th1gOtpG1IttvPPIBgUG83
 LOG  📊 Split data: ["7EUSVFvzTicHY63vEFFKMqkJZKJ2: 100 (paid: false)", "Jm7Sm7th1gOtpG1IttvPPIBgUG83: 100 (paid: false)"]
 LOG  👥 Someone else paid (Jm7Sm7th1gOtpG1IttvPPIBgUG83) - no direct balance impact
 LOG  📊 Expense balance: 0
 LOG  📊 Running total: 0
 LOG  
💰 Expense 3: "Icecream"
 LOG  💵 Amount: 250
 LOG  💳 Paid by: CsFleJon8thWdQ08rbztMJPsWAb2
 LOG  📊 Split data: ["7EUSVFvzTicHY63vEFFKMqkJZKJ2: 83.33333333333333 (paid: true)", "CsFleJon8thWdQ08rbztMJPsWAb2: 83.33333333333333 (paid: false)", "Jm7Sm7th1gOtpG1IttvPPIBgUG83: 83.33333333333333 (paid: false)"]
 LOG  ✅ User1 split: 83.33333333333333 (ALREADY PAID)
 LOG  📊 Expense balance: 0
 LOG  📊 Running total: 0
 LOG  
💰 Expense 4: "Dinner"
 LOG  💵 Amount: 150
 LOG  💳 Paid by: 7EUSVFvzTicHY63vEFFKMqkJZKJ2
 LOG  📊 Split data: ["7EUSVFvzTicHY63vEFFKMqkJZKJ2: 50 (paid: false)", "CsFleJon8thWdQ08rbztMJPsWAb2: 50 (paid: true)", "Jm7Sm7th1gOtpG1IttvPPIBgUG83: 50 (paid: true)"]
 LOG  ✅ User2 split: 50 (ALREADY PAID)
 LOG  📊 Expense balance: 0
 LOG  📊 Running total: 0
 LOG  
✅ === FINAL RESULT ===
 LOG  🔢 Final balance: 0
 LOG  💭 Interpretation: No balance
 LOG  ===============================
 LOG  
🔍 === DETAILED BALANCE CALCULATION ===
 LOG  👤 User1 (You): 7EUSVFvzTicHY63vEFFKMqkJZKJ2
 LOG  👤 User2 (Them): Jm7Sm7th1gOtpG1IttvPPIBgUG83
 LOG  🏢 Group: aWT0Jz1AlM6jmAKNBqJW
 LOG  📋 Total expenses found: 4
 LOG  
💰 Expense 1: "Myer"
 LOG  💵 Amount: 320
 LOG  💳 Paid by: CsFleJon8thWdQ08rbztMJPsWAb2
 LOG  📊 Split data: ["7EUSVFvzTicHY63vEFFKMqkJZKJ2: 106.66666666666667 (paid: true)", "CsFleJon8thWdQ08rbztMJPsWAb2: 106.66666666666667 (paid: false)", "Jm7Sm7th1gOtpG1IttvPPIBgUG83: 106.66666666666667 (paid: false)"]
 LOG  👥 Someone else paid (CsFleJon8thWdQ08rbztMJPsWAb2) - no direct balance impact
 LOG  📊 Expense balance: 0
 LOG  📊 Running total: 0
 LOG  
💰 Expense 2: "Coles"
 LOG  💵 Amount: 200
 LOG  💳 Paid by: Jm7Sm7th1gOtpG1IttvPPIBgUG83
 LOG  📊 Split data: ["7EUSVFvzTicHY63vEFFKMqkJZKJ2: 100 (paid: false)", "Jm7Sm7th1gOtpG1IttvPPIBgUG83: 100 (paid: false)"]
 LOG  ➖ User1 owes User2: 100 (UNPAID)
 LOG  📊 Expense balance: -100
 LOG  📊 Running total: -100
 LOG  
💰 Expense 3: "Icecream"
 LOG  💵 Amount: 250
 LOG  💳 Paid by: CsFleJon8thWdQ08rbztMJPsWAb2
 LOG  📊 Split data: ["7EUSVFvzTicHY63vEFFKMqkJZKJ2: 83.33333333333333 (paid: true)", "CsFleJon8thWdQ08rbztMJPsWAb2: 83.33333333333333 (paid: false)", "Jm7Sm7th1gOtpG1IttvPPIBgUG83: 83.33333333333333 (paid: false)"]
 LOG  👥 Someone else paid (CsFleJon8thWdQ08rbztMJPsWAb2) - no direct balance impact
 LOG  📊 Expense balance: 0
 LOG  📊 Running total: -100
 LOG  
💰 Expense 4: "Dinner"
 LOG  💵 Amount: 150
 LOG  💳 Paid by: 7EUSVFvzTicHY63vEFFKMqkJZKJ2
 LOG  📊 Split data: ["7EUSVFvzTicHY63vEFFKMqkJZKJ2: 50 (paid: false)", "CsFleJon8thWdQ08rbztMJPsWAb2: 50 (paid: true)", "Jm7Sm7th1gOtpG1IttvPPIBgUG83: 50 (paid: true)"]
 LOG  ✅ User2 split: 50 (ALREADY PAID)
 LOG  📊 Expense balance: 0
 LOG  📊 Running total: -100
 LOG  
✅ === FINAL RESULT ===
 LOG  🔢 Final balance: -100
 LOG  💭 Interpretation: User1 owes User2
 LOG  ===============================
 LOG  💰 Settlement: Set3 in Home: -100
 LOG  ✅ SETTLEMENT balance calculation complete: {"friendEntries": 2, "groupEntries": 3, "totalEntries": 5}
 LOG  📊 Raw settlement balances from friendsBalances: [{"avatar": "", "balance": -33.33333333333333, "breakdown": {"fromFriendships": -33.33333333333333, "fromGroups": [Object]}, "email": "set3@gmail.com", "lastUpdated": [Object], "name": "Set3", "source": "friend", "userId": "Jm7Sm7th1gOtpG1IttvPPIBgUG83"}, {"avatar": "", "balance": 66.66666666666667, "breakdown": {"fromFriendships": 66.66666666666667, "fromGroups": [Object]}, "email": "set2@gmail.com", "lastUpdated": [Object], "name": "Set2", "source": "friend", "userId": "CsFleJon8thWdQ08rbztMJPsWAb2"}, {"avatar": "", "balance": 66.67, "breakdown": {"fromFriendships": 0, "fromGroups": [Object]}, "email": "set2@gmail.com", "groupId": "rx01BYFAEivzEeCxd5bU", "groupName": "Office", "lastUpdated": 2025-08-01T22:51:43.561Z, "name": "Set2", "source": "group", "userId": "CsFleJon8thWdQ08rbztMJPsWAb2"}, {"avatar": "", "balance": 66.67, "breakdown": {"fromFriendships": 0, "fromGroups": [Object]}, "email": "set3@gmail.com", "groupId": "rx01BYFAEivzEeCxd5bU", "groupName": "Office", "lastUpdated": 2025-08-01T22:51:43.662Z, "name": "Set3", "source": "group", "userId": "Jm7Sm7th1gOtpG1IttvPPIBgUG83"}, {"avatar": "", "balance": -100, "breakdown": {"fromFriendships": 0, "fromGroups": [Object]}, "email": "set3@gmail.com", "groupId": "aWT0Jz1AlM6jmAKNBqJW", "groupName": "Home", "lastUpdated": 2025-08-01T22:51:43.870Z, "name": "Set3", "source": "group", "userId": "Jm7Sm7th1gOtpG1IttvPPIBgUG83"}]
 LOG  👥 Settlement balances after processing: 2 entries
 LOG  👥 Non-zero balances: 5
 LOG  👥 Settled friends added: 0
 LOG  👥 Detailed settlement balances: [{"balance": -100, "email": "set3@gmail.com", "groupId": "aWT0Jz1AlM6jmAKNBqJW", "groupName": "Home", "name": "Set3", "source": "group", "userId": "Jm7Sm7th1gOtpG1IttvPPIBgUG83"}, {"balance": 66.67, "email": "set2@gmail.com", "groupId": "rx01BYFAEivzEeCxd5bU", "groupName": "Office", "name": "Set2", "source": "group", "userId": "CsFleJon8thWdQ08rbztMJPsWAb2"}]
 LOG  🏷️  Rendering group card: Office
 LOG  💳 Group balance from map: 133.34
 LOG  📊 Display: owed 133.34
 LOG  🏷️  Rendering group card: Home
 LOG  💳 Group balance from map: -100
 LOG  📊 Display: owes 100
 LOG  ❌ GroupDetailsModal: Not rendering - visible: false localGroupData: false
 LOG  🔄 Filtering balances with: {"activeFilter": "friends", "initialFriendId": undefined, "overviewBalancesCount": 2, "selectedFriendId": null, "selectedGroupId": null}
 ERROR  Warning: Encountered two children with the same key, `.1:$CsFleJon8thWdQ08rbztMJPsWAb2`. Keys should be unique so that components maintain their identity across updates. Non-unique keys may cause children to be duplicated and/or omitted — the behavior is unsupported and could change in a future version.

[0m [90m 51 |[39m   initialFriendId [33m=[39m undefined[33m,[39m
 [90m 52 |[39m   onClose
[31m[1m>[22m[39m[90m 53 |[39m }[33m:[39m [33mUnifiedSettlementScreenProps[39m) {
 [90m    |[39m                                  [31m[1m^[22m[39m
 [90m 54 |[39m   [36mconst[39m { theme } [33m=[39m useTheme()[33m;[39m
 [90m 55 |[39m   [36mconst[39m { user } [33m=[39m useAuth()[33m;[39m
 [90m 56 |[39m   [36mconst[39m overviewBalances [33m=[39m useOverviewBalances()[33m;[39m[0m

Call Stack
  TouchableOpacity (<anonymous>)
  Wrapper (<anonymous>)
  Wrapper (<anonymous>)
  RCTSafeAreaView (<anonymous>)
  UnifiedSettlementScreen (src/screens/main/UnifiedSettlementScreen.tsx:53:34)
  RCTModalHostView (<anonymous>)
  RNCSafeAreaView (<anonymous>)
  RealSplittingScreen (src/screens/main/RealSplittingScreen.tsx:91:35)
  SwipeableTabNavigator (src/navigation/MainTabNavigator.tsx:59:29)
  MainTabNavigator (<anonymous>)
  RNSScreenContainer (<anonymous>)
  RNCSafeAreaProvider (<anonymous>)
  AppNavigator (App.tsx:40:38)
  TourProvider (src/components/tour/TourProvider.tsx:14:40)
  AuthProvider (src/hooks/useAuth.tsx:29:75)
  ThemeProvider (src/hooks/useTheme.tsx:19:76)
  App (<anonymous>)
 LOG  🔄 Calculating SETTLEMENT balances for user: 7EUSVFvzTicHY63vEFFKMqkJZKJ2
 LOG  🔍 Fetching pending invitations for user: 7EUSVFvzTicHY63vEFFKMqkJZKJ2
 LOG  📧 Found 0 sent email friend requests (existing users)
 LOG  📧 Found 0 received email friend requests (existing users)
 LOG  📧 Found 1 email invitations (new users)
 LOG  📋 Email invitation (new user): {"fromUserId": "7EUSVFvzTicHY63vEFFKMqkJZKJ2", "id": "itgZL3iWPKpz6kBZm0oK", "status": "sent", "toEmail": "set4@gmail.com"}
 LOG  📱 Found 0 pending SMS/WhatsApp invitations
 LOG  ✅ Returning 1 total pending invitations: {"newEmailUsers": 1, "receivedExistingUsers": 0, "sentExistingUsers": 0, "smsWhatsApp": 0}
 LOG  Processing 4 friendships for settlement
 LOG  Processing 2 groups for settlement
 LOG  Processing settlement balances for group: Office with 3 members
 LOG  
🔍 === DETAILED BALANCE CALCULATION ===
 LOG  👤 User1 (You): 7EUSVFvzTicHY63vEFFKMqkJZKJ2
 LOG  👤 User2 (Them): CsFleJon8thWdQ08rbztMJPsWAb2
 LOG  🏢 Group: rx01BYFAEivzEeCxd5bU
 LOG  📋 Total expenses found: 1
 LOG  
💰 Expense 1: "Woolies"
 LOG  💵 Amount: 200
 LOG  💳 Paid by: 7EUSVFvzTicHY63vEFFKMqkJZKJ2
 LOG  📊 Split data: ["7EUSVFvzTicHY63vEFFKMqkJZKJ2: 66.66666666666667 (paid: false)", "CsFleJon8thWdQ08rbztMJPsWAb2: 66.66666666666667 (paid: false)", "Jm7Sm7th1gOtpG1IttvPPIBgUG83: 66.66666666666667 (paid: false)"]
 LOG  ➕ User2 owes User1: 66.66666666666667 (UNPAID)
 LOG  📊 Expense balance: 66.66666666666667
 LOG  📊 Running total: 66.66666666666667
 LOG  
✅ === FINAL RESULT ===
 LOG  🔢 Final balance: 66.67
 LOG  💭 Interpretation: User2 owes User1
 LOG  ===============================
 LOG  💰 Settlement: Set2 in Office: 66.67
 LOG  
🔍 === DETAILED BALANCE CALCULATION ===
 LOG  👤 User1 (You): 7EUSVFvzTicHY63vEFFKMqkJZKJ2
 LOG  👤 User2 (Them): Jm7Sm7th1gOtpG1IttvPPIBgUG83
 LOG  🏢 Group: rx01BYFAEivzEeCxd5bU
 LOG  📋 Total expenses found: 1
 LOG  
💰 Expense 1: "Woolies"
 LOG  💵 Amount: 200
 LOG  💳 Paid by: 7EUSVFvzTicHY63vEFFKMqkJZKJ2
 LOG  📊 Split data: ["7EUSVFvzTicHY63vEFFKMqkJZKJ2: 66.66666666666667 (paid: false)", "CsFleJon8thWdQ08rbztMJPsWAb2: 66.66666666666667 (paid: false)", "Jm7Sm7th1gOtpG1IttvPPIBgUG83: 66.66666666666667 (paid: false)"]
 LOG  ➕ User2 owes User1: 66.66666666666667 (UNPAID)
 LOG  📊 Expense balance: 66.66666666666667
 LOG  📊 Running total: 66.66666666666667
 LOG  
✅ === FINAL RESULT ===
 LOG  🔢 Final balance: 66.67
 LOG  💭 Interpretation: User2 owes User1
 LOG  ===============================
 LOG  💰 Settlement: Set3 in Office: 66.67
 LOG  Processing settlement balances for group: Home with 3 members
 LOG  
🔍 === DETAILED BALANCE CALCULATION ===
 LOG  👤 User1 (You): 7EUSVFvzTicHY63vEFFKMqkJZKJ2
 LOG  👤 User2 (Them): CsFleJon8thWdQ08rbztMJPsWAb2
 LOG  🏢 Group: aWT0Jz1AlM6jmAKNBqJW
 LOG  🔄 Filtering balances with: {"activeFilter": "groups", "initialFriendId": undefined, "overviewBalancesCount": 2, "selectedFriendId": null, "selectedGroupId": null}
 LOG  🔄 Calculating SETTLEMENT balances for user: 7EUSVFvzTicHY63vEFFKMqkJZKJ2
 LOG  📋 Total expenses found: 4
 LOG  
💰 Expense 1: "Myer"
 LOG  💵 Amount: 320
 LOG  💳 Paid by: CsFleJon8thWdQ08rbztMJPsWAb2
 LOG  📊 Split data: ["7EUSVFvzTicHY63vEFFKMqkJZKJ2: 106.66666666666667 (paid: true)", "CsFleJon8thWdQ08rbztMJPsWAb2: 106.66666666666667 (paid: false)", "Jm7Sm7th1gOtpG1IttvPPIBgUG83: 106.66666666666667 (paid: false)"]
 LOG  ✅ User1 split: 106.66666666666667 (ALREADY PAID)
 LOG  📊 Expense balance: 0
 LOG  📊 Running total: 0
 LOG  
💰 Expense 2: "Coles"
 LOG  💵 Amount: 200
 LOG  💳 Paid by: Jm7Sm7th1gOtpG1IttvPPIBgUG83
 LOG  📊 Split data: ["7EUSVFvzTicHY63vEFFKMqkJZKJ2: 100 (paid: false)", "Jm7Sm7th1gOtpG1IttvPPIBgUG83: 100 (paid: false)"]
 LOG  👥 Someone else paid (Jm7Sm7th1gOtpG1IttvPPIBgUG83) - no direct balance impact
 LOG  📊 Expense balance: 0
 LOG  📊 Running total: 0
 LOG  
💰 Expense 3: "Icecream"
 LOG  💵 Amount: 250
 LOG  💳 Paid by: CsFleJon8thWdQ08rbztMJPsWAb2
 LOG  📊 Split data: ["7EUSVFvzTicHY63vEFFKMqkJZKJ2: 83.33333333333333 (paid: true)", "CsFleJon8thWdQ08rbztMJPsWAb2: 83.33333333333333 (paid: false)", "Jm7Sm7th1gOtpG1IttvPPIBgUG83: 83.33333333333333 (paid: false)"]
 LOG  ✅ User1 split: 83.33333333333333 (ALREADY PAID)
 LOG  📊 Expense balance: 0
 LOG  📊 Running total: 0
 LOG  
💰 Expense 4: "Dinner"
 LOG  💵 Amount: 150
 LOG  💳 Paid by: 7EUSVFvzTicHY63vEFFKMqkJZKJ2
 LOG  📊 Split data: ["7EUSVFvzTicHY63vEFFKMqkJZKJ2: 50 (paid: false)", "CsFleJon8thWdQ08rbztMJPsWAb2: 50 (paid: true)", "Jm7Sm7th1gOtpG1IttvPPIBgUG83: 50 (paid: true)"]
 LOG  ✅ User2 split: 50 (ALREADY PAID)
 LOG  📊 Expense balance: 0
 LOG  📊 Running total: 0
 LOG  
✅ === FINAL RESULT ===
 LOG  🔢 Final balance: 0
 LOG  💭 Interpretation: No balance
 LOG  ===============================
 LOG  
🔍 === DETAILED BALANCE CALCULATION ===
 LOG  👤 User1 (You): 7EUSVFvzTicHY63vEFFKMqkJZKJ2
 LOG  👤 User2 (Them): Jm7Sm7th1gOtpG1IttvPPIBgUG83
 LOG  🏢 Group: aWT0Jz1AlM6jmAKNBqJW
 LOG  🔍 Fetching pending invitations for user: 7EUSVFvzTicHY63vEFFKMqkJZKJ2
 LOG  📋 Total expenses found: 4
 LOG  
💰 Expense 1: "Myer"
 LOG  💵 Amount: 320
 LOG  💳 Paid by: CsFleJon8thWdQ08rbztMJPsWAb2
 LOG  📊 Split data: ["7EUSVFvzTicHY63vEFFKMqkJZKJ2: 106.66666666666667 (paid: true)", "CsFleJon8thWdQ08rbztMJPsWAb2: 106.66666666666667 (paid: false)", "Jm7Sm7th1gOtpG1IttvPPIBgUG83: 106.66666666666667 (paid: false)"]
 LOG  👥 Someone else paid (CsFleJon8thWdQ08rbztMJPsWAb2) - no direct balance impact
 LOG  📊 Expense balance: 0
 LOG  📊 Running total: 0
 LOG  
💰 Expense 2: "Coles"
 LOG  💵 Amount: 200
 LOG  💳 Paid by: Jm7Sm7th1gOtpG1IttvPPIBgUG83
 LOG  📊 Split data: ["7EUSVFvzTicHY63vEFFKMqkJZKJ2: 100 (paid: false)", "Jm7Sm7th1gOtpG1IttvPPIBgUG83: 100 (paid: false)"]
 LOG  ➖ User1 owes User2: 100 (UNPAID)
 LOG  📊 Expense balance: -100
 LOG  📊 Running total: -100
 LOG  
💰 Expense 3: "Icecream"
 LOG  💵 Amount: 250
 LOG  💳 Paid by: CsFleJon8thWdQ08rbztMJPsWAb2
 LOG  📊 Split data: ["7EUSVFvzTicHY63vEFFKMqkJZKJ2: 83.33333333333333 (paid: true)", "CsFleJon8thWdQ08rbztMJPsWAb2: 83.33333333333333 (paid: false)", "Jm7Sm7th1gOtpG1IttvPPIBgUG83: 83.33333333333333 (paid: false)"]
 LOG  👥 Someone else paid (CsFleJon8thWdQ08rbztMJPsWAb2) - no direct balance impact
 LOG  📊 Expense balance: 0
 LOG  📊 Running total: -100
 LOG  
💰 Expense 4: "Dinner"
 LOG  💵 Amount: 150
 LOG  💳 Paid by: 7EUSVFvzTicHY63vEFFKMqkJZKJ2
 LOG  📊 Split data: ["7EUSVFvzTicHY63vEFFKMqkJZKJ2: 50 (paid: false)", "CsFleJon8thWdQ08rbztMJPsWAb2: 50 (paid: true)", "Jm7Sm7th1gOtpG1IttvPPIBgUG83: 50 (paid: true)"]
 LOG  ✅ User2 split: 50 (ALREADY PAID)
 LOG  📊 Expense balance: 0
 LOG  📊 Running total: -100
 LOG  
✅ === FINAL RESULT ===
 LOG  🔢 Final balance: -100
 LOG  💭 Interpretation: User1 owes User2
 LOG  ===============================
 LOG  💰 Settlement: Set3 in Home: -100
 LOG  ✅ SETTLEMENT balance calculation complete: {"friendEntries": 2, "groupEntries": 3, "totalEntries": 5}
 LOG  📊 Settlement balances retrieved: {"friends": 2, "groups": 3, "total": 5}
 LOG  📊 Generated individual balance entries (no consolidation): 5
 LOG  🔄 UnifiedSettlement: All balance entries before filtering: 5
 LOG    Entry 0: Set3 (friend) - groupId: none, amount: 33.33333333333333, isOwed: false
 LOG    Entry 1: Set2 (friend) - groupId: none, amount: 66.66666666666667, isOwed: true
 LOG    Entry 2: Set2 (group) - groupId: rx01BYFAEivzEeCxd5bU, amount: 66.67, isOwed: true
 LOG    Entry 3: Set3 (group) - groupId: rx01BYFAEivzEeCxd5bU, amount: 66.67, isOwed: true
 LOG    Entry 4: Set3 (group) - groupId: aWT0Jz1AlM6jmAKNBqJW, amount: 100, isOwed: false
 LOG  ✅ Balance filtering completed: {"filtered": 2, "totalOwed": 66.66666666666667, "totalOwing": 33.33333333333333}
 LOG  📧 Found 0 sent email friend requests (existing users)
 LOG  📧 Found 0 received email friend requests (existing users)
 LOG  📧 Found 1 email invitations (new users)
 LOG  📋 Email invitation (new user): {"fromUserId": "7EUSVFvzTicHY63vEFFKMqkJZKJ2", "id": "itgZL3iWPKpz6kBZm0oK", "status": "sent", "toEmail": "set4@gmail.com"}
 LOG  📱 Found 0 pending SMS/WhatsApp invitations
 LOG  ✅ Returning 1 total pending invitations: {"newEmailUsers": 1, "receivedExistingUsers": 0, "sentExistingUsers": 0, "smsWhatsApp": 0}
 LOG  Processing 4 friendships for settlement
 LOG  Processing 2 groups for settlement
 LOG  Processing settlement balances for group: Office with 3 members
 LOG  
🔍 === DETAILED BALANCE CALCULATION ===
 LOG  👤 User1 (You): 7EUSVFvzTicHY63vEFFKMqkJZKJ2
 LOG  👤 User2 (Them): CsFleJon8thWdQ08rbztMJPsWAb2
 LOG  🏢 Group: rx01BYFAEivzEeCxd5bU
 LOG  📋 Total expenses found: 1
 LOG  
💰 Expense 1: "Woolies"
 LOG  💵 Amount: 200
 LOG  💳 Paid by: 7EUSVFvzTicHY63vEFFKMqkJZKJ2
 LOG  📊 Split data: ["7EUSVFvzTicHY63vEFFKMqkJZKJ2: 66.66666666666667 (paid: false)", "CsFleJon8thWdQ08rbztMJPsWAb2: 66.66666666666667 (paid: false)", "Jm7Sm7th1gOtpG1IttvPPIBgUG83: 66.66666666666667 (paid: false)"]
 LOG  ➕ User2 owes User1: 66.66666666666667 (UNPAID)
 LOG  📊 Expense balance: 66.66666666666667
 LOG  📊 Running total: 66.66666666666667
 LOG  
✅ === FINAL RESULT ===
 LOG  🔢 Final balance: 66.67
 LOG  💭 Interpretation: User2 owes User1
 LOG  ===============================
 LOG  💰 Settlement: Set2 in Office: 66.67
 LOG  
🔍 === DETAILED BALANCE CALCULATION ===
 LOG  👤 User1 (You): 7EUSVFvzTicHY63vEFFKMqkJZKJ2
 LOG  👤 User2 (Them): Jm7Sm7th1gOtpG1IttvPPIBgUG83
 LOG  🏢 Group: rx01BYFAEivzEeCxd5bU
 LOG  📋 Total expenses found: 1
 LOG  
💰 Expense 1: "Woolies"
 LOG  💵 Amount: 200
 LOG  💳 Paid by: 7EUSVFvzTicHY63vEFFKMqkJZKJ2
 LOG  📊 Split data: ["7EUSVFvzTicHY63vEFFKMqkJZKJ2: 66.66666666666667 (paid: false)", "CsFleJon8thWdQ08rbztMJPsWAb2: 66.66666666666667 (paid: false)", "Jm7Sm7th1gOtpG1IttvPPIBgUG83: 66.66666666666667 (paid: false)"]
 LOG  ➕ User2 owes User1: 66.66666666666667 (UNPAID)
 LOG  📊 Expense balance: 66.66666666666667
 LOG  📊 Running total: 66.66666666666667
 LOG  
✅ === FINAL RESULT ===
 LOG  🔢 Final balance: 66.67
 LOG  💭 Interpretation: User2 owes User1
 LOG  ===============================
 LOG  💰 Settlement: Set3 in Office: 66.67
 LOG  Processing settlement balances for group: Home with 3 members
 LOG  
🔍 === DETAILED BALANCE CALCULATION ===
 LOG  👤 User1 (You): 7EUSVFvzTicHY63vEFFKMqkJZKJ2
 LOG  👤 User2 (Them): CsFleJon8thWdQ08rbztMJPsWAb2
 LOG  🏢 Group: aWT0Jz1AlM6jmAKNBqJW
 LOG  📋 Total expenses found: 4
 LOG  
💰 Expense 1: "Myer"
 LOG  💵 Amount: 320
 LOG  💳 Paid by: CsFleJon8thWdQ08rbztMJPsWAb2
 LOG  📊 Split data: ["7EUSVFvzTicHY63vEFFKMqkJZKJ2: 106.66666666666667 (paid: true)", "CsFleJon8thWdQ08rbztMJPsWAb2: 106.66666666666667 (paid: false)", "Jm7Sm7th1gOtpG1IttvPPIBgUG83: 106.66666666666667 (paid: false)"]
 LOG  ✅ User1 split: 106.66666666666667 (ALREADY PAID)
 LOG  📊 Expense balance: 0
 LOG  📊 Running total: 0
 LOG  
💰 Expense 2: "Coles"
 LOG  💵 Amount: 200
 LOG  💳 Paid by: Jm7Sm7th1gOtpG1IttvPPIBgUG83
 LOG  📊 Split data: ["7EUSVFvzTicHY63vEFFKMqkJZKJ2: 100 (paid: false)", "Jm7Sm7th1gOtpG1IttvPPIBgUG83: 100 (paid: false)"]
 LOG  👥 Someone else paid (Jm7Sm7th1gOtpG1IttvPPIBgUG83) - no direct balance impact
 LOG  📊 Expense balance: 0
 LOG  📊 Running total: 0
 LOG  
💰 Expense 3: "Icecream"
 LOG  💵 Amount: 250
 LOG  💳 Paid by: CsFleJon8thWdQ08rbztMJPsWAb2
 LOG  📊 Split data: ["7EUSVFvzTicHY63vEFFKMqkJZKJ2: 83.33333333333333 (paid: true)", "CsFleJon8thWdQ08rbztMJPsWAb2: 83.33333333333333 (paid: false)", "Jm7Sm7th1gOtpG1IttvPPIBgUG83: 83.33333333333333 (paid: false)"]
 LOG  ✅ User1 split: 83.33333333333333 (ALREADY PAID)
 LOG  📊 Expense balance: 0
 LOG  📊 Running total: 0
 LOG  
💰 Expense 4: "Dinner"
 LOG  💵 Amount: 150
 LOG  💳 Paid by: 7EUSVFvzTicHY63vEFFKMqkJZKJ2
 LOG  📊 Split data: ["7EUSVFvzTicHY63vEFFKMqkJZKJ2: 50 (paid: false)", "CsFleJon8thWdQ08rbztMJPsWAb2: 50 (paid: true)", "Jm7Sm7th1gOtpG1IttvPPIBgUG83: 50 (paid: true)"]
 LOG  ✅ User2 split: 50 (ALREADY PAID)
 LOG  📊 Expense balance: 0
 LOG  📊 Running total: 0
 LOG  
✅ === FINAL RESULT ===
 LOG  🔢 Final balance: 0
 LOG  💭 Interpretation: No balance
 LOG  ===============================
 LOG  
🔍 === DETAILED BALANCE CALCULATION ===
 LOG  👤 User1 (You): 7EUSVFvzTicHY63vEFFKMqkJZKJ2
 LOG  👤 User2 (Them): Jm7Sm7th1gOtpG1IttvPPIBgUG83
 LOG  🏢 Group: aWT0Jz1AlM6jmAKNBqJW
 LOG  📋 Total expenses found: 4
 LOG  
💰 Expense 1: "Myer"
 LOG  💵 Amount: 320
 LOG  💳 Paid by: CsFleJon8thWdQ08rbztMJPsWAb2
 LOG  📊 Split data: ["7EUSVFvzTicHY63vEFFKMqkJZKJ2: 106.66666666666667 (paid: true)", "CsFleJon8thWdQ08rbztMJPsWAb2: 106.66666666666667 (paid: false)", "Jm7Sm7th1gOtpG1IttvPPIBgUG83: 106.66666666666667 (paid: false)"]
 LOG  👥 Someone else paid (CsFleJon8thWdQ08rbztMJPsWAb2) - no direct balance impact
 LOG  📊 Expense balance: 0
 LOG  📊 Running total: 0
 LOG  
💰 Expense 2: "Coles"
 LOG  💵 Amount: 200
 LOG  💳 Paid by: Jm7Sm7th1gOtpG1IttvPPIBgUG83
 LOG  📊 Split data: ["7EUSVFvzTicHY63vEFFKMqkJZKJ2: 100 (paid: false)", "Jm7Sm7th1gOtpG1IttvPPIBgUG83: 100 (paid: false)"]
 LOG  ➖ User1 owes User2: 100 (UNPAID)
 LOG  📊 Expense balance: -100
 LOG  📊 Running total: -100
 LOG  
💰 Expense 3: "Icecream"
 LOG  💵 Amount: 250
 LOG  💳 Paid by: CsFleJon8thWdQ08rbztMJPsWAb2
 LOG  📊 Split data: ["7EUSVFvzTicHY63vEFFKMqkJZKJ2: 83.33333333333333 (paid: true)", "CsFleJon8thWdQ08rbztMJPsWAb2: 83.33333333333333 (paid: false)", "Jm7Sm7th1gOtpG1IttvPPIBgUG83: 83.33333333333333 (paid: false)"]
 LOG  👥 Someone else paid (CsFleJon8thWdQ08rbztMJPsWAb2) - no direct balance impact
 LOG  📊 Expense balance: 0
 LOG  📊 Running total: -100
 LOG  
💰 Expense 4: "Dinner"
 LOG  💵 Amount: 150
 LOG  💳 Paid by: 7EUSVFvzTicHY63vEFFKMqkJZKJ2
 LOG  📊 Split data: ["7EUSVFvzTicHY63vEFFKMqkJZKJ2: 50 (paid: false)", "CsFleJon8thWdQ08rbztMJPsWAb2: 50 (paid: true)", "Jm7Sm7th1gOtpG1IttvPPIBgUG83: 50 (paid: true)"]
 LOG  ✅ User2 split: 50 (ALREADY PAID)
 LOG  📊 Expense balance: 0
 LOG  📊 Running total: -100
 LOG  
✅ === FINAL RESULT ===
 LOG  🔢 Final balance: -100
 LOG  💭 Interpretation: User1 owes User2
 LOG  ===============================
 LOG  💰 Settlement: Set3 in Home: -100
 LOG  ✅ SETTLEMENT balance calculation complete: {"friendEntries": 2, "groupEntries": 3, "totalEntries": 5}
 LOG  📊 Settlement balances retrieved: {"friends": 2, "groups": 3, "total": 5}
 LOG  📊 Generated individual balance entries (no consolidation): 5
 LOG  🔄 UnifiedSettlement: All balance entries before filtering: 5
 LOG    Entry 0: Set3 (friend) - groupId: none, amount: 33.33333333333333, isOwed: false
 LOG    Entry 1: Set2 (friend) - groupId: none, amount: 66.66666666666667, isOwed: true
 LOG    Entry 2: Set2 (group) - groupId: rx01BYFAEivzEeCxd5bU, amount: 66.67, isOwed: true
 LOG    Entry 3: Set3 (group) - groupId: rx01BYFAEivzEeCxd5bU, amount: 66.67, isOwed: true
 LOG    Entry 4: Set3 (group) - groupId: aWT0Jz1AlM6jmAKNBqJW, amount: 100, isOwed: false
 LOG  ✅ Balance filtering completed: {"filtered": 3, "totalOwed": 133.34, "totalOwing": 100}
 LOG  🔄 Filtering balances with: {"activeFilter": "groups", "initialFriendId": undefined, "overviewBalancesCount": 2, "selectedFriendId": null, "selectedGroupId": "aWT0Jz1AlM6jmAKNBqJW"}
 LOG  🔄 Calculating SETTLEMENT balances for user: 7EUSVFvzTicHY63vEFFKMqkJZKJ2
 LOG  🔍 Fetching pending invitations for user: 7EUSVFvzTicHY63vEFFKMqkJZKJ2
 LOG  📧 Found 0 sent email friend requests (existing users)
 LOG  📧 Found 0 received email friend requests (existing users)
 LOG  📧 Found 1 email invitations (new users)
 LOG  📋 Email invitation (new user): {"fromUserId": "7EUSVFvzTicHY63vEFFKMqkJZKJ2", "id": "itgZL3iWPKpz6kBZm0oK", "status": "sent", "toEmail": "set4@gmail.com"}
 LOG  📱 Found 0 pending SMS/WhatsApp invitations
 LOG  ✅ Returning 1 total pending invitations: {"newEmailUsers": 1, "receivedExistingUsers": 0, "sentExistingUsers": 0, "smsWhatsApp": 0}
 LOG  Processing 4 friendships for settlement
 LOG  Processing 2 groups for settlement
 LOG  Processing settlement balances for group: Office with 3 members
 LOG  
🔍 === DETAILED BALANCE CALCULATION ===
 LOG  👤 User1 (You): 7EUSVFvzTicHY63vEFFKMqkJZKJ2
 LOG  👤 User2 (Them): CsFleJon8thWdQ08rbztMJPsWAb2
 LOG  🏢 Group: rx01BYFAEivzEeCxd5bU
 LOG  📋 Total expenses found: 1
 LOG  
💰 Expense 1: "Woolies"
 LOG  💵 Amount: 200
 LOG  💳 Paid by: 7EUSVFvzTicHY63vEFFKMqkJZKJ2
 LOG  📊 Split data: ["7EUSVFvzTicHY63vEFFKMqkJZKJ2: 66.66666666666667 (paid: false)", "CsFleJon8thWdQ08rbztMJPsWAb2: 66.66666666666667 (paid: false)", "Jm7Sm7th1gOtpG1IttvPPIBgUG83: 66.66666666666667 (paid: false)"]
 LOG  ➕ User2 owes User1: 66.66666666666667 (UNPAID)
 LOG  📊 Expense balance: 66.66666666666667
 LOG  📊 Running total: 66.66666666666667
 LOG  
✅ === FINAL RESULT ===
 LOG  🔢 Final balance: 66.67
 LOG  💭 Interpretation: User2 owes User1
 LOG  ===============================
 LOG  💰 Settlement: Set2 in Office: 66.67
 LOG  
🔍 === DETAILED BALANCE CALCULATION ===
 LOG  👤 User1 (You): 7EUSVFvzTicHY63vEFFKMqkJZKJ2
 LOG  👤 User2 (Them): Jm7Sm7th1gOtpG1IttvPPIBgUG83
 LOG  🏢 Group: rx01BYFAEivzEeCxd5bU
 LOG  📋 Total expenses found: 1
 LOG  
💰 Expense 1: "Woolies"
 LOG  💵 Amount: 200
 LOG  💳 Paid by: 7EUSVFvzTicHY63vEFFKMqkJZKJ2
 LOG  📊 Split data: ["7EUSVFvzTicHY63vEFFKMqkJZKJ2: 66.66666666666667 (paid: false)", "CsFleJon8thWdQ08rbztMJPsWAb2: 66.66666666666667 (paid: false)", "Jm7Sm7th1gOtpG1IttvPPIBgUG83: 66.66666666666667 (paid: false)"]
 LOG  ➕ User2 owes User1: 66.66666666666667 (UNPAID)
 LOG  📊 Expense balance: 66.66666666666667
 LOG  📊 Running total: 66.66666666666667
 LOG  
✅ === FINAL RESULT ===
 LOG  🔢 Final balance: 66.67
 LOG  💭 Interpretation: User2 owes User1
 LOG  ===============================
 LOG  💰 Settlement: Set3 in Office: 66.67
 LOG  Processing settlement balances for group: Home with 3 members
 LOG  
🔍 === DETAILED BALANCE CALCULATION ===
 LOG  👤 User1 (You): 7EUSVFvzTicHY63vEFFKMqkJZKJ2
 LOG  👤 User2 (Them): CsFleJon8thWdQ08rbztMJPsWAb2
 LOG  🏢 Group: aWT0Jz1AlM6jmAKNBqJW
 LOG  📋 Total expenses found: 4
 LOG  
💰 Expense 1: "Myer"
 LOG  💵 Amount: 320
 LOG  💳 Paid by: CsFleJon8thWdQ08rbztMJPsWAb2
 LOG  📊 Split data: ["7EUSVFvzTicHY63vEFFKMqkJZKJ2: 106.66666666666667 (paid: true)", "CsFleJon8thWdQ08rbztMJPsWAb2: 106.66666666666667 (paid: false)", "Jm7Sm7th1gOtpG1IttvPPIBgUG83: 106.66666666666667 (paid: false)"]
 LOG  ✅ User1 split: 106.66666666666667 (ALREADY PAID)
 LOG  📊 Expense balance: 0
 LOG  📊 Running total: 0
 LOG  
💰 Expense 2: "Coles"
 LOG  💵 Amount: 200
 LOG  💳 Paid by: Jm7Sm7th1gOtpG1IttvPPIBgUG83
 LOG  📊 Split data: ["7EUSVFvzTicHY63vEFFKMqkJZKJ2: 100 (paid: false)", "Jm7Sm7th1gOtpG1IttvPPIBgUG83: 100 (paid: false)"]
 LOG  👥 Someone else paid (Jm7Sm7th1gOtpG1IttvPPIBgUG83) - no direct balance impact
 LOG  📊 Expense balance: 0
 LOG  📊 Running total: 0
 LOG  
💰 Expense 3: "Icecream"
 LOG  💵 Amount: 250
 LOG  💳 Paid by: CsFleJon8thWdQ08rbztMJPsWAb2
 LOG  📊 Split data: ["7EUSVFvzTicHY63vEFFKMqkJZKJ2: 83.33333333333333 (paid: true)", "CsFleJon8thWdQ08rbztMJPsWAb2: 83.33333333333333 (paid: false)", "Jm7Sm7th1gOtpG1IttvPPIBgUG83: 83.33333333333333 (paid: false)"]
 LOG  ✅ User1 split: 83.33333333333333 (ALREADY PAID)
 LOG  📊 Expense balance: 0
 LOG  📊 Running total: 0
 LOG  
💰 Expense 4: "Dinner"
 LOG  💵 Amount: 150
 LOG  💳 Paid by: 7EUSVFvzTicHY63vEFFKMqkJZKJ2
 LOG  📊 Split data: ["7EUSVFvzTicHY63vEFFKMqkJZKJ2: 50 (paid: false)", "CsFleJon8thWdQ08rbztMJPsWAb2: 50 (paid: true)", "Jm7Sm7th1gOtpG1IttvPPIBgUG83: 50 (paid: true)"]
 LOG  ✅ User2 split: 50 (ALREADY PAID)
 LOG  📊 Expense balance: 0
 LOG  📊 Running total: 0
 LOG  
✅ === FINAL RESULT ===
 LOG  🔢 Final balance: 0
 LOG  💭 Interpretation: No balance
 LOG  ===============================
 LOG  
🔍 === DETAILED BALANCE CALCULATION ===
 LOG  👤 User1 (You): 7EUSVFvzTicHY63vEFFKMqkJZKJ2
 LOG  👤 User2 (Them): Jm7Sm7th1gOtpG1IttvPPIBgUG83
 LOG  🏢 Group: aWT0Jz1AlM6jmAKNBqJW
 LOG  📋 Total expenses found: 4
 LOG  
💰 Expense 1: "Myer"
 LOG  💵 Amount: 320
 LOG  💳 Paid by: CsFleJon8thWdQ08rbztMJPsWAb2
 LOG  📊 Split data: ["7EUSVFvzTicHY63vEFFKMqkJZKJ2: 106.66666666666667 (paid: true)", "CsFleJon8thWdQ08rbztMJPsWAb2: 106.66666666666667 (paid: false)", "Jm7Sm7th1gOtpG1IttvPPIBgUG83: 106.66666666666667 (paid: false)"]
 LOG  👥 Someone else paid (CsFleJon8thWdQ08rbztMJPsWAb2) - no direct balance impact
 LOG  📊 Expense balance: 0
 LOG  📊 Running total: 0
 LOG  
💰 Expense 2: "Coles"
 LOG  💵 Amount: 200
 LOG  💳 Paid by: Jm7Sm7th1gOtpG1IttvPPIBgUG83
 LOG  📊 Split data: ["7EUSVFvzTicHY63vEFFKMqkJZKJ2: 100 (paid: false)", "Jm7Sm7th1gOtpG1IttvPPIBgUG83: 100 (paid: false)"]
 LOG  ➖ User1 owes User2: 100 (UNPAID)
 LOG  📊 Expense balance: -100
 LOG  📊 Running total: -100
 LOG  
💰 Expense 3: "Icecream"
 LOG  💵 Amount: 250
 LOG  💳 Paid by: CsFleJon8thWdQ08rbztMJPsWAb2
 LOG  📊 Split data: ["7EUSVFvzTicHY63vEFFKMqkJZKJ2: 83.33333333333333 (paid: true)", "CsFleJon8thWdQ08rbztMJPsWAb2: 83.33333333333333 (paid: false)", "Jm7Sm7th1gOtpG1IttvPPIBgUG83: 83.33333333333333 (paid: false)"]
 LOG  👥 Someone else paid (CsFleJon8thWdQ08rbztMJPsWAb2) - no direct balance impact
 LOG  📊 Expense balance: 0
 LOG  📊 Running total: -100
 LOG  
💰 Expense 4: "Dinner"
 LOG  💵 Amount: 150
 LOG  💳 Paid by: 7EUSVFvzTicHY63vEFFKMqkJZKJ2
 LOG  📊 Split data: ["7EUSVFvzTicHY63vEFFKMqkJZKJ2: 50 (paid: false)", "CsFleJon8thWdQ08rbztMJPsWAb2: 50 (paid: true)", "Jm7Sm7th1gOtpG1IttvPPIBgUG83: 50 (paid: true)"]
 LOG  ✅ User2 split: 50 (ALREADY PAID)
 LOG  📊 Expense balance: 0
 LOG  📊 Running total: -100
 LOG  
✅ === FINAL RESULT ===
 LOG  🔢 Final balance: -100
 LOG  💭 Interpretation: User1 owes User2
 LOG  ===============================
 LOG  💰 Settlement: Set3 in Home: -100
 LOG  ✅ SETTLEMENT balance calculation complete: {"friendEntries": 2, "groupEntries": 3, "totalEntries": 5}
 LOG  📊 Settlement balances retrieved: {"friends": 2, "groups": 3, "total": 5}
 LOG  📊 Generated individual balance entries (no consolidation): 5
 LOG  🔄 UnifiedSettlement: All balance entries before filtering: 5
 LOG    Entry 0: Set3 (friend) - groupId: none, amount: 33.33333333333333, isOwed: false
 LOG    Entry 1: Set2 (friend) - groupId: none, amount: 66.66666666666667, isOwed: true
 LOG    Entry 2: Set2 (group) - groupId: rx01BYFAEivzEeCxd5bU, amount: 66.67, isOwed: true
 LOG    Entry 3: Set3 (group) - groupId: rx01BYFAEivzEeCxd5bU, amount: 66.67, isOwed: true
 LOG    Entry 4: Set3 (group) - groupId: aWT0Jz1AlM6jmAKNBqJW, amount: 100, isOwed: false
 LOG  🔍 Filtering by specific group: aWT0Jz1AlM6jmAKNBqJW
 LOG  📊 Before group filter: 3 entries
 LOG    Entry 0: groupId=rx01BYFAEivzEeCxd5bU, name=Set2, balance=66.67
 LOG    Entry 1: groupId=rx01BYFAEivzEeCxd5bU, name=Set3, balance=66.67
 LOG    Entry 2: groupId=aWT0Jz1AlM6jmAKNBqJW, name=Set3, balance=100
 LOG  📊 After group filter: 1 entries
 LOG    Filtered Entry 0: groupId=aWT0Jz1AlM6jmAKNBqJW, name=Set3, balance=100
 LOG  ✅ Balance filtering completed: {"filtered": 1, "totalOwed": 0, "totalOwing": 100}
 LOG  🔄 Getting group balance overview for group: aWT0Jz1AlM6jmAKNBqJW
 LOG  💰 Found 4 expenses in group Home
 LOG  👥 Active members in group: 3
 LOG  � Processing expense: Myer - $320 paid by CsFleJon8thWdQ08rbztMJPsWAb2
 LOG  📊 Split data: ["7EUSVFvzTicHY63vEFFKMqkJZKJ2: 106.66666666666667 (paid: true)", "CsFleJon8thWdQ08rbztMJPsWAb2: 106.66666666666667 (paid: false)", "Jm7Sm7th1gOtpG1IttvPPIBgUG83: 106.66666666666667 (paid: false)"]
 LOG  � Processing expense: Coles - $200 paid by Jm7Sm7th1gOtpG1IttvPPIBgUG83
 LOG  📊 Split data: ["7EUSVFvzTicHY63vEFFKMqkJZKJ2: 100 (paid: false)", "Jm7Sm7th1gOtpG1IttvPPIBgUG83: 100 (paid: false)"]
 LOG  � Processing expense: Icecream - $250 paid by CsFleJon8thWdQ08rbztMJPsWAb2
 LOG  📊 Split data: ["7EUSVFvzTicHY63vEFFKMqkJZKJ2: 83.33333333333333 (paid: true)", "CsFleJon8thWdQ08rbztMJPsWAb2: 83.33333333333333 (paid: false)", "Jm7Sm7th1gOtpG1IttvPPIBgUG83: 83.33333333333333 (paid: false)"]
 LOG  � Processing expense: Dinner - $150 paid by 7EUSVFvzTicHY63vEFFKMqkJZKJ2
 LOG  📊 Split data: ["7EUSVFvzTicHY63vEFFKMqkJZKJ2: 50 (paid: false)", "CsFleJon8thWdQ08rbztMJPsWAb2: 50 (paid: true)", "Jm7Sm7th1gOtpG1IttvPPIBgUG83: 50 (paid: true)"]
 LOG  💰 Calculated member balances:
 LOG    Set: $-190.00
 LOG    Set2: $330.00
 LOG    Set3: $-140.00
 LOG  ✅ Group balance overview calculated from expenses: {"groupName": "Home", "isBalanced": true, "memberBalances": [{"balance": -190, "name": "Set"}, {"balance": 330, "name": "Set2"}, {"balance": -140, "name": "Set3"}], "memberCount": 3, "netBalance": 0, "totalGroupCredit": 330, "totalGroupDebt": 330}
 LOG  🔄 Getting group balance overview for group: aWT0Jz1AlM6jmAKNBqJW
 LOG  💰 Found 4 expenses in group Home
 LOG  👥 Active members in group: 3
 LOG  � Processing expense: Myer - $320 paid by CsFleJon8thWdQ08rbztMJPsWAb2
 LOG  📊 Split data: ["7EUSVFvzTicHY63vEFFKMqkJZKJ2: 106.66666666666667 (paid: true)", "CsFleJon8thWdQ08rbztMJPsWAb2: 106.66666666666667 (paid: false)", "Jm7Sm7th1gOtpG1IttvPPIBgUG83: 106.66666666666667 (paid: false)"]
 LOG  � Processing expense: Coles - $200 paid by Jm7Sm7th1gOtpG1IttvPPIBgUG83
 LOG  📊 Split data: ["7EUSVFvzTicHY63vEFFKMqkJZKJ2: 100 (paid: false)", "Jm7Sm7th1gOtpG1IttvPPIBgUG83: 100 (paid: false)"]
 LOG  � Processing expense: Icecream - $250 paid by CsFleJon8thWdQ08rbztMJPsWAb2
 LOG  📊 Split data: ["7EUSVFvzTicHY63vEFFKMqkJZKJ2: 83.33333333333333 (paid: true)", "CsFleJon8thWdQ08rbztMJPsWAb2: 83.33333333333333 (paid: false)", "Jm7Sm7th1gOtpG1IttvPPIBgUG83: 83.33333333333333 (paid: false)"]
 LOG  � Processing expense: Dinner - $150 paid by 7EUSVFvzTicHY63vEFFKMqkJZKJ2
 LOG  📊 Split data: ["7EUSVFvzTicHY63vEFFKMqkJZKJ2: 50 (paid: false)", "CsFleJon8thWdQ08rbztMJPsWAb2: 50 (paid: true)", "Jm7Sm7th1gOtpG1IttvPPIBgUG83: 50 (paid: true)"]
 LOG  💰 Calculated member balances:
 LOG    Set: $-190.00
 LOG    Set2: $330.00
 LOG    Set3: $-140.00
 LOG  ✅ Group balance overview calculated from expenses: {"groupName": "Home", "isBalanced": true, "memberBalances": [{"balance": -190, "name": "Set"}, {"balance": 330, "name": "Set2"}, {"balance": -140, "name": "Set3"}], "memberCount": 3, "netBalance": 0, "totalGroupCredit": 330, "totalGroupDebt": 330}
 LOG  🔄 DEBUG: Group settlement calculation for group: aWT0Jz1AlM6jmAKNBqJW
 LOG  👥 DEBUG: Found 3 active members in group
 LOG  🔧 DEBUG: Using consolidated friend balances (matching UnifiedSettlementScreen logic)
 LOG  🔍 DEBUG: Getting consolidated balances for user Set (7EUSVFvzTicHY63vEFFKMqkJZKJ2)
 LOG  🔍 Fetching pending invitations for user: 7EUSVFvzTicHY63vEFFKMqkJZKJ2
 LOG  📧 Found 0 sent email friend requests (existing users)
 LOG  📧 Found 0 received email friend requests (existing users)
 LOG  📧 Found 1 email invitations (new users)
 LOG  📋 Email invitation (new user): {"fromUserId": "7EUSVFvzTicHY63vEFFKMqkJZKJ2", "id": "itgZL3iWPKpz6kBZm0oK", "status": "sent", "toEmail": "set4@gmail.com"}
 LOG  📱 Found 0 pending SMS/WhatsApp invitations
 LOG  ✅ Returning 1 total pending invitations: {"newEmailUsers": 1, "receivedExistingUsers": 0, "sentExistingUsers": 0, "smsWhatsApp": 0}
 LOG  📊 DEBUG: User has 4 friends total
 LOG  🤝 DEBUG: Found friendship balance between Set and Set2: 66.66666666666667
 LOG  📊 DEBUG: Updated Set total balance to: 66.66666666666667
 LOG  🤝 DEBUG: Found friendship balance between Set and Set3: -33.33333333333333
 LOG  📊 DEBUG: Updated Set total balance to: 33.33333333333334
 LOG  🔍 DEBUG: Getting consolidated balances for user Set2 (CsFleJon8thWdQ08rbztMJPsWAb2)
 LOG  🔍 Fetching pending invitations for user: CsFleJon8thWdQ08rbztMJPsWAb2
 LOG  📧 Found 0 sent email friend requests (existing users)
 LOG  📧 Found 0 received email friend requests (existing users)
 LOG  📧 Found 0 email invitations (new users)
 LOG  📱 Found 0 pending SMS/WhatsApp invitations
 LOG  ✅ Returning 0 total pending invitations: {"newEmailUsers": 0, "receivedExistingUsers": 0, "sentExistingUsers": 0, "smsWhatsApp": 0}
 LOG  📊 DEBUG: User has 3 friends total
 LOG  🤝 DEBUG: Found friendship balance between Set2 and Set: -66.66666666666667
 LOG  📊 DEBUG: Updated Set2 total balance to: -66.66666666666667
 LOG  🤝 DEBUG: Found friendship balance between Set2 and Set3: 190
 LOG  📊 DEBUG: Updated Set2 total balance to: 123.33333333333333
 LOG  🔍 DEBUG: Getting consolidated balances for user Set3 (Jm7Sm7th1gOtpG1IttvPPIBgUG83)
 LOG  🔍 Fetching pending invitations for user: Jm7Sm7th1gOtpG1IttvPPIBgUG83
 LOG  📧 Found 0 sent email friend requests (existing users)
 LOG  📧 Found 0 received email friend requests (existing users)
 LOG  📧 Found 0 email invitations (new users)
 LOG  📱 Found 0 pending SMS/WhatsApp invitations
 LOG  ✅ Returning 0 total pending invitations: {"newEmailUsers": 0, "receivedExistingUsers": 0, "sentExistingUsers": 0, "smsWhatsApp": 0}
 LOG  📊 DEBUG: User has 2 friends total
 LOG  🤝 DEBUG: Found friendship balance between Set3 and Set: 33.33333333333333
 LOG  📊 DEBUG: Updated Set3 total balance to: 33.33333333333333
 LOG  🤝 DEBUG: Found friendship balance between Set3 and Set2: -190
 LOG  📊 DEBUG: Updated Set3 total balance to: -156.66666666666669
 LOG  📊 DEBUG: Final consolidated balances:
 LOG    Set: $33.33
 LOG    Set2: $123.33
 LOG    Set3: $-156.67
 LOG  💰 DEBUG: Found 2 creditors (owed money) and 1 debtors (owe money)
 LOG  💸 DEBUG: Settlement suggestion: Set3 pays $123.33 to Set2
 LOG  💸 DEBUG: Settlement suggestion: Set3 pays $33.33 to Set
 LOG  ✅ DEBUG: Generated 2 settlement suggestions using consolidated balances
 LOG  🔄 GroupBalanceOverviewModal: Settlement suggestions received: [{"amount": 123.33, "fromUserAvatar": "", "fromUserId": "Jm7Sm7th1gOtpG1IttvPPIBgUG83", "fromUserName": "Set3", "toUserAvatar": "", "toUserId": "CsFleJon8thWdQ08rbztMJPsWAb2", "toUserName": "Set2"}, {"amount": 33.33, "fromUserAvatar": "", "fromUserId": "Jm7Sm7th1gOtpG1IttvPPIBgUG83", "fromUserName": "Set3", "toUserAvatar": "", "toUserId": "7EUSVFvzTicHY63vEFFKMqkJZKJ2", "toUserName": "Set"}]
 LOG  💸 Settlement 1: Set3 pays $123.33 to Set2
 LOG     fromUserId: Jm7Sm7th1gOtpG1IttvPPIBgUG83, toUserId: CsFleJon8thWdQ08rbztMJPsWAb2
 LOG  💸 Settlement 2: Set3 pays $33.33 to Set
 LOG     fromUserId: Jm7Sm7th1gOtpG1IttvPPIBgUG83, toUserId: 7EUSVFvzTicHY63vEFFKMqkJZKJ2
 LOG  🔄 useBalances: Refreshing with UnifiedSettlementService
 LOG  🔄 Calculating UNIFIED balances for user: 7EUSVFvzTicHY63vEFFKMqkJZKJ2
 LOG  🔄 useBalances: Refreshing with UnifiedSettlementService
 LOG  🔄 Calculating UNIFIED balances for user: 7EUSVFvzTicHY63vEFFKMqkJZKJ2
 LOG  ✅ Friends updated, notifying unified balance system
 LOG  🔔 useBalances: Balance change notification received
 LOG  🔄 useBalances: Refreshing with UnifiedSettlementService
 LOG  🔄 Calculating UNIFIED balances for user: 7EUSVFvzTicHY63vEFFKMqkJZKJ2
 LOG  🔔 useBalances: Balance change notification received
 LOG  🔄 useBalances: Refreshing with UnifiedSettlementService
 LOG  🔄 Calculating UNIFIED balances for user: 7EUSVFvzTicHY63vEFFKMqkJZKJ2
 LOG  🔄 FriendsManager: Fetching fresh friends data from Firebase
 LOG  🏷️  Rendering group card: Office
 LOG  💳 Group balance from map: 133.34
 LOG  📊 Display: owed 133.34
 LOG  🏷️  Rendering group card: Home
 LOG  💳 Group balance from map: -100
 LOG  📊 Display: owes 100
 LOG  ❌ GroupDetailsModal: Not rendering - visible: false localGroupData: false
 LOG  🔄 Loading settlement balances for user: 7EUSVFvzTicHY63vEFFKMqkJZKJ2
 LOG  🔄 Calculating SETTLEMENT balances for user: 7EUSVFvzTicHY63vEFFKMqkJZKJ2
 LOG  🔍 Fetching pending invitations for user: 7EUSVFvzTicHY63vEFFKMqkJZKJ2
 LOG  🔍 Fetching pending invitations for user: 7EUSVFvzTicHY63vEFFKMqkJZKJ2
 LOG  🔍 Fetching pending invitations for user: 7EUSVFvzTicHY63vEFFKMqkJZKJ2
 LOG  🔍 Fetching pending invitations for user: 7EUSVFvzTicHY63vEFFKMqkJZKJ2
 LOG  🔍 Fetching pending invitations for user: 7EUSVFvzTicHY63vEFFKMqkJZKJ2
 LOG  🔍 Fetching pending invitations for user: 7EUSVFvzTicHY63vEFFKMqkJZKJ2
 LOG  🔍 Fetching pending invitations for user: 7EUSVFvzTicHY63vEFFKMqkJZKJ2
 LOG  🔍 Fetching pending invitations for user: 7EUSVFvzTicHY63vEFFKMqkJZKJ2
 LOG  🔍 Fetching pending invitations for user: 7EUSVFvzTicHY63vEFFKMqkJZKJ2
 LOG  🔍 Fetching pending invitations for user: 7EUSVFvzTicHY63vEFFKMqkJZKJ2
 LOG  🏷️  Rendering group card: Office
 LOG  💳 Group balance from map: 133.34
 LOG  📊 Display: owed 133.34
 LOG  🏷️  Rendering group card: Home
 LOG  💳 Group balance from map: -100
 LOG  📊 Display: owes 100
 LOG  ❌ GroupDetailsModal: Not rendering - visible: false localGroupData: false
 LOG  📧 Found 0 sent email friend requests (existing users)
 LOG  📧 Found 0 sent email friend requests (existing users)
 LOG  📧 Found 0 sent email friend requests (existing users)
 LOG  📧 Found 0 sent email friend requests (existing users)
 LOG  📧 Found 0 sent email friend requests (existing users)
 LOG  📧 Found 0 sent email friend requests (existing users)
 LOG  📧 Found 0 sent email friend requests (existing users)
 LOG  📧 Found 0 sent email friend requests (existing users)
 LOG  📧 Found 0 sent email friend requests (existing users)
 LOG  📧 Found 0 sent email friend requests (existing users)
 LOG  🏷️  Rendering group card: Office
 LOG  💳 Group balance from map: 133.34
 LOG  📊 Display: owed 133.34
 LOG  🏷️  Rendering group card: Home
 LOG  💳 Group balance from map: -100
 LOG  📊 Display: owes 100
 LOG  ❌ GroupDetailsModal: Not rendering - visible: false localGroupData: false
 LOG  📧 Found 0 received email friend requests (existing users)
 LOG  📧 Found 0 received email friend requests (existing users)
 LOG  📧 Found 0 received email friend requests (existing users)
 LOG  📧 Found 0 received email friend requests (existing users)
 LOG  📧 Found 0 received email friend requests (existing users)
 LOG  📧 Found 0 received email friend requests (existing users)
 LOG  📧 Found 0 received email friend requests (existing users)
 LOG  📧 Found 0 received email friend requests (existing users)
 LOG  📧 Found 0 received email friend requests (existing users)
 LOG  📧 Found 0 received email friend requests (existing users)
 LOG  📧 Found 1 email invitations (new users)
 LOG  📋 Email invitation (new user): {"fromUserId": "7EUSVFvzTicHY63vEFFKMqkJZKJ2", "id": "itgZL3iWPKpz6kBZm0oK", "status": "sent", "toEmail": "set4@gmail.com"}
 LOG  📧 Found 1 email invitations (new users)
 LOG  📋 Email invitation (new user): {"fromUserId": "7EUSVFvzTicHY63vEFFKMqkJZKJ2", "id": "itgZL3iWPKpz6kBZm0oK", "status": "sent", "toEmail": "set4@gmail.com"}
 LOG  📧 Found 1 email invitations (new users)
 LOG  📋 Email invitation (new user): {"fromUserId": "7EUSVFvzTicHY63vEFFKMqkJZKJ2", "id": "itgZL3iWPKpz6kBZm0oK", "status": "sent", "toEmail": "set4@gmail.com"}
 LOG  📧 Found 1 email invitations (new users)
 LOG  📋 Email invitation (new user): {"fromUserId": "7EUSVFvzTicHY63vEFFKMqkJZKJ2", "id": "itgZL3iWPKpz6kBZm0oK", "status": "sent", "toEmail": "set4@gmail.com"}
 LOG  📧 Found 1 email invitations (new users)
 LOG  📋 Email invitation (new user): {"fromUserId": "7EUSVFvzTicHY63vEFFKMqkJZKJ2", "id": "itgZL3iWPKpz6kBZm0oK", "status": "sent", "toEmail": "set4@gmail.com"}
 LOG  📧 Found 1 email invitations (new users)
 LOG  📋 Email invitation (new user): {"fromUserId": "7EUSVFvzTicHY63vEFFKMqkJZKJ2", "id": "itgZL3iWPKpz6kBZm0oK", "status": "sent", "toEmail": "set4@gmail.com"}
 LOG  📧 Found 1 email invitations (new users)
 LOG  📋 Email invitation (new user): {"fromUserId": "7EUSVFvzTicHY63vEFFKMqkJZKJ2", "id": "itgZL3iWPKpz6kBZm0oK", "status": "sent", "toEmail": "set4@gmail.com"}
 LOG  📧 Found 1 email invitations (new users)
 LOG  📋 Email invitation (new user): {"fromUserId": "7EUSVFvzTicHY63vEFFKMqkJZKJ2", "id": "itgZL3iWPKpz6kBZm0oK", "status": "sent", "toEmail": "set4@gmail.com"}
 LOG  📧 Found 1 email invitations (new users)
 LOG  📋 Email invitation (new user): {"fromUserId": "7EUSVFvzTicHY63vEFFKMqkJZKJ2", "id": "itgZL3iWPKpz6kBZm0oK", "status": "sent", "toEmail": "set4@gmail.com"}
 LOG  📧 Found 1 email invitations (new users)
 LOG  📋 Email invitation (new user): {"fromUserId": "7EUSVFvzTicHY63vEFFKMqkJZKJ2", "id": "itgZL3iWPKpz6kBZm0oK", "status": "sent", "toEmail": "set4@gmail.com"}
 LOG  📱 Found 0 pending SMS/WhatsApp invitations
 LOG  ✅ Returning 1 total pending invitations: {"newEmailUsers": 1, "receivedExistingUsers": 0, "sentExistingUsers": 0, "smsWhatsApp": 0}
 LOG  Processing 4 friendships
 LOG  Processing 2 groups
 LOG  Processing group: Office with 3 members
 LOG  Skipping group balance for Set2 - already counted as friend
 LOG  Skipping group balance for Set3 - already counted as friend
 LOG  Processing group: Home with 3 members
 LOG  Skipping group balance for Set2 - already counted as friend
 LOG  Skipping group balance for Set3 - already counted as friend
 LOG  ✅ UNIFIED balance calculation complete: {"netBalance": 33.33, "relationships": 2, "totalOwed": 66.67, "totalOwing": 33.33}
 LOG  📱 Found 0 pending SMS/WhatsApp invitations
 LOG  ✅ Returning 1 total pending invitations: {"newEmailUsers": 1, "receivedExistingUsers": 0, "sentExistingUsers": 0, "smsWhatsApp": 0}
 LOG  ✅ useBalances: Refresh complete: {"detailCount": 2, "friendsCount": 4, "netBalance": 33.33, "totalOwed": 66.67, "totalOwing": 33.33}
 LOG  📱 Found 0 pending SMS/WhatsApp invitations
 LOG  ✅ Returning 1 total pending invitations: {"newEmailUsers": 1, "receivedExistingUsers": 0, "sentExistingUsers": 0, "smsWhatsApp": 0}
 LOG  Processing 4 friendships
 LOG  Processing 2 groups
 LOG  Processing group: Office with 3 members
 LOG  Skipping group balance for Set2 - already counted as friend
 LOG  Skipping group balance for Set3 - already counted as friend
 LOG  Processing group: Home with 3 members
 LOG  Skipping group balance for Set2 - already counted as friend
 LOG  Skipping group balance for Set3 - already counted as friend
 LOG  ✅ UNIFIED balance calculation complete: {"netBalance": 33.33, "relationships": 2, "totalOwed": 66.67, "totalOwing": 33.33}
 LOG  📱 Found 0 pending SMS/WhatsApp invitations
 LOG  ✅ Returning 1 total pending invitations: {"newEmailUsers": 1, "receivedExistingUsers": 0, "sentExistingUsers": 0, "smsWhatsApp": 0}
 LOG  ✅ useBalances: Refresh complete: {"detailCount": 2, "friendsCount": 4, "netBalance": 33.33, "totalOwed": 66.67, "totalOwing": 33.33}
 LOG  📱 Found 0 pending SMS/WhatsApp invitations
 LOG  ✅ Returning 1 total pending invitations: {"newEmailUsers": 1, "receivedExistingUsers": 0, "sentExistingUsers": 0, "smsWhatsApp": 0}
 LOG  Processing 4 friendships
 LOG  Processing 2 groups
 LOG  Processing group: Office with 3 members
 LOG  Skipping group balance for Set2 - already counted as friend
 LOG  Skipping group balance for Set3 - already counted as friend
 LOG  Processing group: Home with 3 members
 LOG  Skipping group balance for Set2 - already counted as friend
 LOG  Skipping group balance for Set3 - already counted as friend
 LOG  ✅ UNIFIED balance calculation complete: {"netBalance": 33.33, "relationships": 2, "totalOwed": 66.67, "totalOwing": 33.33}
 LOG  📱 Found 0 pending SMS/WhatsApp invitations
 LOG  ✅ Returning 1 total pending invitations: {"newEmailUsers": 1, "receivedExistingUsers": 0, "sentExistingUsers": 0, "smsWhatsApp": 0}
 LOG  ✅ useBalances: Refresh complete: {"detailCount": 2, "friendsCount": 4, "netBalance": 33.33, "totalOwed": 66.67, "totalOwing": 33.33}
 LOG  📱 Found 0 pending SMS/WhatsApp invitations
 LOG  ✅ Returning 1 total pending invitations: {"newEmailUsers": 1, "receivedExistingUsers": 0, "sentExistingUsers": 0, "smsWhatsApp": 0}
 LOG  Processing 4 friendships
 LOG  Processing 2 groups
 LOG  Processing group: Office with 3 members
 LOG  Skipping group balance for Set2 - already counted as friend
 LOG  Skipping group balance for Set3 - already counted as friend
 LOG  Processing group: Home with 3 members
 LOG  Skipping group balance for Set2 - already counted as friend
 LOG  Skipping group balance for Set3 - already counted as friend
 LOG  ✅ UNIFIED balance calculation complete: {"netBalance": 33.33, "relationships": 2, "totalOwed": 66.67, "totalOwing": 33.33}
 LOG  📱 Found 0 pending SMS/WhatsApp invitations
 LOG  ✅ Returning 1 total pending invitations: {"newEmailUsers": 1, "receivedExistingUsers": 0, "sentExistingUsers": 0, "smsWhatsApp": 0}
 LOG  ✅ useBalances: Refresh complete: {"detailCount": 2, "friendsCount": 4, "netBalance": 33.33, "totalOwed": 66.67, "totalOwing": 33.33}
 LOG  📱 Found 0 pending SMS/WhatsApp invitations
 LOG  ✅ Returning 1 total pending invitations: {"newEmailUsers": 1, "receivedExistingUsers": 0, "sentExistingUsers": 0, "smsWhatsApp": 0}
 LOG  ✅ Friends updated, notifying unified balance system
 LOG  🔔 useBalances: Balance change notification received
 LOG  🔄 useBalances: Refreshing with UnifiedSettlementService
 LOG  🔄 Calculating UNIFIED balances for user: 7EUSVFvzTicHY63vEFFKMqkJZKJ2
 LOG  🔔 useBalances: Balance change notification received
 LOG  🔄 useBalances: Refreshing with UnifiedSettlementService
 LOG  🔄 Calculating UNIFIED balances for user: 7EUSVFvzTicHY63vEFFKMqkJZKJ2
 LOG  ✅ FriendsManager: Friends data refreshed successfully 4
 LOG  ✅ Friends updated, notifying unified balance system
 LOG  🔔 useBalances: Balance change notification received
 LOG  🔄 useBalances: Refreshing with UnifiedSettlementService
 LOG  🔄 Calculating UNIFIED balances for user: 7EUSVFvzTicHY63vEFFKMqkJZKJ2
 LOG  🔔 useBalances: Balance change notification received
 LOG  🔄 useBalances: Refreshing with UnifiedSettlementService
 LOG  🔄 Calculating UNIFIED balances for user: 7EUSVFvzTicHY63vEFFKMqkJZKJ2
 LOG  📱 Found 0 pending SMS/WhatsApp invitations
 LOG  ✅ Returning 1 total pending invitations: {"newEmailUsers": 1, "receivedExistingUsers": 0, "sentExistingUsers": 0, "smsWhatsApp": 0}
 LOG  Processing 4 friendships for settlement
 LOG  Processing 2 groups for settlement
 LOG  Processing settlement balances for group: Office with 3 members
 LOG  
🔍 === DETAILED BALANCE CALCULATION ===
 LOG  👤 User1 (You): 7EUSVFvzTicHY63vEFFKMqkJZKJ2
 LOG  👤 User2 (Them): CsFleJon8thWdQ08rbztMJPsWAb2
 LOG  🏢 Group: rx01BYFAEivzEeCxd5bU
 LOG  🏷️  Rendering group card: Office
 LOG  💳 Group balance from map: 133.34
 LOG  📊 Display: owed 133.34
 LOG  🏷️  Rendering group card: Home
 LOG  💳 Group balance from map: -100
 LOG  📊 Display: owes 100
 LOG  ❌ GroupDetailsModal: Not rendering - visible: false localGroupData: false
 LOG  📊 useBalances: Current state: {"friendCount": 2, "friendsDataCount": 4, "groupMemberCount": 0, "netBalance": 33.33, "totalOwed": 66.67, "totalOwing": 33.33, "totalRelationships": 2}
 LOG  📊 useBalances: Friends breakdown: [{"balance": -33.33333333333333, "name": "Set3", "source": "friend"}, {"balance": 66.66666666666667, "name": "Set2", "source": "friend"}]
 LOG  📊 useBalances: Group members breakdown: []
 LOG  📊 useBalances: Current state: {"friendCount": 2, "friendsDataCount": 4, "groupMemberCount": 0, "netBalance": 33.33, "totalOwed": 66.67, "totalOwing": 33.33, "totalRelationships": 2}
 LOG  📊 useBalances: Friends breakdown: [{"balance": -33.33333333333333, "name": "Set3", "source": "friend"}, {"balance": 66.66666666666667, "name": "Set2", "source": "friend"}]
 LOG  📊 useBalances: Group members breakdown: []
 LOG  🔄 Loading settlement balances for user: 7EUSVFvzTicHY63vEFFKMqkJZKJ2
 LOG  🔄 Calculating SETTLEMENT balances for user: 7EUSVFvzTicHY63vEFFKMqkJZKJ2
 LOG  🔍 Fetching pending invitations for user: 7EUSVFvzTicHY63vEFFKMqkJZKJ2
 LOG  🔍 Fetching pending invitations for user: 7EUSVFvzTicHY63vEFFKMqkJZKJ2
 LOG  🔍 Fetching pending invitations for user: 7EUSVFvzTicHY63vEFFKMqkJZKJ2
 LOG  🔍 Fetching pending invitations for user: 7EUSVFvzTicHY63vEFFKMqkJZKJ2
 LOG  🔍 Fetching pending invitations for user: 7EUSVFvzTicHY63vEFFKMqkJZKJ2
 LOG  🔍 Fetching pending invitations for user: 7EUSVFvzTicHY63vEFFKMqkJZKJ2
 LOG  🔍 Fetching pending invitations for user: 7EUSVFvzTicHY63vEFFKMqkJZKJ2
 LOG  🔍 Fetching pending invitations for user: 7EUSVFvzTicHY63vEFFKMqkJZKJ2
 LOG  🔍 Fetching pending invitations for user: 7EUSVFvzTicHY63vEFFKMqkJZKJ2
 LOG  📋 Total expenses found: 1
 LOG  
💰 Expense 1: "Woolies"
 LOG  💵 Amount: 200
 LOG  💳 Paid by: 7EUSVFvzTicHY63vEFFKMqkJZKJ2
 LOG  📊 Split data: ["7EUSVFvzTicHY63vEFFKMqkJZKJ2: 66.66666666666667 (paid: false)", "CsFleJon8thWdQ08rbztMJPsWAb2: 66.66666666666667 (paid: false)", "Jm7Sm7th1gOtpG1IttvPPIBgUG83: 66.66666666666667 (paid: false)"]
 LOG  ➕ User2 owes User1: 66.66666666666667 (UNPAID)
 LOG  📊 Expense balance: 66.66666666666667
 LOG  📊 Running total: 66.66666666666667
 LOG  
✅ === FINAL RESULT ===
 LOG  🔢 Final balance: 66.67
 LOG  💭 Interpretation: User2 owes User1
 LOG  ===============================
 LOG  💰 Settlement: Set2 in Office: 66.67
 LOG  
🔍 === DETAILED BALANCE CALCULATION ===
 LOG  👤 User1 (You): 7EUSVFvzTicHY63vEFFKMqkJZKJ2
 LOG  👤 User2 (Them): Jm7Sm7th1gOtpG1IttvPPIBgUG83
 LOG  🏢 Group: rx01BYFAEivzEeCxd5bU
 LOG  📧 Found 0 sent email friend requests (existing users)
 LOG  📧 Found 0 sent email friend requests (existing users)
 LOG  📧 Found 0 sent email friend requests (existing users)
 LOG  📧 Found 0 sent email friend requests (existing users)
 LOG  📧 Found 0 sent email friend requests (existing users)
 LOG  📧 Found 0 sent email friend requests (existing users)
 LOG  📧 Found 0 sent email friend requests (existing users)
 LOG  📧 Found 0 sent email friend requests (existing users)
 LOG  📧 Found 0 sent email friend requests (existing users)
 LOG  🔄 Calculating balances for 2 groups
 LOG  
📊 Calculating balance for group: Office (rx01BYFAEivzEeCxd5bU)
 LOG  👥 Group members: 3
 LOG  ⏭️  Skipping self: Set
 LOG  
🔍 === DETAILED BALANCE CALCULATION ===
 LOG  👤 User1 (You): 7EUSVFvzTicHY63vEFFKMqkJZKJ2
 LOG  👤 User2 (Them): CsFleJon8thWdQ08rbztMJPsWAb2
 LOG  🏢 Group: rx01BYFAEivzEeCxd5bU
 LOG  📋 Total expenses found: 1
 LOG  
💰 Expense 1: "Woolies"
 LOG  💵 Amount: 200
 LOG  💳 Paid by: 7EUSVFvzTicHY63vEFFKMqkJZKJ2
 LOG  📊 Split data: ["7EUSVFvzTicHY63vEFFKMqkJZKJ2: 66.66666666666667 (paid: false)", "CsFleJon8thWdQ08rbztMJPsWAb2: 66.66666666666667 (paid: false)", "Jm7Sm7th1gOtpG1IttvPPIBgUG83: 66.66666666666667 (paid: false)"]
 LOG  ➕ User2 owes User1: 66.66666666666667 (UNPAID)
 LOG  📊 Expense balance: 66.66666666666667
 LOG  📊 Running total: 66.66666666666667
 LOG  
✅ === FINAL RESULT ===
 LOG  🔢 Final balance: 66.67
 LOG  💭 Interpretation: User2 owes User1
 LOG  ===============================
 LOG  💰 Settlement: Set3 in Office: 66.67
 LOG  Processing settlement balances for group: Home with 3 members
 LOG  
🔍 === DETAILED BALANCE CALCULATION ===
 LOG  👤 User1 (You): 7EUSVFvzTicHY63vEFFKMqkJZKJ2
 LOG  👤 User2 (Them): CsFleJon8thWdQ08rbztMJPsWAb2
 LOG  🏢 Group: aWT0Jz1AlM6jmAKNBqJW
 LOG  📋 Total expenses found: 1
 LOG  
💰 Expense 1: "Woolies"
 LOG  💵 Amount: 200
 LOG  💳 Paid by: 7EUSVFvzTicHY63vEFFKMqkJZKJ2
 LOG  📊 Split data: ["7EUSVFvzTicHY63vEFFKMqkJZKJ2: 66.66666666666667 (paid: false)", "CsFleJon8thWdQ08rbztMJPsWAb2: 66.66666666666667 (paid: false)", "Jm7Sm7th1gOtpG1IttvPPIBgUG83: 66.66666666666667 (paid: false)"]
 LOG  ➕ User2 owes User1: 66.66666666666667 (UNPAID)
 LOG  📊 Expense balance: 66.66666666666667
 LOG  📊 Running total: 66.66666666666667
 LOG  
✅ === FINAL RESULT ===
 LOG  🔢 Final balance: 66.67
 LOG  💭 Interpretation: User2 owes User1
 LOG  ===============================
 LOG  💰 Balance with Set2: 66.67
 LOG  
🔍 === DETAILED BALANCE CALCULATION ===
 LOG  👤 User1 (You): 7EUSVFvzTicHY63vEFFKMqkJZKJ2
 LOG  👤 User2 (Them): Jm7Sm7th1gOtpG1IttvPPIBgUG83
 LOG  🏢 Group: rx01BYFAEivzEeCxd5bU
 LOG  📧 Found 0 received email friend requests (existing users)
 LOG  📧 Found 0 received email friend requests (existing users)
 LOG  📧 Found 0 received email friend requests (existing users)
 LOG  📧 Found 0 received email friend requests (existing users)
 LOG  📧 Found 0 received email friend requests (existing users)
 LOG  📧 Found 0 received email friend requests (existing users)
 LOG  📧 Found 0 received email friend requests (existing users)
 LOG  📧 Found 0 received email friend requests (existing users)
 LOG  📧 Found 0 received email friend requests (existing users)
 LOG  📋 Total expenses found: 4
 LOG  
💰 Expense 1: "Myer"
 LOG  💵 Amount: 320
 LOG  💳 Paid by: CsFleJon8thWdQ08rbztMJPsWAb2
 LOG  📊 Split data: ["7EUSVFvzTicHY63vEFFKMqkJZKJ2: 106.66666666666667 (paid: true)", "CsFleJon8thWdQ08rbztMJPsWAb2: 106.66666666666667 (paid: false)", "Jm7Sm7th1gOtpG1IttvPPIBgUG83: 106.66666666666667 (paid: false)"]
 LOG  ✅ User1 split: 106.66666666666667 (ALREADY PAID)
 LOG  📊 Expense balance: 0
 LOG  📊 Running total: 0
 LOG  
💰 Expense 2: "Coles"
 LOG  💵 Amount: 200
 LOG  💳 Paid by: Jm7Sm7th1gOtpG1IttvPPIBgUG83
 LOG  📊 Split data: ["7EUSVFvzTicHY63vEFFKMqkJZKJ2: 100 (paid: false)", "Jm7Sm7th1gOtpG1IttvPPIBgUG83: 100 (paid: false)"]
 LOG  👥 Someone else paid (Jm7Sm7th1gOtpG1IttvPPIBgUG83) - no direct balance impact
 LOG  📊 Expense balance: 0
 LOG  📊 Running total: 0
 LOG  
💰 Expense 3: "Icecream"
 LOG  💵 Amount: 250
 LOG  💳 Paid by: CsFleJon8thWdQ08rbztMJPsWAb2
 LOG  📊 Split data: ["7EUSVFvzTicHY63vEFFKMqkJZKJ2: 83.33333333333333 (paid: true)", "CsFleJon8thWdQ08rbztMJPsWAb2: 83.33333333333333 (paid: false)", "Jm7Sm7th1gOtpG1IttvPPIBgUG83: 83.33333333333333 (paid: false)"]
 LOG  ✅ User1 split: 83.33333333333333 (ALREADY PAID)
 LOG  📊 Expense balance: 0
 LOG  📊 Running total: 0
 LOG  
💰 Expense 4: "Dinner"
 LOG  💵 Amount: 150
 LOG  💳 Paid by: 7EUSVFvzTicHY63vEFFKMqkJZKJ2
 LOG  📊 Split data: ["7EUSVFvzTicHY63vEFFKMqkJZKJ2: 50 (paid: false)", "CsFleJon8thWdQ08rbztMJPsWAb2: 50 (paid: true)", "Jm7Sm7th1gOtpG1IttvPPIBgUG83: 50 (paid: true)"]
 LOG  ✅ User2 split: 50 (ALREADY PAID)
 LOG  📊 Expense balance: 0
 LOG  📊 Running total: 0
 LOG  
✅ === FINAL RESULT ===
 LOG  🔢 Final balance: 0
 LOG  💭 Interpretation: No balance
 LOG  ===============================
 LOG  
🔍 === DETAILED BALANCE CALCULATION ===
 LOG  👤 User1 (You): 7EUSVFvzTicHY63vEFFKMqkJZKJ2
 LOG  👤 User2 (Them): Jm7Sm7th1gOtpG1IttvPPIBgUG83
 LOG  🏢 Group: aWT0Jz1AlM6jmAKNBqJW
 LOG  📋 Total expenses found: 1
 LOG  
💰 Expense 1: "Woolies"
 LOG  💵 Amount: 200
 LOG  💳 Paid by: 7EUSVFvzTicHY63vEFFKMqkJZKJ2
 LOG  📊 Split data: ["7EUSVFvzTicHY63vEFFKMqkJZKJ2: 66.66666666666667 (paid: false)", "CsFleJon8thWdQ08rbztMJPsWAb2: 66.66666666666667 (paid: false)", "Jm7Sm7th1gOtpG1IttvPPIBgUG83: 66.66666666666667 (paid: false)"]
 LOG  ➕ User2 owes User1: 66.66666666666667 (UNPAID)
 LOG  📊 Expense balance: 66.66666666666667
 LOG  📊 Running total: 66.66666666666667
 LOG  
✅ === FINAL RESULT ===
 LOG  🔢 Final balance: 66.67
 LOG  💭 Interpretation: User2 owes User1
 LOG  ===============================
 LOG  💰 Balance with Set3: 66.67
 LOG  ✅ Total balance for Office: 133.34
 LOG  
📊 Calculating balance for group: Home (aWT0Jz1AlM6jmAKNBqJW)
 LOG  👥 Group members: 3
 LOG  ⏭️  Skipping self: Set
 LOG  
🔍 === DETAILED BALANCE CALCULATION ===
 LOG  👤 User1 (You): 7EUSVFvzTicHY63vEFFKMqkJZKJ2
 LOG  👤 User2 (Them): CsFleJon8thWdQ08rbztMJPsWAb2
 LOG  🏢 Group: aWT0Jz1AlM6jmAKNBqJW
 LOG  📧 Found 1 email invitations (new users)
 LOG  📋 Email invitation (new user): {"fromUserId": "7EUSVFvzTicHY63vEFFKMqkJZKJ2", "id": "itgZL3iWPKpz6kBZm0oK", "status": "sent", "toEmail": "set4@gmail.com"}
 LOG  📧 Found 1 email invitations (new users)
 LOG  📋 Email invitation (new user): {"fromUserId": "7EUSVFvzTicHY63vEFFKMqkJZKJ2", "id": "itgZL3iWPKpz6kBZm0oK", "status": "sent", "toEmail": "set4@gmail.com"}
 LOG  📧 Found 1 email invitations (new users)
 LOG  📋 Email invitation (new user): {"fromUserId": "7EUSVFvzTicHY63vEFFKMqkJZKJ2", "id": "itgZL3iWPKpz6kBZm0oK", "status": "sent", "toEmail": "set4@gmail.com"}
 LOG  📧 Found 1 email invitations (new users)
 LOG  📋 Email invitation (new user): {"fromUserId": "7EUSVFvzTicHY63vEFFKMqkJZKJ2", "id": "itgZL3iWPKpz6kBZm0oK", "status": "sent", "toEmail": "set4@gmail.com"}
 LOG  📧 Found 1 email invitations (new users)
 LOG  📋 Email invitation (new user): {"fromUserId": "7EUSVFvzTicHY63vEFFKMqkJZKJ2", "id": "itgZL3iWPKpz6kBZm0oK", "status": "sent", "toEmail": "set4@gmail.com"}
 LOG  📧 Found 1 email invitations (new users)
 LOG  📋 Email invitation (new user): {"fromUserId": "7EUSVFvzTicHY63vEFFKMqkJZKJ2", "id": "itgZL3iWPKpz6kBZm0oK", "status": "sent", "toEmail": "set4@gmail.com"}
 LOG  📧 Found 1 email invitations (new users)
 LOG  📋 Email invitation (new user): {"fromUserId": "7EUSVFvzTicHY63vEFFKMqkJZKJ2", "id": "itgZL3iWPKpz6kBZm0oK", "status": "sent", "toEmail": "set4@gmail.com"}
 LOG  📧 Found 1 email invitations (new users)
 LOG  📋 Email invitation (new user): {"fromUserId": "7EUSVFvzTicHY63vEFFKMqkJZKJ2", "id": "itgZL3iWPKpz6kBZm0oK", "status": "sent", "toEmail": "set4@gmail.com"}
 LOG  📧 Found 1 email invitations (new users)
 LOG  📋 Email invitation (new user): {"fromUserId": "7EUSVFvzTicHY63vEFFKMqkJZKJ2", "id": "itgZL3iWPKpz6kBZm0oK", "status": "sent", "toEmail": "set4@gmail.com"}
 LOG  📋 Total expenses found: 4
 LOG  
💰 Expense 1: "Myer"
 LOG  💵 Amount: 320
 LOG  💳 Paid by: CsFleJon8thWdQ08rbztMJPsWAb2
 LOG  📊 Split data: ["7EUSVFvzTicHY63vEFFKMqkJZKJ2: 106.66666666666667 (paid: true)", "CsFleJon8thWdQ08rbztMJPsWAb2: 106.66666666666667 (paid: false)", "Jm7Sm7th1gOtpG1IttvPPIBgUG83: 106.66666666666667 (paid: false)"]
 LOG  👥 Someone else paid (CsFleJon8thWdQ08rbztMJPsWAb2) - no direct balance impact
 LOG  📊 Expense balance: 0
 LOG  📊 Running total: 0
 LOG  
💰 Expense 2: "Coles"
 LOG  💵 Amount: 200
 LOG  💳 Paid by: Jm7Sm7th1gOtpG1IttvPPIBgUG83
 LOG  📊 Split data: ["7EUSVFvzTicHY63vEFFKMqkJZKJ2: 100 (paid: false)", "Jm7Sm7th1gOtpG1IttvPPIBgUG83: 100 (paid: false)"]
 LOG  ➖ User1 owes User2: 100 (UNPAID)
 LOG  📊 Expense balance: -100
 LOG  📊 Running total: -100
 LOG  
💰 Expense 3: "Icecream"
 LOG  💵 Amount: 250
 LOG  💳 Paid by: CsFleJon8thWdQ08rbztMJPsWAb2
 LOG  📊 Split data: ["7EUSVFvzTicHY63vEFFKMqkJZKJ2: 83.33333333333333 (paid: true)", "CsFleJon8thWdQ08rbztMJPsWAb2: 83.33333333333333 (paid: false)", "Jm7Sm7th1gOtpG1IttvPPIBgUG83: 83.33333333333333 (paid: false)"]
 LOG  👥 Someone else paid (CsFleJon8thWdQ08rbztMJPsWAb2) - no direct balance impact
 LOG  📊 Expense balance: 0
 LOG  📊 Running total: -100
 LOG  
💰 Expense 4: "Dinner"
 LOG  💵 Amount: 150
 LOG  💳 Paid by: 7EUSVFvzTicHY63vEFFKMqkJZKJ2
 LOG  📊 Split data: ["7EUSVFvzTicHY63vEFFKMqkJZKJ2: 50 (paid: false)", "CsFleJon8thWdQ08rbztMJPsWAb2: 50 (paid: true)", "Jm7Sm7th1gOtpG1IttvPPIBgUG83: 50 (paid: true)"]
 LOG  ✅ User2 split: 50 (ALREADY PAID)
 LOG  📊 Expense balance: 0
 LOG  📊 Running total: -100
 LOG  
✅ === FINAL RESULT ===
 LOG  🔢 Final balance: -100
 LOG  💭 Interpretation: User1 owes User2
 LOG  ===============================
 LOG  💰 Settlement: Set3 in Home: -100
 LOG  ✅ SETTLEMENT balance calculation complete: {"friendEntries": 2, "groupEntries": 3, "totalEntries": 5}
 LOG  📊 Raw settlement balances from friendsBalances: [{"avatar": "", "balance": -33.33333333333333, "breakdown": {"fromFriendships": -33.33333333333333, "fromGroups": [Object]}, "email": "set3@gmail.com", "lastUpdated": [Object], "name": "Set3", "source": "friend", "userId": "Jm7Sm7th1gOtpG1IttvPPIBgUG83"}, {"avatar": "", "balance": 66.66666666666667, "breakdown": {"fromFriendships": 66.66666666666667, "fromGroups": [Object]}, "email": "set2@gmail.com", "lastUpdated": [Object], "name": "Set2", "source": "friend", "userId": "CsFleJon8thWdQ08rbztMJPsWAb2"}, {"avatar": "", "balance": 66.67, "breakdown": {"fromFriendships": 0, "fromGroups": [Object]}, "email": "set2@gmail.com", "groupId": "rx01BYFAEivzEeCxd5bU", "groupName": "Office", "lastUpdated": 2025-08-01T22:52:11.256Z, "name": "Set2", "source": "group", "userId": "CsFleJon8thWdQ08rbztMJPsWAb2"}, {"avatar": "", "balance": 66.67, "breakdown": {"fromFriendships": 0, "fromGroups": [Object]}, "email": "set3@gmail.com", "groupId": "rx01BYFAEivzEeCxd5bU", "groupName": "Office", "lastUpdated": 2025-08-01T22:52:11.322Z, "name": "Set3", "source": "group", "userId": "Jm7Sm7th1gOtpG1IttvPPIBgUG83"}, {"avatar": "", "balance": -100, "breakdown": {"fromFriendships": 0, "fromGroups": [Object]}, "email": "set3@gmail.com", "groupId": "aWT0Jz1AlM6jmAKNBqJW", "groupName": "Home", "lastUpdated": 2025-08-01T22:52:11.489Z, "name": "Set3", "source": "group", "userId": "Jm7Sm7th1gOtpG1IttvPPIBgUG83"}]
 LOG  👥 Settlement balances after processing: 2 entries
 LOG  👥 Non-zero balances: 5
 LOG  👥 Settled friends added: 0
 LOG  👥 Detailed settlement balances: [{"balance": -100, "email": "set3@gmail.com", "groupId": "aWT0Jz1AlM6jmAKNBqJW", "groupName": "Home", "name": "Set3", "source": "group", "userId": "Jm7Sm7th1gOtpG1IttvPPIBgUG83"}, {"balance": 66.67, "email": "set2@gmail.com", "groupId": "rx01BYFAEivzEeCxd5bU", "groupName": "Office", "name": "Set2", "source": "group", "userId": "CsFleJon8thWdQ08rbztMJPsWAb2"}]
 LOG  📋 Total expenses found: 4
 LOG  
💰 Expense 1: "Myer"
 LOG  💵 Amount: 320
 LOG  💳 Paid by: CsFleJon8thWdQ08rbztMJPsWAb2
 LOG  📊 Split data: ["7EUSVFvzTicHY63vEFFKMqkJZKJ2: 106.66666666666667 (paid: true)", "CsFleJon8thWdQ08rbztMJPsWAb2: 106.66666666666667 (paid: false)", "Jm7Sm7th1gOtpG1IttvPPIBgUG83: 106.66666666666667 (paid: false)"]
 LOG  ✅ User1 split: 106.66666666666667 (ALREADY PAID)
 LOG  📊 Expense balance: 0
 LOG  📊 Running total: 0
 LOG  
💰 Expense 2: "Coles"
 LOG  💵 Amount: 200
 LOG  💳 Paid by: Jm7Sm7th1gOtpG1IttvPPIBgUG83
 LOG  📊 Split data: ["7EUSVFvzTicHY63vEFFKMqkJZKJ2: 100 (paid: false)", "Jm7Sm7th1gOtpG1IttvPPIBgUG83: 100 (paid: false)"]
 LOG  👥 Someone else paid (Jm7Sm7th1gOtpG1IttvPPIBgUG83) - no direct balance impact
 LOG  📊 Expense balance: 0
 LOG  📊 Running total: 0
 LOG  
💰 Expense 3: "Icecream"
 LOG  💵 Amount: 250
 LOG  💳 Paid by: CsFleJon8thWdQ08rbztMJPsWAb2
 LOG  📊 Split data: ["7EUSVFvzTicHY63vEFFKMqkJZKJ2: 83.33333333333333 (paid: true)", "CsFleJon8thWdQ08rbztMJPsWAb2: 83.33333333333333 (paid: false)", "Jm7Sm7th1gOtpG1IttvPPIBgUG83: 83.33333333333333 (paid: false)"]
 LOG  ✅ User1 split: 83.33333333333333 (ALREADY PAID)
 LOG  📊 Expense balance: 0
 LOG  📊 Running total: 0
 LOG  
💰 Expense 4: "Dinner"
 LOG  💵 Amount: 150
 LOG  💳 Paid by: 7EUSVFvzTicHY63vEFFKMqkJZKJ2
 LOG  📊 Split data: ["7EUSVFvzTicHY63vEFFKMqkJZKJ2: 50 (paid: false)", "CsFleJon8thWdQ08rbztMJPsWAb2: 50 (paid: true)", "Jm7Sm7th1gOtpG1IttvPPIBgUG83: 50 (paid: true)"]
 LOG  ✅ User2 split: 50 (ALREADY PAID)
 LOG  📊 Expense balance: 0
 LOG  📊 Running total: 0
 LOG  
✅ === FINAL RESULT ===
 LOG  🔢 Final balance: 0
 LOG  💭 Interpretation: No balance
 LOG  ===============================
 LOG  💰 Balance with Set2: 0
 LOG  
🔍 === DETAILED BALANCE CALCULATION ===
 LOG  👤 User1 (You): 7EUSVFvzTicHY63vEFFKMqkJZKJ2
 LOG  👤 User2 (Them): Jm7Sm7th1gOtpG1IttvPPIBgUG83
 LOG  🏢 Group: aWT0Jz1AlM6jmAKNBqJW
 LOG  🏷️  Rendering group card: Office
 LOG  💳 Group balance from map: 133.34
 LOG  📊 Display: owed 133.34
 LOG  🏷️  Rendering group card: Home
 LOG  💳 Group balance from map: -100
 LOG  📊 Display: owes 100
 LOG  ❌ GroupDetailsModal: Not rendering - visible: false localGroupData: false
 LOG  📱 Found 0 pending SMS/WhatsApp invitations
 LOG  ✅ Returning 1 total pending invitations: {"newEmailUsers": 1, "receivedExistingUsers": 0, "sentExistingUsers": 0, "smsWhatsApp": 0}
 LOG  Processing 4 friendships
 LOG  Processing 2 groups
 LOG  Processing group: Office with 3 members
 LOG  Skipping group balance for Set2 - already counted as friend
 LOG  Skipping group balance for Set3 - already counted as friend
 LOG  Processing group: Home with 3 members
 LOG  Skipping group balance for Set2 - already counted as friend
 LOG  Skipping group balance for Set3 - already counted as friend
 LOG  ✅ UNIFIED balance calculation complete: {"netBalance": 33.33, "relationships": 2, "totalOwed": 66.67, "totalOwing": 33.33}
 LOG  📱 Found 0 pending SMS/WhatsApp invitations
 LOG  ✅ Returning 1 total pending invitations: {"newEmailUsers": 1, "receivedExistingUsers": 0, "sentExistingUsers": 0, "smsWhatsApp": 0}
 LOG  ✅ useBalances: Refresh complete: {"detailCount": 2, "friendsCount": 4, "netBalance": 33.33, "totalOwed": 66.67, "totalOwing": 33.33}
 LOG  📱 Found 0 pending SMS/WhatsApp invitations
 LOG  ✅ Returning 1 total pending invitations: {"newEmailUsers": 1, "receivedExistingUsers": 0, "sentExistingUsers": 0, "smsWhatsApp": 0}
 LOG  Processing 4 friendships
 LOG  Processing 2 groups
 LOG  Processing group: Office with 3 members
 LOG  Skipping group balance for Set2 - already counted as friend
 LOG  Skipping group balance for Set3 - already counted as friend
 LOG  Processing group: Home with 3 members
 LOG  Skipping group balance for Set2 - already counted as friend
 LOG  Skipping group balance for Set3 - already counted as friend
 LOG  ✅ UNIFIED balance calculation complete: {"netBalance": 33.33, "relationships": 2, "totalOwed": 66.67, "totalOwing": 33.33}
 LOG  📱 Found 0 pending SMS/WhatsApp invitations
 LOG  ✅ Returning 1 total pending invitations: {"newEmailUsers": 1, "receivedExistingUsers": 0, "sentExistingUsers": 0, "smsWhatsApp": 0}
 LOG  ✅ useBalances: Refresh complete: {"detailCount": 2, "friendsCount": 4, "netBalance": 33.33, "totalOwed": 66.67, "totalOwing": 33.33}
 LOG  📱 Found 0 pending SMS/WhatsApp invitations
 LOG  ✅ Returning 1 total pending invitations: {"newEmailUsers": 1, "receivedExistingUsers": 0, "sentExistingUsers": 0, "smsWhatsApp": 0}
 LOG  Processing 4 friendships
 LOG  Processing 2 groups
 LOG  Processing group: Office with 3 members
 LOG  Skipping group balance for Set2 - already counted as friend
 LOG  Skipping group balance for Set3 - already counted as friend
 LOG  Processing group: Home with 3 members
 LOG  Skipping group balance for Set2 - already counted as friend
 LOG  Skipping group balance for Set3 - already counted as friend
 LOG  ✅ UNIFIED balance calculation complete: {"netBalance": 33.33, "relationships": 2, "totalOwed": 66.67, "totalOwing": 33.33}
 LOG  📱 Found 0 pending SMS/WhatsApp invitations
 LOG  ✅ Returning 1 total pending invitations: {"newEmailUsers": 1, "receivedExistingUsers": 0, "sentExistingUsers": 0, "smsWhatsApp": 0}
 LOG  ✅ useBalances: Refresh complete: {"detailCount": 2, "friendsCount": 4, "netBalance": 33.33, "totalOwed": 66.67, "totalOwing": 33.33}
 LOG  📱 Found 0 pending SMS/WhatsApp invitations
 LOG  ✅ Returning 1 total pending invitations: {"newEmailUsers": 1, "receivedExistingUsers": 0, "sentExistingUsers": 0, "smsWhatsApp": 0}
 LOG  Processing 4 friendships
 LOG  Processing 2 groups
 LOG  Processing group: Office with 3 members
 LOG  Skipping group balance for Set2 - already counted as friend
 LOG  Skipping group balance for Set3 - already counted as friend
 LOG  Processing group: Home with 3 members
 LOG  Skipping group balance for Set2 - already counted as friend
 LOG  Skipping group balance for Set3 - already counted as friend
 LOG  ✅ UNIFIED balance calculation complete: {"netBalance": 33.33, "relationships": 2, "totalOwed": 66.67, "totalOwing": 33.33}
 LOG  📱 Found 0 pending SMS/WhatsApp invitations
 LOG  ✅ Returning 1 total pending invitations: {"newEmailUsers": 1, "receivedExistingUsers": 0, "sentExistingUsers": 0, "smsWhatsApp": 0}
 LOG  ✅ useBalances: Refresh complete: {"detailCount": 2, "friendsCount": 4, "netBalance": 33.33, "totalOwed": 66.67, "totalOwing": 33.33}
 LOG  📱 Found 0 pending SMS/WhatsApp invitations
 LOG  ✅ Returning 1 total pending invitations: {"newEmailUsers": 1, "receivedExistingUsers": 0, "sentExistingUsers": 0, "smsWhatsApp": 0}
 LOG  Processing 4 friendships for settlement
 LOG  Processing 2 groups for settlement
 LOG  Processing settlement balances for group: Office with 3 members
 LOG  
🔍 === DETAILED BALANCE CALCULATION ===
 LOG  👤 User1 (You): 7EUSVFvzTicHY63vEFFKMqkJZKJ2
 LOG  👤 User2 (Them): CsFleJon8thWdQ08rbztMJPsWAb2
 LOG  🏢 Group: rx01BYFAEivzEeCxd5bU
 LOG  🏷️  Rendering group card: Office
 LOG  💳 Group balance from map: 133.34
 LOG  📊 Display: owed 133.34
 LOG  🏷️  Rendering group card: Home
 LOG  💳 Group balance from map: -100
 LOG  📊 Display: owes 100
 LOG  ❌ GroupDetailsModal: Not rendering - visible: false localGroupData: false
 LOG  📊 useBalances: Current state: {"friendCount": 2, "friendsDataCount": 4, "groupMemberCount": 0, "netBalance": 33.33, "totalOwed": 66.67, "totalOwing": 33.33, "totalRelationships": 2}
 LOG  📊 useBalances: Friends breakdown: [{"balance": -33.33333333333333, "name": "Set3", "source": "friend"}, {"balance": 66.66666666666667, "name": "Set2", "source": "friend"}]
 LOG  📊 useBalances: Group members breakdown: []
 LOG  📊 useBalances: Current state: {"friendCount": 2, "friendsDataCount": 4, "groupMemberCount": 0, "netBalance": 33.33, "totalOwed": 66.67, "totalOwing": 33.33, "totalRelationships": 2}
 LOG  📊 useBalances: Friends breakdown: [{"balance": -33.33333333333333, "name": "Set3", "source": "friend"}, {"balance": 66.66666666666667, "name": "Set2", "source": "friend"}]
 LOG  📊 useBalances: Group members breakdown: []
 LOG  🔄 Loading settlement balances for user: 7EUSVFvzTicHY63vEFFKMqkJZKJ2
 LOG  🔄 Calculating SETTLEMENT balances for user: 7EUSVFvzTicHY63vEFFKMqkJZKJ2
 LOG  📋 Total expenses found: 4
 LOG  
💰 Expense 1: "Myer"
 LOG  💵 Amount: 320
 LOG  💳 Paid by: CsFleJon8thWdQ08rbztMJPsWAb2
 LOG  📊 Split data: ["7EUSVFvzTicHY63vEFFKMqkJZKJ2: 106.66666666666667 (paid: true)", "CsFleJon8thWdQ08rbztMJPsWAb2: 106.66666666666667 (paid: false)", "Jm7Sm7th1gOtpG1IttvPPIBgUG83: 106.66666666666667 (paid: false)"]
 LOG  👥 Someone else paid (CsFleJon8thWdQ08rbztMJPsWAb2) - no direct balance impact
 LOG  📊 Expense balance: 0
 LOG  📊 Running total: 0
 LOG  
💰 Expense 2: "Coles"
 LOG  💵 Amount: 200
 LOG  💳 Paid by: Jm7Sm7th1gOtpG1IttvPPIBgUG83
 LOG  📊 Split data: ["7EUSVFvzTicHY63vEFFKMqkJZKJ2: 100 (paid: false)", "Jm7Sm7th1gOtpG1IttvPPIBgUG83: 100 (paid: false)"]
 LOG  ➖ User1 owes User2: 100 (UNPAID)
 LOG  📊 Expense balance: -100
 LOG  📊 Running total: -100
 LOG  
💰 Expense 3: "Icecream"
 LOG  💵 Amount: 250
 LOG  💳 Paid by: CsFleJon8thWdQ08rbztMJPsWAb2
 LOG  📊 Split data: ["7EUSVFvzTicHY63vEFFKMqkJZKJ2: 83.33333333333333 (paid: true)", "CsFleJon8thWdQ08rbztMJPsWAb2: 83.33333333333333 (paid: false)", "Jm7Sm7th1gOtpG1IttvPPIBgUG83: 83.33333333333333 (paid: false)"]
 LOG  👥 Someone else paid (CsFleJon8thWdQ08rbztMJPsWAb2) - no direct balance impact
 LOG  📊 Expense balance: 0
 LOG  📊 Running total: -100
 LOG  
💰 Expense 4: "Dinner"
 LOG  💵 Amount: 150
 LOG  💳 Paid by: 7EUSVFvzTicHY63vEFFKMqkJZKJ2
 LOG  📊 Split data: ["7EUSVFvzTicHY63vEFFKMqkJZKJ2: 50 (paid: false)", "CsFleJon8thWdQ08rbztMJPsWAb2: 50 (paid: true)", "Jm7Sm7th1gOtpG1IttvPPIBgUG83: 50 (paid: true)"]
 LOG  ✅ User2 split: 50 (ALREADY PAID)
 LOG  📊 Expense balance: 0
 LOG  📊 Running total: -100
 LOG  
✅ === FINAL RESULT ===
 LOG  🔢 Final balance: -100
 LOG  💭 Interpretation: User1 owes User2
 LOG  ===============================
 LOG  💰 Balance with Set3: -100
 LOG  ✅ Total balance for Home: -100
 LOG  📋 Final group balances: [["rx01BYFAEivzEeCxd5bU", 133.34], ["aWT0Jz1AlM6jmAKNBqJW", -100]]
 LOG  📋 Total expenses found: 1
 LOG  
💰 Expense 1: "Woolies"
 LOG  💵 Amount: 200
 LOG  💳 Paid by: 7EUSVFvzTicHY63vEFFKMqkJZKJ2
 LOG  📊 Split data: ["7EUSVFvzTicHY63vEFFKMqkJZKJ2: 66.66666666666667 (paid: false)", "CsFleJon8thWdQ08rbztMJPsWAb2: 66.66666666666667 (paid: false)", "Jm7Sm7th1gOtpG1IttvPPIBgUG83: 66.66666666666667 (paid: false)"]
 LOG  ➕ User2 owes User1: 66.66666666666667 (UNPAID)
 LOG  📊 Expense balance: 66.66666666666667
 LOG  📊 Running total: 66.66666666666667
 LOG  
✅ === FINAL RESULT ===
 LOG  🔢 Final balance: 66.67
 LOG  💭 Interpretation: User2 owes User1
 LOG  ===============================
 LOG  💰 Settlement: Set2 in Office: 66.67
 LOG  
🔍 === DETAILED BALANCE CALCULATION ===
 LOG  👤 User1 (You): 7EUSVFvzTicHY63vEFFKMqkJZKJ2
 LOG  👤 User2 (Them): Jm7Sm7th1gOtpG1IttvPPIBgUG83
 LOG  🏢 Group: rx01BYFAEivzEeCxd5bU
 LOG  🏷️  Rendering group card: Office
 LOG  💳 Group balance from map: 133.34
 LOG  📊 Display: owed 133.34
 LOG  🏷️  Rendering group card: Home
 LOG  💳 Group balance from map: -100
 LOG  📊 Display: owes 100
 LOG  ❌ GroupDetailsModal: Not rendering - visible: false localGroupData: false
 LOG  🔍 Fetching pending invitations for user: 7EUSVFvzTicHY63vEFFKMqkJZKJ2
 LOG  📋 Total expenses found: 1
 LOG  
💰 Expense 1: "Woolies"
 LOG  💵 Amount: 200
 LOG  💳 Paid by: 7EUSVFvzTicHY63vEFFKMqkJZKJ2
 LOG  📊 Split data: ["7EUSVFvzTicHY63vEFFKMqkJZKJ2: 66.66666666666667 (paid: false)", "CsFleJon8thWdQ08rbztMJPsWAb2: 66.66666666666667 (paid: false)", "Jm7Sm7th1gOtpG1IttvPPIBgUG83: 66.66666666666667 (paid: false)"]
 LOG  ➕ User2 owes User1: 66.66666666666667 (UNPAID)
 LOG  📊 Expense balance: 66.66666666666667
 LOG  📊 Running total: 66.66666666666667
 LOG  
✅ === FINAL RESULT ===
 LOG  🔢 Final balance: 66.67
 LOG  💭 Interpretation: User2 owes User1
 LOG  ===============================
 LOG  💰 Settlement: Set3 in Office: 66.67
 LOG  Processing settlement balances for group: Home with 3 members
 LOG  
🔍 === DETAILED BALANCE CALCULATION ===
 LOG  👤 User1 (You): 7EUSVFvzTicHY63vEFFKMqkJZKJ2
 LOG  👤 User2 (Them): CsFleJon8thWdQ08rbztMJPsWAb2
 LOG  🏢 Group: aWT0Jz1AlM6jmAKNBqJW
 LOG  📧 Found 0 sent email friend requests (existing users)
 LOG  📋 Total expenses found: 4
 LOG  
💰 Expense 1: "Myer"
 LOG  💵 Amount: 320
 LOG  💳 Paid by: CsFleJon8thWdQ08rbztMJPsWAb2
 LOG  📊 Split data: ["7EUSVFvzTicHY63vEFFKMqkJZKJ2: 106.66666666666667 (paid: true)", "CsFleJon8thWdQ08rbztMJPsWAb2: 106.66666666666667 (paid: false)", "Jm7Sm7th1gOtpG1IttvPPIBgUG83: 106.66666666666667 (paid: false)"]
 LOG  ✅ User1 split: 106.66666666666667 (ALREADY PAID)
 LOG  📊 Expense balance: 0
 LOG  📊 Running total: 0
 LOG  
💰 Expense 2: "Coles"
 LOG  💵 Amount: 200
 LOG  💳 Paid by: Jm7Sm7th1gOtpG1IttvPPIBgUG83
 LOG  📊 Split data: ["7EUSVFvzTicHY63vEFFKMqkJZKJ2: 100 (paid: false)", "Jm7Sm7th1gOtpG1IttvPPIBgUG83: 100 (paid: false)"]
 LOG  👥 Someone else paid (Jm7Sm7th1gOtpG1IttvPPIBgUG83) - no direct balance impact
 LOG  📊 Expense balance: 0
 LOG  📊 Running total: 0
 LOG  
💰 Expense 3: "Icecream"
 LOG  💵 Amount: 250
 LOG  💳 Paid by: CsFleJon8thWdQ08rbztMJPsWAb2
 LOG  📊 Split data: ["7EUSVFvzTicHY63vEFFKMqkJZKJ2: 83.33333333333333 (paid: true)", "CsFleJon8thWdQ08rbztMJPsWAb2: 83.33333333333333 (paid: false)", "Jm7Sm7th1gOtpG1IttvPPIBgUG83: 83.33333333333333 (paid: false)"]
 LOG  ✅ User1 split: 83.33333333333333 (ALREADY PAID)
 LOG  📊 Expense balance: 0
 LOG  📊 Running total: 0
 LOG  
💰 Expense 4: "Dinner"
 LOG  💵 Amount: 150
 LOG  💳 Paid by: 7EUSVFvzTicHY63vEFFKMqkJZKJ2
 LOG  📊 Split data: ["7EUSVFvzTicHY63vEFFKMqkJZKJ2: 50 (paid: false)", "CsFleJon8thWdQ08rbztMJPsWAb2: 50 (paid: true)", "Jm7Sm7th1gOtpG1IttvPPIBgUG83: 50 (paid: true)"]
 LOG  ✅ User2 split: 50 (ALREADY PAID)
 LOG  📊 Expense balance: 0
 LOG  📊 Running total: 0
 LOG  
✅ === FINAL RESULT ===
 LOG  🔢 Final balance: 0
 LOG  💭 Interpretation: No balance
 LOG  ===============================
 LOG  
🔍 === DETAILED BALANCE CALCULATION ===
 LOG  👤 User1 (You): 7EUSVFvzTicHY63vEFFKMqkJZKJ2
 LOG  👤 User2 (Them): Jm7Sm7th1gOtpG1IttvPPIBgUG83
 LOG  🏢 Group: aWT0Jz1AlM6jmAKNBqJW
 LOG  📧 Found 0 received email friend requests (existing users)
 LOG  📋 Total expenses found: 4
 LOG  
💰 Expense 1: "Myer"
 LOG  💵 Amount: 320
 LOG  💳 Paid by: CsFleJon8thWdQ08rbztMJPsWAb2
 LOG  📊 Split data: ["7EUSVFvzTicHY63vEFFKMqkJZKJ2: 106.66666666666667 (paid: true)", "CsFleJon8thWdQ08rbztMJPsWAb2: 106.66666666666667 (paid: false)", "Jm7Sm7th1gOtpG1IttvPPIBgUG83: 106.66666666666667 (paid: false)"]
 LOG  👥 Someone else paid (CsFleJon8thWdQ08rbztMJPsWAb2) - no direct balance impact
 LOG  📊 Expense balance: 0
 LOG  📊 Running total: 0
 LOG  
💰 Expense 2: "Coles"
 LOG  💵 Amount: 200
 LOG  💳 Paid by: Jm7Sm7th1gOtpG1IttvPPIBgUG83
 LOG  📊 Split data: ["7EUSVFvzTicHY63vEFFKMqkJZKJ2: 100 (paid: false)", "Jm7Sm7th1gOtpG1IttvPPIBgUG83: 100 (paid: false)"]
 LOG  ➖ User1 owes User2: 100 (UNPAID)
 LOG  📊 Expense balance: -100
 LOG  📊 Running total: -100
 LOG  
💰 Expense 3: "Icecream"
 LOG  💵 Amount: 250
 LOG  💳 Paid by: CsFleJon8thWdQ08rbztMJPsWAb2
 LOG  📊 Split data: ["7EUSVFvzTicHY63vEFFKMqkJZKJ2: 83.33333333333333 (paid: true)", "CsFleJon8thWdQ08rbztMJPsWAb2: 83.33333333333333 (paid: false)", "Jm7Sm7th1gOtpG1IttvPPIBgUG83: 83.33333333333333 (paid: false)"]
 LOG  👥 Someone else paid (CsFleJon8thWdQ08rbztMJPsWAb2) - no direct balance impact
 LOG  📊 Expense balance: 0
 LOG  📊 Running total: -100
 LOG  
💰 Expense 4: "Dinner"
 LOG  💵 Amount: 150
 LOG  💳 Paid by: 7EUSVFvzTicHY63vEFFKMqkJZKJ2
 LOG  📊 Split data: ["7EUSVFvzTicHY63vEFFKMqkJZKJ2: 50 (paid: false)", "CsFleJon8thWdQ08rbztMJPsWAb2: 50 (paid: true)", "Jm7Sm7th1gOtpG1IttvPPIBgUG83: 50 (paid: true)"]
 LOG  ✅ User2 split: 50 (ALREADY PAID)
 LOG  📊 Expense balance: 0
 LOG  📊 Running total: -100
 LOG  
✅ === FINAL RESULT ===
 LOG  🔢 Final balance: -100
 LOG  💭 Interpretation: User1 owes User2
 LOG  ===============================
 LOG  💰 Settlement: Set3 in Home: -100
 LOG  ✅ SETTLEMENT balance calculation complete: {"friendEntries": 2, "groupEntries": 3, "totalEntries": 5}
 LOG  📊 Raw settlement balances from friendsBalances: [{"avatar": "", "balance": -33.33333333333333, "breakdown": {"fromFriendships": -33.33333333333333, "fromGroups": [Object]}, "email": "set3@gmail.com", "lastUpdated": [Object], "name": "Set3", "source": "friend", "userId": "Jm7Sm7th1gOtpG1IttvPPIBgUG83"}, {"avatar": "", "balance": 66.66666666666667, "breakdown": {"fromFriendships": 66.66666666666667, "fromGroups": [Object]}, "email": "set2@gmail.com", "lastUpdated": [Object], "name": "Set2", "source": "friend", "userId": "CsFleJon8thWdQ08rbztMJPsWAb2"}, {"avatar": "", "balance": 66.67, "breakdown": {"fromFriendships": 0, "fromGroups": [Object]}, "email": "set2@gmail.com", "groupId": "rx01BYFAEivzEeCxd5bU", "groupName": "Office", "lastUpdated": 2025-08-01T22:52:11.659Z, "name": "Set2", "source": "group", "userId": "CsFleJon8thWdQ08rbztMJPsWAb2"}, {"avatar": "", "balance": 66.67, "breakdown": {"fromFriendships": 0, "fromGroups": [Object]}, "email": "set3@gmail.com", "groupId": "rx01BYFAEivzEeCxd5bU", "groupName": "Office", "lastUpdated": 2025-08-01T22:52:11.787Z, "name": "Set3", "source": "group", "userId": "Jm7Sm7th1gOtpG1IttvPPIBgUG83"}, {"avatar": "", "balance": -100, "breakdown": {"fromFriendships": 0, "fromGroups": [Object]}, "email": "set3@gmail.com", "groupId": "aWT0Jz1AlM6jmAKNBqJW", "groupName": "Home", "lastUpdated": 2025-08-01T22:52:11.992Z, "name": "Set3", "source": "group", "userId": "Jm7Sm7th1gOtpG1IttvPPIBgUG83"}]
 LOG  👥 Settlement balances after processing: 2 entries
 LOG  👥 Non-zero balances: 5
 LOG  👥 Settled friends added: 0
 LOG  👥 Detailed settlement balances: [{"balance": -100, "email": "set3@gmail.com", "groupId": "aWT0Jz1AlM6jmAKNBqJW", "groupName": "Home", "name": "Set3", "source": "group", "userId": "Jm7Sm7th1gOtpG1IttvPPIBgUG83"}, {"balance": 66.67, "email": "set2@gmail.com", "groupId": "rx01BYFAEivzEeCxd5bU", "groupName": "Office", "name": "Set2", "source": "group", "userId": "CsFleJon8thWdQ08rbztMJPsWAb2"}]
 LOG  📧 Found 1 email invitations (new users)
 LOG  📋 Email invitation (new user): {"fromUserId": "7EUSVFvzTicHY63vEFFKMqkJZKJ2", "id": "itgZL3iWPKpz6kBZm0oK", "status": "sent", "toEmail": "set4@gmail.com"}
 LOG  🏷️  Rendering group card: Office
 LOG  💳 Group balance from map: 133.34
 LOG  📊 Display: owed 133.34
 LOG  🏷️  Rendering group card: Home
 LOG  💳 Group balance from map: -100
 LOG  📊 Display: owes 100
 LOG  ❌ GroupDetailsModal: Not rendering - visible: false localGroupData: false
 LOG  📱 Found 0 pending SMS/WhatsApp invitations
 LOG  ✅ Returning 1 total pending invitations: {"newEmailUsers": 1, "receivedExistingUsers": 0, "sentExistingUsers": 0, "smsWhatsApp": 0}
 LOG  Processing 4 friendships for settlement
 LOG  Processing 2 groups for settlement
 LOG  Processing settlement balances for group: Office with 3 members
 LOG  
🔍 === DETAILED BALANCE CALCULATION ===
 LOG  👤 User1 (You): 7EUSVFvzTicHY63vEFFKMqkJZKJ2
 LOG  👤 User2 (Them): CsFleJon8thWdQ08rbztMJPsWAb2
 LOG  🏢 Group: rx01BYFAEivzEeCxd5bU
 LOG  📋 Total expenses found: 1
 LOG  
💰 Expense 1: "Woolies"
 LOG  💵 Amount: 200
 LOG  💳 Paid by: 7EUSVFvzTicHY63vEFFKMqkJZKJ2
 LOG  📊 Split data: ["7EUSVFvzTicHY63vEFFKMqkJZKJ2: 66.66666666666667 (paid: false)", "CsFleJon8thWdQ08rbztMJPsWAb2: 66.66666666666667 (paid: false)", "Jm7Sm7th1gOtpG1IttvPPIBgUG83: 66.66666666666667 (paid: false)"]
 LOG  ➕ User2 owes User1: 66.66666666666667 (UNPAID)
 LOG  📊 Expense balance: 66.66666666666667
 LOG  📊 Running total: 66.66666666666667
 LOG  
✅ === FINAL RESULT ===
 LOG  🔢 Final balance: 66.67
 LOG  💭 Interpretation: User2 owes User1
 LOG  ===============================
 LOG  💰 Settlement: Set2 in Office: 66.67
 LOG  
🔍 === DETAILED BALANCE CALCULATION ===
 LOG  👤 User1 (You): 7EUSVFvzTicHY63vEFFKMqkJZKJ2
 LOG  👤 User2 (Them): Jm7Sm7th1gOtpG1IttvPPIBgUG83
 LOG  🏢 Group: rx01BYFAEivzEeCxd5bU
 LOG  📋 Total expenses found: 1
 LOG  
💰 Expense 1: "Woolies"
 LOG  💵 Amount: 200
 LOG  💳 Paid by: 7EUSVFvzTicHY63vEFFKMqkJZKJ2
 LOG  📊 Split data: ["7EUSVFvzTicHY63vEFFKMqkJZKJ2: 66.66666666666667 (paid: false)", "CsFleJon8thWdQ08rbztMJPsWAb2: 66.66666666666667 (paid: false)", "Jm7Sm7th1gOtpG1IttvPPIBgUG83: 66.66666666666667 (paid: false)"]
 LOG  ➕ User2 owes User1: 66.66666666666667 (UNPAID)
 LOG  📊 Expense balance: 66.66666666666667
 LOG  📊 Running total: 66.66666666666667
 LOG  
✅ === FINAL RESULT ===
 LOG  🔢 Final balance: 66.67
 LOG  💭 Interpretation: User2 owes User1
 LOG  ===============================
 LOG  💰 Settlement: Set3 in Office: 66.67
 LOG  Processing settlement balances for group: Home with 3 members
 LOG  
🔍 === DETAILED BALANCE CALCULATION ===
 LOG  👤 User1 (You): 7EUSVFvzTicHY63vEFFKMqkJZKJ2
 LOG  👤 User2 (Them): CsFleJon8thWdQ08rbztMJPsWAb2
 LOG  🏢 Group: aWT0Jz1AlM6jmAKNBqJW
 LOG  📋 Total expenses found: 4
 LOG  
💰 Expense 1: "Myer"
 LOG  💵 Amount: 320
 LOG  💳 Paid by: CsFleJon8thWdQ08rbztMJPsWAb2
 LOG  📊 Split data: ["7EUSVFvzTicHY63vEFFKMqkJZKJ2: 106.66666666666667 (paid: true)", "CsFleJon8thWdQ08rbztMJPsWAb2: 106.66666666666667 (paid: false)", "Jm7Sm7th1gOtpG1IttvPPIBgUG83: 106.66666666666667 (paid: false)"]
 LOG  ✅ User1 split: 106.66666666666667 (ALREADY PAID)
 LOG  📊 Expense balance: 0
 LOG  📊 Running total: 0
 LOG  
💰 Expense 2: "Coles"
 LOG  💵 Amount: 200
 LOG  💳 Paid by: Jm7Sm7th1gOtpG1IttvPPIBgUG83
 LOG  📊 Split data: ["7EUSVFvzTicHY63vEFFKMqkJZKJ2: 100 (paid: false)", "Jm7Sm7th1gOtpG1IttvPPIBgUG83: 100 (paid: false)"]
 LOG  👥 Someone else paid (Jm7Sm7th1gOtpG1IttvPPIBgUG83) - no direct balance impact
 LOG  📊 Expense balance: 0
 LOG  📊 Running total: 0
 LOG  
💰 Expense 3: "Icecream"
 LOG  💵 Amount: 250
 LOG  💳 Paid by: CsFleJon8thWdQ08rbztMJPsWAb2
 LOG  📊 Split data: ["7EUSVFvzTicHY63vEFFKMqkJZKJ2: 83.33333333333333 (paid: true)", "CsFleJon8thWdQ08rbztMJPsWAb2: 83.33333333333333 (paid: false)", "Jm7Sm7th1gOtpG1IttvPPIBgUG83: 83.33333333333333 (paid: false)"]
 LOG  ✅ User1 split: 83.33333333333333 (ALREADY PAID)
 LOG  📊 Expense balance: 0
 LOG  📊 Running total: 0
 LOG  
💰 Expense 4: "Dinner"
 LOG  💵 Amount: 150
 LOG  💳 Paid by: 7EUSVFvzTicHY63vEFFKMqkJZKJ2
 LOG  📊 Split data: ["7EUSVFvzTicHY63vEFFKMqkJZKJ2: 50 (paid: false)", "CsFleJon8thWdQ08rbztMJPsWAb2: 50 (paid: true)", "Jm7Sm7th1gOtpG1IttvPPIBgUG83: 50 (paid: true)"]
 LOG  ✅ User2 split: 50 (ALREADY PAID)
 LOG  📊 Expense balance: 0
 LOG  📊 Running total: 0
 LOG  
✅ === FINAL RESULT ===
 LOG  🔢 Final balance: 0
 LOG  💭 Interpretation: No balance
 LOG  ===============================
 LOG  
🔍 === DETAILED BALANCE CALCULATION ===
 LOG  👤 User1 (You): 7EUSVFvzTicHY63vEFFKMqkJZKJ2
 LOG  👤 User2 (Them): Jm7Sm7th1gOtpG1IttvPPIBgUG83
 LOG  🏢 Group: aWT0Jz1AlM6jmAKNBqJW
 LOG  📋 Total expenses found: 4
 LOG  
💰 Expense 1: "Myer"
 LOG  💵 Amount: 320
 LOG  💳 Paid by: CsFleJon8thWdQ08rbztMJPsWAb2
 LOG  📊 Split data: ["7EUSVFvzTicHY63vEFFKMqkJZKJ2: 106.66666666666667 (paid: true)", "CsFleJon8thWdQ08rbztMJPsWAb2: 106.66666666666667 (paid: false)", "Jm7Sm7th1gOtpG1IttvPPIBgUG83: 106.66666666666667 (paid: false)"]
 LOG  👥 Someone else paid (CsFleJon8thWdQ08rbztMJPsWAb2) - no direct balance impact
 LOG  📊 Expense balance: 0
 LOG  📊 Running total: 0
 LOG  
💰 Expense 2: "Coles"
 LOG  💵 Amount: 200
 LOG  💳 Paid by: Jm7Sm7th1gOtpG1IttvPPIBgUG83
 LOG  📊 Split data: ["7EUSVFvzTicHY63vEFFKMqkJZKJ2: 100 (paid: false)", "Jm7Sm7th1gOtpG1IttvPPIBgUG83: 100 (paid: false)"]
 LOG  ➖ User1 owes User2: 100 (UNPAID)
 LOG  📊 Expense balance: -100
 LOG  📊 Running total: -100
 LOG  
💰 Expense 3: "Icecream"
 LOG  💵 Amount: 250
 LOG  💳 Paid by: CsFleJon8thWdQ08rbztMJPsWAb2
 LOG  📊 Split data: ["7EUSVFvzTicHY63vEFFKMqkJZKJ2: 83.33333333333333 (paid: true)", "CsFleJon8thWdQ08rbztMJPsWAb2: 83.33333333333333 (paid: false)", "Jm7Sm7th1gOtpG1IttvPPIBgUG83: 83.33333333333333 (paid: false)"]
 LOG  👥 Someone else paid (CsFleJon8thWdQ08rbztMJPsWAb2) - no direct balance impact
 LOG  📊 Expense balance: 0
 LOG  📊 Running total: -100
 LOG  
💰 Expense 4: "Dinner"
 LOG  💵 Amount: 150
 LOG  💳 Paid by: 7EUSVFvzTicHY63vEFFKMqkJZKJ2
 LOG  📊 Split data: ["7EUSVFvzTicHY63vEFFKMqkJZKJ2: 50 (paid: false)", "CsFleJon8thWdQ08rbztMJPsWAb2: 50 (paid: true)", "Jm7Sm7th1gOtpG1IttvPPIBgUG83: 50 (paid: true)"]
 LOG  ✅ User2 split: 50 (ALREADY PAID)
 LOG  📊 Expense balance: 0
 LOG  📊 Running total: -100
 LOG  
✅ === FINAL RESULT ===
 LOG  🔢 Final balance: -100
 LOG  💭 Interpretation: User1 owes User2
 LOG  ===============================
 LOG  💰 Settlement: Set3 in Home: -100
 LOG  ✅ SETTLEMENT balance calculation complete: {"friendEntries": 2, "groupEntries": 3, "totalEntries": 5}
 LOG  📊 Raw settlement balances from friendsBalances: [{"avatar": "", "balance": -33.33333333333333, "breakdown": {"fromFriendships": -33.33333333333333, "fromGroups": [Object]}, "email": "set3@gmail.com", "lastUpdated": [Object], "name": "Set3", "source": "friend", "userId": "Jm7Sm7th1gOtpG1IttvPPIBgUG83"}, {"avatar": "", "balance": 66.66666666666667, "breakdown": {"fromFriendships": 66.66666666666667, "fromGroups": [Object]}, "email": "set2@gmail.com", "lastUpdated": [Object], "name": "Set2", "source": "friend", "userId": "CsFleJon8thWdQ08rbztMJPsWAb2"}, {"avatar": "", "balance": 66.67, "breakdown": {"fromFriendships": 0, "fromGroups": [Object]}, "email": "set2@gmail.com", "groupId": "rx01BYFAEivzEeCxd5bU", "groupName": "Office", "lastUpdated": 2025-08-01T22:52:12.223Z, "name": "Set2", "source": "group", "userId": "CsFleJon8thWdQ08rbztMJPsWAb2"}, {"avatar": "", "balance": 66.67, "breakdown": {"fromFriendships": 0, "fromGroups": [Object]}, "email": "set3@gmail.com", "groupId": "rx01BYFAEivzEeCxd5bU", "groupName": "Office", "lastUpdated": 2025-08-01T22:52:12.327Z, "name": "Set3", "source": "group", "userId": "Jm7Sm7th1gOtpG1IttvPPIBgUG83"}, {"avatar": "", "balance": -100, "breakdown": {"fromFriendships": 0, "fromGroups": [Object]}, "email": "set3@gmail.com", "groupId": "aWT0Jz1AlM6jmAKNBqJW", "groupName": "Home", "lastUpdated": 2025-08-01T22:52:12.579Z, "name": "Set3", "source": "group", "userId": "Jm7Sm7th1gOtpG1IttvPPIBgUG83"}]
 LOG  👥 Settlement balances after processing: 2 entries
 LOG  👥 Non-zero balances: 5
 LOG  👥 Settled friends added: 0
 LOG  👥 Detailed settlement balances: [{"balance": -100, "email": "set3@gmail.com", "groupId": "aWT0Jz1AlM6jmAKNBqJW", "groupName": "Home", "name": "Set3", "source": "group", "userId": "Jm7Sm7th1gOtpG1IttvPPIBgUG83"}, {"balance": 66.67, "email": "set2@gmail.com", "groupId": "rx01BYFAEivzEeCxd5bU", "groupName": "Office", "name": "Set2", "source": "group", "userId": "CsFleJon8thWdQ08rbztMJPsWAb2"}]
 LOG  🏷️  Rendering group card: Office
 LOG  💳 Group balance from map: 133.34
 LOG  📊 Display: owed 133.34
 LOG  🏷️  Rendering group card: Home
 LOG  💳 Group balance from map: -100
 LOG  📊 Display: owes 100
 LOG  ❌ GroupDetailsModal: Not rendering - visible: false localGroupData: false
 LOG  🏷️  Rendering group card: Office
 LOG  💳 Group balance from map: 133.34
 LOG  📊 Display: owed 133.34
 LOG  🏷️  Rendering group card: Home
 LOG  💳 Group balance from map: -100
 LOG  📊 Display: owes 100
 LOG  ⏳ GroupDetailsModal: Showing loading state
 LOG  📊 GroupDetailsModal: group prop changed: Home aWT0Jz1AlM6jmAKNBqJW
 LOG  ✅ GroupDetailsModal: localGroupData set
 LOG  Loading fresh group data for: aWT0Jz1AlM6jmAKNBqJW
 LOG  Loading expenses for group: aWT0Jz1AlM6jmAKNBqJW
 LOG  🔄 Calculating member balances for group: Home
 LOG  👥 Group has 3 members
 LOG  ⏭️  Current user (Set): 0
 LOG  🔍 Calculating balance with Set2 (CsFleJon8thWdQ08rbztMJPsWAb2)
 LOG  
🔍 === DETAILED BALANCE CALCULATION ===
 LOG  👤 User1 (You): 7EUSVFvzTicHY63vEFFKMqkJZKJ2
 LOG  👤 User2 (Them): CsFleJon8thWdQ08rbztMJPsWAb2
 LOG  🏢 Group: aWT0Jz1AlM6jmAKNBqJW
 LOG  Updated local group data with 3 members
 LOG  Loading expenses for group: aWT0Jz1AlM6jmAKNBqJW
 LOG  🔄 Calculating member balances for group: Home
 LOG  👥 Group has 3 members
 LOG  ⏭️  Current user (Set): 0
 LOG  🔍 Calculating balance with Set2 (CsFleJon8thWdQ08rbztMJPsWAb2)
 LOG  
🔍 === DETAILED BALANCE CALCULATION ===
 LOG  👤 User1 (You): 7EUSVFvzTicHY63vEFFKMqkJZKJ2
 LOG  👤 User2 (Them): CsFleJon8thWdQ08rbztMJPsWAb2
 LOG  🏢 Group: aWT0Jz1AlM6jmAKNBqJW
 LOG  Loaded expenses: 4
 LOG  📋 Total expenses found: 4
 LOG  
💰 Expense 1: "Myer"
 LOG  💵 Amount: 320
 LOG  💳 Paid by: CsFleJon8thWdQ08rbztMJPsWAb2
 LOG  📊 Split data: ["7EUSVFvzTicHY63vEFFKMqkJZKJ2: 106.66666666666667 (paid: true)", "CsFleJon8thWdQ08rbztMJPsWAb2: 106.66666666666667 (paid: false)", "Jm7Sm7th1gOtpG1IttvPPIBgUG83: 106.66666666666667 (paid: false)"]
 LOG  ✅ User1 split: 106.66666666666667 (ALREADY PAID)
 LOG  📊 Expense balance: 0
 LOG  📊 Running total: 0
 LOG  
💰 Expense 2: "Coles"
 LOG  💵 Amount: 200
 LOG  💳 Paid by: Jm7Sm7th1gOtpG1IttvPPIBgUG83
 LOG  📊 Split data: ["7EUSVFvzTicHY63vEFFKMqkJZKJ2: 100 (paid: false)", "Jm7Sm7th1gOtpG1IttvPPIBgUG83: 100 (paid: false)"]
 LOG  👥 Someone else paid (Jm7Sm7th1gOtpG1IttvPPIBgUG83) - no direct balance impact
 LOG  📊 Expense balance: 0
 LOG  📊 Running total: 0
 LOG  
💰 Expense 3: "Icecream"
 LOG  💵 Amount: 250
 LOG  💳 Paid by: CsFleJon8thWdQ08rbztMJPsWAb2
 LOG  📊 Split data: ["7EUSVFvzTicHY63vEFFKMqkJZKJ2: 83.33333333333333 (paid: true)", "CsFleJon8thWdQ08rbztMJPsWAb2: 83.33333333333333 (paid: false)", "Jm7Sm7th1gOtpG1IttvPPIBgUG83: 83.33333333333333 (paid: false)"]
 LOG  ✅ User1 split: 83.33333333333333 (ALREADY PAID)
 LOG  📊 Expense balance: 0
 LOG  📊 Running total: 0
 LOG  
💰 Expense 4: "Dinner"
 LOG  💵 Amount: 150
 LOG  💳 Paid by: 7EUSVFvzTicHY63vEFFKMqkJZKJ2
 LOG  📊 Split data: ["7EUSVFvzTicHY63vEFFKMqkJZKJ2: 50 (paid: false)", "CsFleJon8thWdQ08rbztMJPsWAb2: 50 (paid: true)", "Jm7Sm7th1gOtpG1IttvPPIBgUG83: 50 (paid: true)"]
 LOG  ✅ User2 split: 50 (ALREADY PAID)
 LOG  📊 Expense balance: 0
 LOG  📊 Running total: 0
 LOG  
✅ === FINAL RESULT ===
 LOG  🔢 Final balance: 0
 LOG  💭 Interpretation: No balance
 LOG  ===============================
 LOG  💰 Balance with Set2: 0
 LOG  🔍 Calculating balance with Set3 (Jm7Sm7th1gOtpG1IttvPPIBgUG83)
 LOG  
🔍 === DETAILED BALANCE CALCULATION ===
 LOG  👤 User1 (You): 7EUSVFvzTicHY63vEFFKMqkJZKJ2
 LOG  👤 User2 (Them): Jm7Sm7th1gOtpG1IttvPPIBgUG83
 LOG  🏢 Group: aWT0Jz1AlM6jmAKNBqJW
 LOG  Loaded expenses: 4
 LOG  📋 Total expenses found: 4
 LOG  
💰 Expense 1: "Myer"
 LOG  💵 Amount: 320
 LOG  💳 Paid by: CsFleJon8thWdQ08rbztMJPsWAb2
 LOG  📊 Split data: ["7EUSVFvzTicHY63vEFFKMqkJZKJ2: 106.66666666666667 (paid: true)", "CsFleJon8thWdQ08rbztMJPsWAb2: 106.66666666666667 (paid: false)", "Jm7Sm7th1gOtpG1IttvPPIBgUG83: 106.66666666666667 (paid: false)"]
 LOG  ✅ User1 split: 106.66666666666667 (ALREADY PAID)
 LOG  📊 Expense balance: 0
 LOG  📊 Running total: 0
 LOG  
💰 Expense 2: "Coles"
 LOG  💵 Amount: 200
 LOG  💳 Paid by: Jm7Sm7th1gOtpG1IttvPPIBgUG83
 LOG  📊 Split data: ["7EUSVFvzTicHY63vEFFKMqkJZKJ2: 100 (paid: false)", "Jm7Sm7th1gOtpG1IttvPPIBgUG83: 100 (paid: false)"]
 LOG  👥 Someone else paid (Jm7Sm7th1gOtpG1IttvPPIBgUG83) - no direct balance impact
 LOG  📊 Expense balance: 0
 LOG  📊 Running total: 0
 LOG  
💰 Expense 3: "Icecream"
 LOG  💵 Amount: 250
 LOG  💳 Paid by: CsFleJon8thWdQ08rbztMJPsWAb2
 LOG  📊 Split data: ["7EUSVFvzTicHY63vEFFKMqkJZKJ2: 83.33333333333333 (paid: true)", "CsFleJon8thWdQ08rbztMJPsWAb2: 83.33333333333333 (paid: false)", "Jm7Sm7th1gOtpG1IttvPPIBgUG83: 83.33333333333333 (paid: false)"]
 LOG  ✅ User1 split: 83.33333333333333 (ALREADY PAID)
 LOG  📊 Expense balance: 0
 LOG  📊 Running total: 0
 LOG  
💰 Expense 4: "Dinner"
 LOG  💵 Amount: 150
 LOG  💳 Paid by: 7EUSVFvzTicHY63vEFFKMqkJZKJ2
 LOG  📊 Split data: ["7EUSVFvzTicHY63vEFFKMqkJZKJ2: 50 (paid: false)", "CsFleJon8thWdQ08rbztMJPsWAb2: 50 (paid: true)", "Jm7Sm7th1gOtpG1IttvPPIBgUG83: 50 (paid: true)"]
 LOG  ✅ User2 split: 50 (ALREADY PAID)
 LOG  📊 Expense balance: 0
 LOG  📊 Running total: 0
 LOG  
✅ === FINAL RESULT ===
 LOG  🔢 Final balance: 0
 LOG  💭 Interpretation: No balance
 LOG  ===============================
 LOG  💰 Balance with Set2: 0
 LOG  🔍 Calculating balance with Set3 (Jm7Sm7th1gOtpG1IttvPPIBgUG83)
 LOG  
🔍 === DETAILED BALANCE CALCULATION ===
 LOG  👤 User1 (You): 7EUSVFvzTicHY63vEFFKMqkJZKJ2
 LOG  👤 User2 (Them): Jm7Sm7th1gOtpG1IttvPPIBgUG83
 LOG  🏢 Group: aWT0Jz1AlM6jmAKNBqJW
 LOG  📋 Total expenses found: 4
 LOG  
💰 Expense 1: "Myer"
 LOG  💵 Amount: 320
 LOG  💳 Paid by: CsFleJon8thWdQ08rbztMJPsWAb2
 LOG  📊 Split data: ["7EUSVFvzTicHY63vEFFKMqkJZKJ2: 106.66666666666667 (paid: true)", "CsFleJon8thWdQ08rbztMJPsWAb2: 106.66666666666667 (paid: false)", "Jm7Sm7th1gOtpG1IttvPPIBgUG83: 106.66666666666667 (paid: false)"]
 LOG  👥 Someone else paid (CsFleJon8thWdQ08rbztMJPsWAb2) - no direct balance impact
 LOG  📊 Expense balance: 0
 LOG  📊 Running total: 0
 LOG  
💰 Expense 2: "Coles"
 LOG  💵 Amount: 200
 LOG  💳 Paid by: Jm7Sm7th1gOtpG1IttvPPIBgUG83
 LOG  📊 Split data: ["7EUSVFvzTicHY63vEFFKMqkJZKJ2: 100 (paid: false)", "Jm7Sm7th1gOtpG1IttvPPIBgUG83: 100 (paid: false)"]
 LOG  ➖ User1 owes User2: 100 (UNPAID)
 LOG  📊 Expense balance: -100
 LOG  📊 Running total: -100
 LOG  
💰 Expense 3: "Icecream"
 LOG  💵 Amount: 250
 LOG  💳 Paid by: CsFleJon8thWdQ08rbztMJPsWAb2
 LOG  📊 Split data: ["7EUSVFvzTicHY63vEFFKMqkJZKJ2: 83.33333333333333 (paid: true)", "CsFleJon8thWdQ08rbztMJPsWAb2: 83.33333333333333 (paid: false)", "Jm7Sm7th1gOtpG1IttvPPIBgUG83: 83.33333333333333 (paid: false)"]
 LOG  👥 Someone else paid (CsFleJon8thWdQ08rbztMJPsWAb2) - no direct balance impact
 LOG  📊 Expense balance: 0
 LOG  📊 Running total: -100
 LOG  
💰 Expense 4: "Dinner"
 LOG  💵 Amount: 150
 LOG  💳 Paid by: 7EUSVFvzTicHY63vEFFKMqkJZKJ2
 LOG  📊 Split data: ["7EUSVFvzTicHY63vEFFKMqkJZKJ2: 50 (paid: false)", "CsFleJon8thWdQ08rbztMJPsWAb2: 50 (paid: true)", "Jm7Sm7th1gOtpG1IttvPPIBgUG83: 50 (paid: true)"]
 LOG  ✅ User2 split: 50 (ALREADY PAID)
 LOG  📊 Expense balance: 0
 LOG  📊 Running total: -100
 LOG  
✅ === FINAL RESULT ===
 LOG  🔢 Final balance: -100
 LOG  💭 Interpretation: User1 owes User2
 LOG  ===============================
 LOG  💰 Balance with Set3: -100
 LOG  🔄 Setting new member balances...
 LOG  ✅ Member balances calculated
 LOG  🔍 Final calculated balances:
 LOG     Set: 0
 LOG     Set2: 0
 LOG     Set3: -100
 LOG  📋 Total expenses found: 4
 LOG  
💰 Expense 1: "Myer"
 LOG  💵 Amount: 320
 LOG  💳 Paid by: CsFleJon8thWdQ08rbztMJPsWAb2
 LOG  📊 Split data: ["7EUSVFvzTicHY63vEFFKMqkJZKJ2: 106.66666666666667 (paid: true)", "CsFleJon8thWdQ08rbztMJPsWAb2: 106.66666666666667 (paid: false)", "Jm7Sm7th1gOtpG1IttvPPIBgUG83: 106.66666666666667 (paid: false)"]
 LOG  👥 Someone else paid (CsFleJon8thWdQ08rbztMJPsWAb2) - no direct balance impact
 LOG  📊 Expense balance: 0
 LOG  📊 Running total: 0
 LOG  
💰 Expense 2: "Coles"
 LOG  💵 Amount: 200
 LOG  💳 Paid by: Jm7Sm7th1gOtpG1IttvPPIBgUG83
 LOG  📊 Split data: ["7EUSVFvzTicHY63vEFFKMqkJZKJ2: 100 (paid: false)", "Jm7Sm7th1gOtpG1IttvPPIBgUG83: 100 (paid: false)"]
 LOG  ➖ User1 owes User2: 100 (UNPAID)
 LOG  📊 Expense balance: -100
 LOG  📊 Running total: -100
 LOG  
💰 Expense 3: "Icecream"
 LOG  💵 Amount: 250
 LOG  💳 Paid by: CsFleJon8thWdQ08rbztMJPsWAb2
 LOG  📊 Split data: ["7EUSVFvzTicHY63vEFFKMqkJZKJ2: 83.33333333333333 (paid: true)", "CsFleJon8thWdQ08rbztMJPsWAb2: 83.33333333333333 (paid: false)", "Jm7Sm7th1gOtpG1IttvPPIBgUG83: 83.33333333333333 (paid: false)"]
 LOG  👥 Someone else paid (CsFleJon8thWdQ08rbztMJPsWAb2) - no direct balance impact
 LOG  📊 Expense balance: 0
 LOG  📊 Running total: -100
 LOG  
💰 Expense 4: "Dinner"
 LOG  💵 Amount: 150
 LOG  💳 Paid by: 7EUSVFvzTicHY63vEFFKMqkJZKJ2
 LOG  📊 Split data: ["7EUSVFvzTicHY63vEFFKMqkJZKJ2: 50 (paid: false)", "CsFleJon8thWdQ08rbztMJPsWAb2: 50 (paid: true)", "Jm7Sm7th1gOtpG1IttvPPIBgUG83: 50 (paid: true)"]
 LOG  ✅ User2 split: 50 (ALREADY PAID)
 LOG  📊 Expense balance: 0
 LOG  📊 Running total: -100
 LOG  
✅ === FINAL RESULT ===
 LOG  🔢 Final balance: -100
 LOG  💭 Interpretation: User1 owes User2
 LOG  ===============================
 LOG  💰 Balance with Set3: -100
 LOG  🔄 Setting new member balances...
 LOG  ✅ Member balances calculated
 LOG  🔍 Final calculated balances:
 LOG     Set: 0
 LOG     Set2: 0
 LOG     Set3: -100
 LOG  🎨 Rendering member card for Set: balance = 0
 LOG  🎨 Rendering member card for Set2: balance = 0
 LOG  🎨 Rendering member card for Set3: balance = -100
 LOG  Loading expenses for group: aWT0Jz1AlM6jmAKNBqJW
 LOG  🔄 Calculating member balances for group: Home
 LOG  👥 Group has 3 members
 LOG  ⏭️  Current user (Set): 0
 LOG  🔍 Calculating balance with Set2 (CsFleJon8thWdQ08rbztMJPsWAb2)
 LOG  
🔍 === DETAILED BALANCE CALCULATION ===
 LOG  👤 User1 (You): 7EUSVFvzTicHY63vEFFKMqkJZKJ2
 LOG  👤 User2 (Them): CsFleJon8thWdQ08rbztMJPsWAb2
 LOG  🏢 Group: aWT0Jz1AlM6jmAKNBqJW
 LOG  🎨 Rendering member card for Set: balance = 0
 LOG  🎨 Rendering member card for Set2: balance = 0
 LOG  🎨 Rendering member card for Set3: balance = -100
 LOG  Loaded expenses: 4
 LOG  📋 Total expenses found: 4
 LOG  
💰 Expense 1: "Myer"
 LOG  💵 Amount: 320
 LOG  💳 Paid by: CsFleJon8thWdQ08rbztMJPsWAb2
 LOG  📊 Split data: ["7EUSVFvzTicHY63vEFFKMqkJZKJ2: 106.66666666666667 (paid: true)", "CsFleJon8thWdQ08rbztMJPsWAb2: 106.66666666666667 (paid: false)", "Jm7Sm7th1gOtpG1IttvPPIBgUG83: 106.66666666666667 (paid: false)"]
 LOG  ✅ User1 split: 106.66666666666667 (ALREADY PAID)
 LOG  📊 Expense balance: 0
 LOG  📊 Running total: 0
 LOG  
💰 Expense 2: "Coles"
 LOG  💵 Amount: 200
 LOG  💳 Paid by: Jm7Sm7th1gOtpG1IttvPPIBgUG83
 LOG  📊 Split data: ["7EUSVFvzTicHY63vEFFKMqkJZKJ2: 100 (paid: false)", "Jm7Sm7th1gOtpG1IttvPPIBgUG83: 100 (paid: false)"]
 LOG  👥 Someone else paid (Jm7Sm7th1gOtpG1IttvPPIBgUG83) - no direct balance impact
 LOG  📊 Expense balance: 0
 LOG  📊 Running total: 0
 LOG  
💰 Expense 3: "Icecream"
 LOG  💵 Amount: 250
 LOG  💳 Paid by: CsFleJon8thWdQ08rbztMJPsWAb2
 LOG  📊 Split data: ["7EUSVFvzTicHY63vEFFKMqkJZKJ2: 83.33333333333333 (paid: true)", "CsFleJon8thWdQ08rbztMJPsWAb2: 83.33333333333333 (paid: false)", "Jm7Sm7th1gOtpG1IttvPPIBgUG83: 83.33333333333333 (paid: false)"]
 LOG  ✅ User1 split: 83.33333333333333 (ALREADY PAID)
 LOG  📊 Expense balance: 0
 LOG  📊 Running total: 0
 LOG  
💰 Expense 4: "Dinner"
 LOG  💵 Amount: 150
 LOG  💳 Paid by: 7EUSVFvzTicHY63vEFFKMqkJZKJ2
 LOG  📊 Split data: ["7EUSVFvzTicHY63vEFFKMqkJZKJ2: 50 (paid: false)", "CsFleJon8thWdQ08rbztMJPsWAb2: 50 (paid: true)", "Jm7Sm7th1gOtpG1IttvPPIBgUG83: 50 (paid: true)"]
 LOG  ✅ User2 split: 50 (ALREADY PAID)
 LOG  📊 Expense balance: 0
 LOG  📊 Running total: 0
 LOG  
✅ === FINAL RESULT ===
 LOG  🔢 Final balance: 0
 LOG  💭 Interpretation: No balance
 LOG  ===============================
 LOG  💰 Balance with Set2: 0
 LOG  🔍 Calculating balance with Set3 (Jm7Sm7th1gOtpG1IttvPPIBgUG83)
 LOG  
🔍 === DETAILED BALANCE CALCULATION ===
 LOG  👤 User1 (You): 7EUSVFvzTicHY63vEFFKMqkJZKJ2
 LOG  👤 User2 (Them): Jm7Sm7th1gOtpG1IttvPPIBgUG83
 LOG  🏢 Group: aWT0Jz1AlM6jmAKNBqJW
 LOG  🎨 Rendering member card for Set: balance = 0
 LOG  🎨 Rendering member card for Set2: balance = 0
 LOG  🎨 Rendering member card for Set3: balance = -100
 LOG  📋 Total expenses found: 4
 LOG  
💰 Expense 1: "Myer"
 LOG  💵 Amount: 320
 LOG  💳 Paid by: CsFleJon8thWdQ08rbztMJPsWAb2
 LOG  📊 Split data: ["7EUSVFvzTicHY63vEFFKMqkJZKJ2: 106.66666666666667 (paid: true)", "CsFleJon8thWdQ08rbztMJPsWAb2: 106.66666666666667 (paid: false)", "Jm7Sm7th1gOtpG1IttvPPIBgUG83: 106.66666666666667 (paid: false)"]
 LOG  👥 Someone else paid (CsFleJon8thWdQ08rbztMJPsWAb2) - no direct balance impact
 LOG  📊 Expense balance: 0
 LOG  📊 Running total: 0
 LOG  
💰 Expense 2: "Coles"
 LOG  💵 Amount: 200
 LOG  💳 Paid by: Jm7Sm7th1gOtpG1IttvPPIBgUG83
 LOG  📊 Split data: ["7EUSVFvzTicHY63vEFFKMqkJZKJ2: 100 (paid: false)", "Jm7Sm7th1gOtpG1IttvPPIBgUG83: 100 (paid: false)"]
 LOG  ➖ User1 owes User2: 100 (UNPAID)
 LOG  📊 Expense balance: -100
 LOG  📊 Running total: -100
 LOG  
💰 Expense 3: "Icecream"
 LOG  💵 Amount: 250
 LOG  💳 Paid by: CsFleJon8thWdQ08rbztMJPsWAb2
 LOG  📊 Split data: ["7EUSVFvzTicHY63vEFFKMqkJZKJ2: 83.33333333333333 (paid: true)", "CsFleJon8thWdQ08rbztMJPsWAb2: 83.33333333333333 (paid: false)", "Jm7Sm7th1gOtpG1IttvPPIBgUG83: 83.33333333333333 (paid: false)"]
 LOG  👥 Someone else paid (CsFleJon8thWdQ08rbztMJPsWAb2) - no direct balance impact
 LOG  📊 Expense balance: 0
 LOG  📊 Running total: -100
 LOG  
💰 Expense 4: "Dinner"
 LOG  💵 Amount: 150
 LOG  💳 Paid by: 7EUSVFvzTicHY63vEFFKMqkJZKJ2
 LOG  📊 Split data: ["7EUSVFvzTicHY63vEFFKMqkJZKJ2: 50 (paid: false)", "CsFleJon8thWdQ08rbztMJPsWAb2: 50 (paid: true)", "Jm7Sm7th1gOtpG1IttvPPIBgUG83: 50 (paid: true)"]
 LOG  ✅ User2 split: 50 (ALREADY PAID)
 LOG  📊 Expense balance: 0
 LOG  📊 Running total: -100
 LOG  
✅ === FINAL RESULT ===
 LOG  🔢 Final balance: -100
 LOG  💭 Interpretation: User1 owes User2
 LOG  ===============================
 LOG  💰 Balance with Set3: -100
 LOG  🔄 Setting new member balances...
 LOG  ✅ Member balances calculated
 LOG  🔍 Final calculated balances:
 LOG     Set: 0
 LOG     Set2: 0
 LOG     Set3: -100
 LOG  🎨 Rendering member card for Set: balance = 0
 LOG  🎨 Rendering member card for Set2: balance = 0
 LOG  🎨 Rendering member card for Set3: balance = -100
 LOG  Loading expenses for group: aWT0Jz1AlM6jmAKNBqJW
 LOG  🔄 Calculating member balances for group: Home
 LOG  👥 Group has 3 members
 LOG  ⏭️  Current user (Set): 0
 LOG  🔍 Calculating balance with Set2 (CsFleJon8thWdQ08rbztMJPsWAb2)
 LOG  
🔍 === DETAILED BALANCE CALCULATION ===
 LOG  👤 User1 (You): 7EUSVFvzTicHY63vEFFKMqkJZKJ2
 LOG  👤 User2 (Them): CsFleJon8thWdQ08rbztMJPsWAb2
 LOG  🏢 Group: aWT0Jz1AlM6jmAKNBqJW
 LOG  Loaded expenses: 4
 LOG  📋 Total expenses found: 4
 LOG  
💰 Expense 1: "Myer"
 LOG  💵 Amount: 320
 LOG  💳 Paid by: CsFleJon8thWdQ08rbztMJPsWAb2
 LOG  📊 Split data: ["7EUSVFvzTicHY63vEFFKMqkJZKJ2: 106.66666666666667 (paid: true)", "CsFleJon8thWdQ08rbztMJPsWAb2: 106.66666666666667 (paid: false)", "Jm7Sm7th1gOtpG1IttvPPIBgUG83: 106.66666666666667 (paid: false)"]
 LOG  ✅ User1 split: 106.66666666666667 (ALREADY PAID)
 LOG  📊 Expense balance: 0
 LOG  📊 Running total: 0
 LOG  
💰 Expense 2: "Coles"
 LOG  💵 Amount: 200
 LOG  💳 Paid by: Jm7Sm7th1gOtpG1IttvPPIBgUG83
 LOG  📊 Split data: ["7EUSVFvzTicHY63vEFFKMqkJZKJ2: 100 (paid: false)", "Jm7Sm7th1gOtpG1IttvPPIBgUG83: 100 (paid: false)"]
 LOG  👥 Someone else paid (Jm7Sm7th1gOtpG1IttvPPIBgUG83) - no direct balance impact
 LOG  📊 Expense balance: 0
 LOG  📊 Running total: 0
 LOG  
💰 Expense 3: "Icecream"
 LOG  💵 Amount: 250
 LOG  💳 Paid by: CsFleJon8thWdQ08rbztMJPsWAb2
 LOG  📊 Split data: ["7EUSVFvzTicHY63vEFFKMqkJZKJ2: 83.33333333333333 (paid: true)", "CsFleJon8thWdQ08rbztMJPsWAb2: 83.33333333333333 (paid: false)", "Jm7Sm7th1gOtpG1IttvPPIBgUG83: 83.33333333333333 (paid: false)"]
 LOG  ✅ User1 split: 83.33333333333333 (ALREADY PAID)
 LOG  📊 Expense balance: 0
 LOG  📊 Running total: 0
 LOG  
💰 Expense 4: "Dinner"
 LOG  💵 Amount: 150
 LOG  💳 Paid by: 7EUSVFvzTicHY63vEFFKMqkJZKJ2
 LOG  📊 Split data: ["7EUSVFvzTicHY63vEFFKMqkJZKJ2: 50 (paid: false)", "CsFleJon8thWdQ08rbztMJPsWAb2: 50 (paid: true)", "Jm7Sm7th1gOtpG1IttvPPIBgUG83: 50 (paid: true)"]
 LOG  ✅ User2 split: 50 (ALREADY PAID)
 LOG  📊 Expense balance: 0
 LOG  📊 Running total: 0
 LOG  
✅ === FINAL RESULT ===
 LOG  🔢 Final balance: 0
 LOG  💭 Interpretation: No balance
 LOG  ===============================
 LOG  💰 Balance with Set2: 0
 LOG  🔍 Calculating balance with Set3 (Jm7Sm7th1gOtpG1IttvPPIBgUG83)
 LOG  
🔍 === DETAILED BALANCE CALCULATION ===
 LOG  👤 User1 (You): 7EUSVFvzTicHY63vEFFKMqkJZKJ2
 LOG  👤 User2 (Them): Jm7Sm7th1gOtpG1IttvPPIBgUG83
 LOG  🏢 Group: aWT0Jz1AlM6jmAKNBqJW
 LOG  📋 Total expenses found: 4
 LOG  
💰 Expense 1: "Myer"
 LOG  💵 Amount: 320
 LOG  💳 Paid by: CsFleJon8thWdQ08rbztMJPsWAb2
 LOG  📊 Split data: ["7EUSVFvzTicHY63vEFFKMqkJZKJ2: 106.66666666666667 (paid: true)", "CsFleJon8thWdQ08rbztMJPsWAb2: 106.66666666666667 (paid: false)", "Jm7Sm7th1gOtpG1IttvPPIBgUG83: 106.66666666666667 (paid: false)"]
 LOG  👥 Someone else paid (CsFleJon8thWdQ08rbztMJPsWAb2) - no direct balance impact
 LOG  📊 Expense balance: 0
 LOG  📊 Running total: 0
 LOG  
💰 Expense 2: "Coles"
 LOG  💵 Amount: 200
 LOG  💳 Paid by: Jm7Sm7th1gOtpG1IttvPPIBgUG83
 LOG  📊 Split data: ["7EUSVFvzTicHY63vEFFKMqkJZKJ2: 100 (paid: false)", "Jm7Sm7th1gOtpG1IttvPPIBgUG83: 100 (paid: false)"]
 LOG  ➖ User1 owes User2: 100 (UNPAID)
 LOG  📊 Expense balance: -100
 LOG  📊 Running total: -100
 LOG  
💰 Expense 3: "Icecream"
 LOG  💵 Amount: 250
 LOG  💳 Paid by: CsFleJon8thWdQ08rbztMJPsWAb2
 LOG  📊 Split data: ["7EUSVFvzTicHY63vEFFKMqkJZKJ2: 83.33333333333333 (paid: true)", "CsFleJon8thWdQ08rbztMJPsWAb2: 83.33333333333333 (paid: false)", "Jm7Sm7th1gOtpG1IttvPPIBgUG83: 83.33333333333333 (paid: false)"]
 LOG  👥 Someone else paid (CsFleJon8thWdQ08rbztMJPsWAb2) - no direct balance impact
 LOG  📊 Expense balance: 0
 LOG  📊 Running total: -100
 LOG  
💰 Expense 4: "Dinner"
 LOG  💵 Amount: 150
 LOG  💳 Paid by: 7EUSVFvzTicHY63vEFFKMqkJZKJ2
 LOG  📊 Split data: ["7EUSVFvzTicHY63vEFFKMqkJZKJ2: 50 (paid: false)", "CsFleJon8thWdQ08rbztMJPsWAb2: 50 (paid: true)", "Jm7Sm7th1gOtpG1IttvPPIBgUG83: 50 (paid: true)"]
 LOG  ✅ User2 split: 50 (ALREADY PAID)
 LOG  📊 Expense balance: 0
 LOG  📊 Running total: -100
 LOG  
✅ === FINAL RESULT ===
 LOG  🔢 Final balance: -100
 LOG  💭 Interpretation: User1 owes User2
 LOG  ===============================
 LOG  💰 Balance with Set3: -100
 LOG  🔄 Setting new member balances...
 LOG  ✅ Member balances calculated
 LOG  🔍 Final calculated balances:
 LOG     Set: 0
 LOG     Set2: 0
 LOG     Set3: -100
 LOG  Loading expenses for group: aWT0Jz1AlM6jmAKNBqJW
 LOG  🔄 Calculating member balances for group: Home
 LOG  👥 Group has 3 members
 LOG  ⏭️  Current user (Set): 0
 LOG  🔍 Calculating balance with Set2 (CsFleJon8thWdQ08rbztMJPsWAb2)
 LOG  
🔍 === DETAILED BALANCE CALCULATION ===
 LOG  👤 User1 (You): 7EUSVFvzTicHY63vEFFKMqkJZKJ2
 LOG  👤 User2 (Them): CsFleJon8thWdQ08rbztMJPsWAb2
 LOG  🏢 Group: aWT0Jz1AlM6jmAKNBqJW
 LOG  Loaded expenses: 4
 LOG  📋 Total expenses found: 4
 LOG  
💰 Expense 1: "Myer"
 LOG  💵 Amount: 320
 LOG  💳 Paid by: CsFleJon8thWdQ08rbztMJPsWAb2
 LOG  📊 Split data: ["7EUSVFvzTicHY63vEFFKMqkJZKJ2: 106.66666666666667 (paid: true)", "CsFleJon8thWdQ08rbztMJPsWAb2: 106.66666666666667 (paid: false)", "Jm7Sm7th1gOtpG1IttvPPIBgUG83: 106.66666666666667 (paid: false)"]
 LOG  ✅ User1 split: 106.66666666666667 (ALREADY PAID)
 LOG  📊 Expense balance: 0
 LOG  📊 Running total: 0
 LOG  
💰 Expense 2: "Coles"
 LOG  💵 Amount: 200
 LOG  💳 Paid by: Jm7Sm7th1gOtpG1IttvPPIBgUG83
 LOG  📊 Split data: ["7EUSVFvzTicHY63vEFFKMqkJZKJ2: 100 (paid: false)", "Jm7Sm7th1gOtpG1IttvPPIBgUG83: 100 (paid: false)"]
 LOG  👥 Someone else paid (Jm7Sm7th1gOtpG1IttvPPIBgUG83) - no direct balance impact
 LOG  📊 Expense balance: 0
 LOG  📊 Running total: 0
 LOG  
💰 Expense 3: "Icecream"
 LOG  💵 Amount: 250
 LOG  💳 Paid by: CsFleJon8thWdQ08rbztMJPsWAb2
 LOG  📊 Split data: ["7EUSVFvzTicHY63vEFFKMqkJZKJ2: 83.33333333333333 (paid: true)", "CsFleJon8thWdQ08rbztMJPsWAb2: 83.33333333333333 (paid: false)", "Jm7Sm7th1gOtpG1IttvPPIBgUG83: 83.33333333333333 (paid: false)"]
 LOG  ✅ User1 split: 83.33333333333333 (ALREADY PAID)
 LOG  📊 Expense balance: 0
 LOG  📊 Running total: 0
 LOG  
💰 Expense 4: "Dinner"
 LOG  💵 Amount: 150
 LOG  💳 Paid by: 7EUSVFvzTicHY63vEFFKMqkJZKJ2
 LOG  📊 Split data: ["7EUSVFvzTicHY63vEFFKMqkJZKJ2: 50 (paid: false)", "CsFleJon8thWdQ08rbztMJPsWAb2: 50 (paid: true)", "Jm7Sm7th1gOtpG1IttvPPIBgUG83: 50 (paid: true)"]
 LOG  ✅ User2 split: 50 (ALREADY PAID)
 LOG  📊 Expense balance: 0
 LOG  📊 Running total: 0
 LOG  
✅ === FINAL RESULT ===
 LOG  🔢 Final balance: 0
 LOG  💭 Interpretation: No balance
 LOG  ===============================
 LOG  💰 Balance with Set2: 0
 LOG  🔍 Calculating balance with Set3 (Jm7Sm7th1gOtpG1IttvPPIBgUG83)
 LOG  
🔍 === DETAILED BALANCE CALCULATION ===
 LOG  👤 User1 (You): 7EUSVFvzTicHY63vEFFKMqkJZKJ2
 LOG  👤 User2 (Them): Jm7Sm7th1gOtpG1IttvPPIBgUG83
 LOG  🏢 Group: aWT0Jz1AlM6jmAKNBqJW
 LOG  📋 Total expenses found: 4
 LOG  
💰 Expense 1: "Myer"
 LOG  💵 Amount: 320
 LOG  💳 Paid by: CsFleJon8thWdQ08rbztMJPsWAb2
 LOG  📊 Split data: ["7EUSVFvzTicHY63vEFFKMqkJZKJ2: 106.66666666666667 (paid: true)", "CsFleJon8thWdQ08rbztMJPsWAb2: 106.66666666666667 (paid: false)", "Jm7Sm7th1gOtpG1IttvPPIBgUG83: 106.66666666666667 (paid: false)"]
 LOG  👥 Someone else paid (CsFleJon8thWdQ08rbztMJPsWAb2) - no direct balance impact
 LOG  📊 Expense balance: 0
 LOG  📊 Running total: 0
 LOG  
💰 Expense 2: "Coles"
 LOG  💵 Amount: 200
 LOG  💳 Paid by: Jm7Sm7th1gOtpG1IttvPPIBgUG83
 LOG  📊 Split data: ["7EUSVFvzTicHY63vEFFKMqkJZKJ2: 100 (paid: false)", "Jm7Sm7th1gOtpG1IttvPPIBgUG83: 100 (paid: false)"]
 LOG  ➖ User1 owes User2: 100 (UNPAID)
 LOG  📊 Expense balance: -100
 LOG  📊 Running total: -100
 LOG  
💰 Expense 3: "Icecream"
 LOG  💵 Amount: 250
 LOG  💳 Paid by: CsFleJon8thWdQ08rbztMJPsWAb2
 LOG  📊 Split data: ["7EUSVFvzTicHY63vEFFKMqkJZKJ2: 83.33333333333333 (paid: true)", "CsFleJon8thWdQ08rbztMJPsWAb2: 83.33333333333333 (paid: false)", "Jm7Sm7th1gOtpG1IttvPPIBgUG83: 83.33333333333333 (paid: false)"]
 LOG  👥 Someone else paid (CsFleJon8thWdQ08rbztMJPsWAb2) - no direct balance impact
 LOG  📊 Expense balance: 0
 LOG  📊 Running total: -100
 LOG  
💰 Expense 4: "Dinner"
 LOG  💵 Amount: 150
 LOG  💳 Paid by: 7EUSVFvzTicHY63vEFFKMqkJZKJ2
 LOG  📊 Split data: ["7EUSVFvzTicHY63vEFFKMqkJZKJ2: 50 (paid: false)", "CsFleJon8thWdQ08rbztMJPsWAb2: 50 (paid: true)", "Jm7Sm7th1gOtpG1IttvPPIBgUG83: 50 (paid: true)"]
 LOG  ✅ User2 split: 50 (ALREADY PAID)
 LOG  📊 Expense balance: 0
 LOG  📊 Running total: -100
 LOG  
✅ === FINAL RESULT ===
 LOG  🔢 Final balance: -100
 LOG  💭 Interpretation: User1 owes User2
 LOG  ===============================
 LOG  💰 Balance with Set3: -100
 LOG  🔄 Setting new member balances...
 LOG  ✅ Member balances calculated
 LOG  🔍 Final calculated balances:
 LOG     Set: 0
 LOG     Set2: 0
 LOG     Set3: -100
 LOG  🎨 Rendering member card for Set: balance = 0
 LOG  🎨 Rendering member card for Set2: balance = 0
 LOG  🎨 Rendering member card for Set3: balance = -100
 LOG  Loading expenses for group: aWT0Jz1AlM6jmAKNBqJW
 LOG  🔄 Calculating member balances for group: Home
 LOG  👥 Group has 3 members
 LOG  ⏭️  Current user (Set): 0
 LOG  🔍 Calculating balance with Set2 (CsFleJon8thWdQ08rbztMJPsWAb2)
 LOG  
🔍 === DETAILED BALANCE CALCULATION ===
 LOG  👤 User1 (You): 7EUSVFvzTicHY63vEFFKMqkJZKJ2
 LOG  👤 User2 (Them): CsFleJon8thWdQ08rbztMJPsWAb2
 LOG  🏢 Group: aWT0Jz1AlM6jmAKNBqJW
 LOG  Loaded expenses: 4
 LOG  📋 Total expenses found: 4
 LOG  
💰 Expense 1: "Myer"
 LOG  💵 Amount: 320
 LOG  💳 Paid by: CsFleJon8thWdQ08rbztMJPsWAb2
 LOG  📊 Split data: ["7EUSVFvzTicHY63vEFFKMqkJZKJ2: 106.66666666666667 (paid: true)", "CsFleJon8thWdQ08rbztMJPsWAb2: 106.66666666666667 (paid: false)", "Jm7Sm7th1gOtpG1IttvPPIBgUG83: 106.66666666666667 (paid: false)"]
 LOG  ✅ User1 split: 106.66666666666667 (ALREADY PAID)
 LOG  📊 Expense balance: 0
 LOG  📊 Running total: 0
 LOG  
💰 Expense 2: "Coles"
 LOG  💵 Amount: 200
 LOG  💳 Paid by: Jm7Sm7th1gOtpG1IttvPPIBgUG83
 LOG  📊 Split data: ["7EUSVFvzTicHY63vEFFKMqkJZKJ2: 100 (paid: false)", "Jm7Sm7th1gOtpG1IttvPPIBgUG83: 100 (paid: false)"]
 LOG  👥 Someone else paid (Jm7Sm7th1gOtpG1IttvPPIBgUG83) - no direct balance impact
 LOG  📊 Expense balance: 0
 LOG  📊 Running total: 0
 LOG  
💰 Expense 3: "Icecream"
 LOG  💵 Amount: 250
 LOG  💳 Paid by: CsFleJon8thWdQ08rbztMJPsWAb2
 LOG  📊 Split data: ["7EUSVFvzTicHY63vEFFKMqkJZKJ2: 83.33333333333333 (paid: true)", "CsFleJon8thWdQ08rbztMJPsWAb2: 83.33333333333333 (paid: false)", "Jm7Sm7th1gOtpG1IttvPPIBgUG83: 83.33333333333333 (paid: false)"]
 LOG  ✅ User1 split: 83.33333333333333 (ALREADY PAID)
 LOG  📊 Expense balance: 0
 LOG  📊 Running total: 0
 LOG  
💰 Expense 4: "Dinner"
 LOG  💵 Amount: 150
 LOG  💳 Paid by: 7EUSVFvzTicHY63vEFFKMqkJZKJ2
 LOG  📊 Split data: ["7EUSVFvzTicHY63vEFFKMqkJZKJ2: 50 (paid: false)", "CsFleJon8thWdQ08rbztMJPsWAb2: 50 (paid: true)", "Jm7Sm7th1gOtpG1IttvPPIBgUG83: 50 (paid: true)"]
 LOG  ✅ User2 split: 50 (ALREADY PAID)
 LOG  📊 Expense balance: 0
 LOG  📊 Running total: 0
 LOG  
✅ === FINAL RESULT ===
 LOG  🔢 Final balance: 0
 LOG  💭 Interpretation: No balance
 LOG  ===============================
 LOG  💰 Balance with Set2: 0
 LOG  🔍 Calculating balance with Set3 (Jm7Sm7th1gOtpG1IttvPPIBgUG83)
 LOG  
🔍 === DETAILED BALANCE CALCULATION ===
 LOG  👤 User1 (You): 7EUSVFvzTicHY63vEFFKMqkJZKJ2
 LOG  👤 User2 (Them): Jm7Sm7th1gOtpG1IttvPPIBgUG83
 LOG  🏢 Group: aWT0Jz1AlM6jmAKNBqJW
 LOG  📋 Total expenses found: 4
 LOG  
💰 Expense 1: "Myer"
 LOG  💵 Amount: 320
 LOG  💳 Paid by: CsFleJon8thWdQ08rbztMJPsWAb2
 LOG  📊 Split data: ["7EUSVFvzTicHY63vEFFKMqkJZKJ2: 106.66666666666667 (paid: true)", "CsFleJon8thWdQ08rbztMJPsWAb2: 106.66666666666667 (paid: false)", "Jm7Sm7th1gOtpG1IttvPPIBgUG83: 106.66666666666667 (paid: false)"]
 LOG  👥 Someone else paid (CsFleJon8thWdQ08rbztMJPsWAb2) - no direct balance impact
 LOG  📊 Expense balance: 0
 LOG  📊 Running total: 0
 LOG  
💰 Expense 2: "Coles"
 LOG  💵 Amount: 200
 LOG  💳 Paid by: Jm7Sm7th1gOtpG1IttvPPIBgUG83
 LOG  📊 Split data: ["7EUSVFvzTicHY63vEFFKMqkJZKJ2: 100 (paid: false)", "Jm7Sm7th1gOtpG1IttvPPIBgUG83: 100 (paid: false)"]
 LOG  ➖ User1 owes User2: 100 (UNPAID)
 LOG  📊 Expense balance: -100
 LOG  📊 Running total: -100
 LOG  
💰 Expense 3: "Icecream"
 LOG  💵 Amount: 250
 LOG  💳 Paid by: CsFleJon8thWdQ08rbztMJPsWAb2
 LOG  📊 Split data: ["7EUSVFvzTicHY63vEFFKMqkJZKJ2: 83.33333333333333 (paid: true)", "CsFleJon8thWdQ08rbztMJPsWAb2: 83.33333333333333 (paid: false)", "Jm7Sm7th1gOtpG1IttvPPIBgUG83: 83.33333333333333 (paid: false)"]
 LOG  👥 Someone else paid (CsFleJon8thWdQ08rbztMJPsWAb2) - no direct balance impact
 LOG  📊 Expense balance: 0
 LOG  📊 Running total: -100
 LOG  
💰 Expense 4: "Dinner"
 LOG  💵 Amount: 150
 LOG  💳 Paid by: 7EUSVFvzTicHY63vEFFKMqkJZKJ2
 LOG  📊 Split data: ["7EUSVFvzTicHY63vEFFKMqkJZKJ2: 50 (paid: false)", "CsFleJon8thWdQ08rbztMJPsWAb2: 50 (paid: true)", "Jm7Sm7th1gOtpG1IttvPPIBgUG83: 50 (paid: true)"]
 LOG  ✅ User2 split: 50 (ALREADY PAID)
 LOG  📊 Expense balance: 0
 LOG  📊 Running total: -100
 LOG  
✅ === FINAL RESULT ===
 LOG  🔢 Final balance: -100
 LOG  💭 Interpretation: User1 owes User2
 LOG  ===============================
 LOG  💰 Balance with Set3: -100
 LOG  🔄 Setting new member balances...
 LOG  ✅ Member balances calculated
 LOG  🔍 Final calculated balances:
 LOG     Set: 0
 LOG     Set2: 0
 LOG     Set3: -100
 LOG  Loading expenses for group: aWT0Jz1AlM6jmAKNBqJW
 LOG  🔄 Calculating member balances for group: Home
 LOG  👥 Group has 3 members
 LOG  ⏭️  Current user (Set): 0
 LOG  🔍 Calculating balance with Set2 (CsFleJon8thWdQ08rbztMJPsWAb2)
 LOG  
🔍 === DETAILED BALANCE CALCULATION ===
 LOG  👤 User1 (You): 7EUSVFvzTicHY63vEFFKMqkJZKJ2
 LOG  👤 User2 (Them): CsFleJon8thWdQ08rbztMJPsWAb2
 LOG  🏢 Group: aWT0Jz1AlM6jmAKNBqJW
 LOG  Loaded expenses: 4
 LOG  📋 Total expenses found: 4
 LOG  
💰 Expense 1: "Myer"
 LOG  💵 Amount: 320
 LOG  💳 Paid by: CsFleJon8thWdQ08rbztMJPsWAb2
 LOG  📊 Split data: ["7EUSVFvzTicHY63vEFFKMqkJZKJ2: 106.66666666666667 (paid: true)", "CsFleJon8thWdQ08rbztMJPsWAb2: 106.66666666666667 (paid: false)", "Jm7Sm7th1gOtpG1IttvPPIBgUG83: 106.66666666666667 (paid: false)"]
 LOG  ✅ User1 split: 106.66666666666667 (ALREADY PAID)
 LOG  📊 Expense balance: 0
 LOG  📊 Running total: 0
 LOG  
💰 Expense 2: "Coles"
 LOG  💵 Amount: 200
 LOG  💳 Paid by: Jm7Sm7th1gOtpG1IttvPPIBgUG83
 LOG  📊 Split data: ["7EUSVFvzTicHY63vEFFKMqkJZKJ2: 100 (paid: false)", "Jm7Sm7th1gOtpG1IttvPPIBgUG83: 100 (paid: false)"]
 LOG  👥 Someone else paid (Jm7Sm7th1gOtpG1IttvPPIBgUG83) - no direct balance impact
 LOG  📊 Expense balance: 0
 LOG  📊 Running total: 0
 LOG  
💰 Expense 3: "Icecream"
 LOG  💵 Amount: 250
 LOG  💳 Paid by: CsFleJon8thWdQ08rbztMJPsWAb2
 LOG  📊 Split data: ["7EUSVFvzTicHY63vEFFKMqkJZKJ2: 83.33333333333333 (paid: true)", "CsFleJon8thWdQ08rbztMJPsWAb2: 83.33333333333333 (paid: false)", "Jm7Sm7th1gOtpG1IttvPPIBgUG83: 83.33333333333333 (paid: false)"]
 LOG  ✅ User1 split: 83.33333333333333 (ALREADY PAID)
 LOG  📊 Expense balance: 0
 LOG  📊 Running total: 0
 LOG  
💰 Expense 4: "Dinner"
 LOG  💵 Amount: 150
 LOG  💳 Paid by: 7EUSVFvzTicHY63vEFFKMqkJZKJ2
 LOG  📊 Split data: ["7EUSVFvzTicHY63vEFFKMqkJZKJ2: 50 (paid: false)", "CsFleJon8thWdQ08rbztMJPsWAb2: 50 (paid: true)", "Jm7Sm7th1gOtpG1IttvPPIBgUG83: 50 (paid: true)"]
 LOG  ✅ User2 split: 50 (ALREADY PAID)
 LOG  📊 Expense balance: 0
 LOG  📊 Running total: 0
 LOG  
✅ === FINAL RESULT ===
 LOG  🔢 Final balance: 0
 LOG  💭 Interpretation: No balance
 LOG  ===============================
 LOG  💰 Balance with Set2: 0
 LOG  🔍 Calculating balance with Set3 (Jm7Sm7th1gOtpG1IttvPPIBgUG83)
 LOG  
🔍 === DETAILED BALANCE CALCULATION ===
 LOG  👤 User1 (You): 7EUSVFvzTicHY63vEFFKMqkJZKJ2
 LOG  👤 User2 (Them): Jm7Sm7th1gOtpG1IttvPPIBgUG83
 LOG  🏢 Group: aWT0Jz1AlM6jmAKNBqJW
 LOG  📋 Total expenses found: 4
 LOG  
💰 Expense 1: "Myer"
 LOG  💵 Amount: 320
 LOG  💳 Paid by: CsFleJon8thWdQ08rbztMJPsWAb2
 LOG  📊 Split data: ["7EUSVFvzTicHY63vEFFKMqkJZKJ2: 106.66666666666667 (paid: true)", "CsFleJon8thWdQ08rbztMJPsWAb2: 106.66666666666667 (paid: false)", "Jm7Sm7th1gOtpG1IttvPPIBgUG83: 106.66666666666667 (paid: false)"]
 LOG  👥 Someone else paid (CsFleJon8thWdQ08rbztMJPsWAb2) - no direct balance impact
 LOG  📊 Expense balance: 0
 LOG  📊 Running total: 0
 LOG  
💰 Expense 2: "Coles"
 LOG  💵 Amount: 200
 LOG  💳 Paid by: Jm7Sm7th1gOtpG1IttvPPIBgUG83
 LOG  📊 Split data: ["7EUSVFvzTicHY63vEFFKMqkJZKJ2: 100 (paid: false)", "Jm7Sm7th1gOtpG1IttvPPIBgUG83: 100 (paid: false)"]
 LOG  ➖ User1 owes User2: 100 (UNPAID)
 LOG  📊 Expense balance: -100
 LOG  📊 Running total: -100
 LOG  
💰 Expense 3: "Icecream"
 LOG  💵 Amount: 250
 LOG  💳 Paid by: CsFleJon8thWdQ08rbztMJPsWAb2
 LOG  📊 Split data: ["7EUSVFvzTicHY63vEFFKMqkJZKJ2: 83.33333333333333 (paid: true)", "CsFleJon8thWdQ08rbztMJPsWAb2: 83.33333333333333 (paid: false)", "Jm7Sm7th1gOtpG1IttvPPIBgUG83: 83.33333333333333 (paid: false)"]
 LOG  👥 Someone else paid (CsFleJon8thWdQ08rbztMJPsWAb2) - no direct balance impact
 LOG  📊 Expense balance: 0
 LOG  📊 Running total: -100
 LOG  
💰 Expense 4: "Dinner"
 LOG  💵 Amount: 150
 LOG  💳 Paid by: 7EUSVFvzTicHY63vEFFKMqkJZKJ2
 LOG  📊 Split data: ["7EUSVFvzTicHY63vEFFKMqkJZKJ2: 50 (paid: false)", "CsFleJon8thWdQ08rbztMJPsWAb2: 50 (paid: true)", "Jm7Sm7th1gOtpG1IttvPPIBgUG83: 50 (paid: true)"]
 LOG  ✅ User2 split: 50 (ALREADY PAID)
 LOG  📊 Expense balance: 0
 LOG  📊 Running total: -100
 LOG  
✅ === FINAL RESULT ===
 LOG  🔢 Final balance: -100
 LOG  💭 Interpretation: User1 owes User2
 LOG  ===============================
 LOG  💰 Balance with Set3: -100
 LOG  🔄 Setting new member balances...
 LOG  ✅ Member balances calculated
 LOG  🔍 Final calculated balances:
 LOG     Set: 0
 LOG     Set2: 0
 LOG     Set3: -100
 LOG  Initializing edit form with expense: {"amount": 150, "category": "settlement", "categoryIcon": "💸", "createdAt": 2025-08-01T12:06:45.038Z, "currency": "AUD", "date": 2025-08-01T12:06:45.031Z, "description": "Dinner", "expenseDate": {"nanoseconds": 718000000, "seconds": 1754049989}, "groupId": "aWT0Jz1AlM6jmAKNBqJW", "id": "NoIzK0FwTa027pDvLnmS", "isSettled": false, "notes": "", "paidBy": "7EUSVFvzTicHY63vEFFKMqkJZKJ2", "paidByData": {"avatar": "", "email": "set1@gmail.com", "fullName": "Set"}, "splitData": [{"amount": 50, "isPaid": false, "percentage": 0, "userId": "7EUSVFvzTicHY63vEFFKMqkJZKJ2"}, {"amount": 50, "isPaid": true, "paidAt": [Timestamp], "percentage": 0, "userId": "CsFleJon8thWdQ08rbztMJPsWAb2"}, {"amount": 50, "isPaid": true, "paidAt": [Timestamp], "percentage": 0, "userId": "Jm7Sm7th1gOtpG1IttvPPIBgUG83"}], "splitType": "equal", "tags": [], "updatedAt": 2025-08-01T12:10:00.708Z}
 LOG  Found group for expense: Home
 LOG  Active members found: 3
 LOG  Processing split for 7EUSVFvzTicHY63vEFFKMqkJZKJ2: Set
 LOG  Processing split for CsFleJon8thWdQ08rbztMJPsWAb2: Set2
 LOG  Processing split for Jm7Sm7th1gOtpG1IttvPPIBgUG83: Set3
 LOG  Enhanced split data set: 3 entries
 LOG  Loading expenses for group: aWT0Jz1AlM6jmAKNBqJW
 LOG  🔄 Calculating member balances for group: Home
 LOG  👥 Group has 3 members
 LOG  ⏭️  Current user (Set): 0
 LOG  🔍 Calculating balance with Set2 (CsFleJon8thWdQ08rbztMJPsWAb2)
 LOG  
🔍 === DETAILED BALANCE CALCULATION ===
 LOG  👤 User1 (You): 7EUSVFvzTicHY63vEFFKMqkJZKJ2
 LOG  👤 User2 (Them): CsFleJon8thWdQ08rbztMJPsWAb2
 LOG  🏢 Group: aWT0Jz1AlM6jmAKNBqJW
 LOG  Loaded expenses: 4
 LOG  📋 Total expenses found: 4
 LOG  
💰 Expense 1: "Myer"
 LOG  💵 Amount: 320
 LOG  💳 Paid by: CsFleJon8thWdQ08rbztMJPsWAb2
 LOG  📊 Split data: ["7EUSVFvzTicHY63vEFFKMqkJZKJ2: 106.66666666666667 (paid: true)", "CsFleJon8thWdQ08rbztMJPsWAb2: 106.66666666666667 (paid: false)", "Jm7Sm7th1gOtpG1IttvPPIBgUG83: 106.66666666666667 (paid: false)"]
 LOG  ✅ User1 split: 106.66666666666667 (ALREADY PAID)
 LOG  📊 Expense balance: 0
 LOG  📊 Running total: 0
 LOG  
💰 Expense 2: "Coles"
 LOG  💵 Amount: 200
 LOG  💳 Paid by: Jm7Sm7th1gOtpG1IttvPPIBgUG83
 LOG  📊 Split data: ["7EUSVFvzTicHY63vEFFKMqkJZKJ2: 100 (paid: false)", "Jm7Sm7th1gOtpG1IttvPPIBgUG83: 100 (paid: false)"]
 LOG  👥 Someone else paid (Jm7Sm7th1gOtpG1IttvPPIBgUG83) - no direct balance impact
 LOG  📊 Expense balance: 0
 LOG  📊 Running total: 0
 LOG  
💰 Expense 3: "Icecream"
 LOG  💵 Amount: 250
 LOG  💳 Paid by: CsFleJon8thWdQ08rbztMJPsWAb2
 LOG  📊 Split data: ["7EUSVFvzTicHY63vEFFKMqkJZKJ2: 83.33333333333333 (paid: true)", "CsFleJon8thWdQ08rbztMJPsWAb2: 83.33333333333333 (paid: false)", "Jm7Sm7th1gOtpG1IttvPPIBgUG83: 83.33333333333333 (paid: false)"]
 LOG  ✅ User1 split: 83.33333333333333 (ALREADY PAID)
 LOG  📊 Expense balance: 0
 LOG  📊 Running total: 0
 LOG  
💰 Expense 4: "Dinner"
 LOG  💵 Amount: 150
 LOG  💳 Paid by: 7EUSVFvzTicHY63vEFFKMqkJZKJ2
 LOG  📊 Split data: ["7EUSVFvzTicHY63vEFFKMqkJZKJ2: 50 (paid: false)", "CsFleJon8thWdQ08rbztMJPsWAb2: 50 (paid: true)", "Jm7Sm7th1gOtpG1IttvPPIBgUG83: 50 (paid: true)"]
 LOG  ✅ User2 split: 50 (ALREADY PAID)
 LOG  📊 Expense balance: 0
 LOG  📊 Running total: 0
 LOG  
✅ === FINAL RESULT ===
 LOG  🔢 Final balance: 0
 LOG  💭 Interpretation: No balance
 LOG  ===============================
 LOG  💰 Balance with Set2: 0
 LOG  🔍 Calculating balance with Set3 (Jm7Sm7th1gOtpG1IttvPPIBgUG83)
 LOG  
🔍 === DETAILED BALANCE CALCULATION ===
 LOG  👤 User1 (You): 7EUSVFvzTicHY63vEFFKMqkJZKJ2
 LOG  👤 User2 (Them): Jm7Sm7th1gOtpG1IttvPPIBgUG83
 LOG  🏢 Group: aWT0Jz1AlM6jmAKNBqJW
 LOG  📋 Total expenses found: 4
 LOG  
💰 Expense 1: "Myer"
 LOG  💵 Amount: 320
 LOG  💳 Paid by: CsFleJon8thWdQ08rbztMJPsWAb2
 LOG  📊 Split data: ["7EUSVFvzTicHY63vEFFKMqkJZKJ2: 106.66666666666667 (paid: true)", "CsFleJon8thWdQ08rbztMJPsWAb2: 106.66666666666667 (paid: false)", "Jm7Sm7th1gOtpG1IttvPPIBgUG83: 106.66666666666667 (paid: false)"]
 LOG  👥 Someone else paid (CsFleJon8thWdQ08rbztMJPsWAb2) - no direct balance impact
 LOG  📊 Expense balance: 0
 LOG  📊 Running total: 0
 LOG  
💰 Expense 2: "Coles"
 LOG  💵 Amount: 200
 LOG  💳 Paid by: Jm7Sm7th1gOtpG1IttvPPIBgUG83
 LOG  📊 Split data: ["7EUSVFvzTicHY63vEFFKMqkJZKJ2: 100 (paid: false)", "Jm7Sm7th1gOtpG1IttvPPIBgUG83: 100 (paid: false)"]
 LOG  ➖ User1 owes User2: 100 (UNPAID)
 LOG  📊 Expense balance: -100
 LOG  📊 Running total: -100
 LOG  
💰 Expense 3: "Icecream"
 LOG  💵 Amount: 250
 LOG  💳 Paid by: CsFleJon8thWdQ08rbztMJPsWAb2
 LOG  📊 Split data: ["7EUSVFvzTicHY63vEFFKMqkJZKJ2: 83.33333333333333 (paid: true)", "CsFleJon8thWdQ08rbztMJPsWAb2: 83.33333333333333 (paid: false)", "Jm7Sm7th1gOtpG1IttvPPIBgUG83: 83.33333333333333 (paid: false)"]
 LOG  👥 Someone else paid (CsFleJon8thWdQ08rbztMJPsWAb2) - no direct balance impact
 LOG  📊 Expense balance: 0
 LOG  📊 Running total: -100
 LOG  
💰 Expense 4: "Dinner"
 LOG  💵 Amount: 150
 LOG  💳 Paid by: 7EUSVFvzTicHY63vEFFKMqkJZKJ2
 LOG  📊 Split data: ["7EUSVFvzTicHY63vEFFKMqkJZKJ2: 50 (paid: false)", "CsFleJon8thWdQ08rbztMJPsWAb2: 50 (paid: true)", "Jm7Sm7th1gOtpG1IttvPPIBgUG83: 50 (paid: true)"]
 LOG  ✅ User2 split: 50 (ALREADY PAID)
 LOG  📊 Expense balance: 0
 LOG  📊 Running total: -100
 LOG  
✅ === FINAL RESULT ===
 LOG  🔢 Final balance: -100
 LOG  💭 Interpretation: User1 owes User2
 LOG  ===============================
 LOG  💰 Balance with Set3: -100
 LOG  🔄 Setting new member balances...
 LOG  ✅ Member balances calculated
 LOG  🔍 Final calculated balances:
 LOG     Set: 0
 LOG     Set2: 0
 LOG     Set3: -100
 LOG  Initializing edit form with expense: {"amount": 250, "category": "food", "categoryIcon": "🍽️", "createdAt": 2025-08-01T12:14:03.102Z, "currency": "AUD", "date": 2025-08-01T12:14:03.096Z, "description": "Icecream", "expenseDate": {"nanoseconds": 464000000, "seconds": 1754050422}, "groupId": "aWT0Jz1AlM6jmAKNBqJW", "id": "J5PHzKLHZ0zkxvw8sdkq", "isSettled": false, "notes": "", "paidBy": "CsFleJon8thWdQ08rbztMJPsWAb2", "paidByData": {"avatar": "", "email": "set2@gmail.com", "fullName": "Set2"}, "splitData": [{"amount": 83.33333333333333, "isPaid": true, "paidAt": [Timestamp], "percentage": 0, "userId": "7EUSVFvzTicHY63vEFFKMqkJZKJ2"}, {"amount": 83.33333333333333, "isPaid": false, "percentage": 0, "userId": "CsFleJon8thWdQ08rbztMJPsWAb2"}, {"amount": 83.33333333333333, "isPaid": false, "percentage": 0, "userId": "Jm7Sm7th1gOtpG1IttvPPIBgUG83"}], "splitType": "equal", "tags": [], "updatedAt": 2025-08-01T12:16:17.811Z}
 LOG  Found group for expense: Home
 LOG  Active members found: 3
 LOG  Processing split for 7EUSVFvzTicHY63vEFFKMqkJZKJ2: Set
 LOG  Processing split for CsFleJon8thWdQ08rbztMJPsWAb2: Set2
 LOG  Processing split for Jm7Sm7th1gOtpG1IttvPPIBgUG83: Set3
 LOG  Enhanced split data set: 3 entries
 LOG  Loading expenses for group: aWT0Jz1AlM6jmAKNBqJW
 LOG  🔄 Calculating member balances for group: Home
 LOG  👥 Group has 3 members
 LOG  ⏭️  Current user (Set): 0
 LOG  🔍 Calculating balance with Set2 (CsFleJon8thWdQ08rbztMJPsWAb2)
 LOG  
🔍 === DETAILED BALANCE CALCULATION ===
 LOG  👤 User1 (You): 7EUSVFvzTicHY63vEFFKMqkJZKJ2
 LOG  👤 User2 (Them): CsFleJon8thWdQ08rbztMJPsWAb2
 LOG  🏢 Group: aWT0Jz1AlM6jmAKNBqJW
 LOG  Loaded expenses: 4
 LOG  📋 Total expenses found: 4
 LOG  
💰 Expense 1: "Myer"
 LOG  💵 Amount: 320
 LOG  💳 Paid by: CsFleJon8thWdQ08rbztMJPsWAb2
 LOG  📊 Split data: ["7EUSVFvzTicHY63vEFFKMqkJZKJ2: 106.66666666666667 (paid: true)", "CsFleJon8thWdQ08rbztMJPsWAb2: 106.66666666666667 (paid: false)", "Jm7Sm7th1gOtpG1IttvPPIBgUG83: 106.66666666666667 (paid: false)"]
 LOG  ✅ User1 split: 106.66666666666667 (ALREADY PAID)
 LOG  📊 Expense balance: 0
 LOG  📊 Running total: 0
 LOG  
💰 Expense 2: "Coles"
 LOG  💵 Amount: 200
 LOG  💳 Paid by: Jm7Sm7th1gOtpG1IttvPPIBgUG83
 LOG  📊 Split data: ["7EUSVFvzTicHY63vEFFKMqkJZKJ2: 100 (paid: false)", "Jm7Sm7th1gOtpG1IttvPPIBgUG83: 100 (paid: false)"]
 LOG  👥 Someone else paid (Jm7Sm7th1gOtpG1IttvPPIBgUG83) - no direct balance impact
 LOG  📊 Expense balance: 0
 LOG  📊 Running total: 0
 LOG  
💰 Expense 3: "Icecream"
 LOG  💵 Amount: 250
 LOG  💳 Paid by: CsFleJon8thWdQ08rbztMJPsWAb2
 LOG  📊 Split data: ["7EUSVFvzTicHY63vEFFKMqkJZKJ2: 83.33333333333333 (paid: true)", "CsFleJon8thWdQ08rbztMJPsWAb2: 83.33333333333333 (paid: false)", "Jm7Sm7th1gOtpG1IttvPPIBgUG83: 83.33333333333333 (paid: false)"]
 LOG  ✅ User1 split: 83.33333333333333 (ALREADY PAID)
 LOG  📊 Expense balance: 0
 LOG  📊 Running total: 0
 LOG  
💰 Expense 4: "Dinner"
 LOG  💵 Amount: 150
 LOG  💳 Paid by: 7EUSVFvzTicHY63vEFFKMqkJZKJ2
 LOG  📊 Split data: ["7EUSVFvzTicHY63vEFFKMqkJZKJ2: 50 (paid: false)", "CsFleJon8thWdQ08rbztMJPsWAb2: 50 (paid: true)", "Jm7Sm7th1gOtpG1IttvPPIBgUG83: 50 (paid: true)"]
 LOG  ✅ User2 split: 50 (ALREADY PAID)
 LOG  📊 Expense balance: 0
 LOG  📊 Running total: 0
 LOG  
✅ === FINAL RESULT ===
 LOG  🔢 Final balance: 0
 LOG  💭 Interpretation: No balance
 LOG  ===============================
 LOG  💰 Balance with Set2: 0
 LOG  🔍 Calculating balance with Set3 (Jm7Sm7th1gOtpG1IttvPPIBgUG83)
 LOG  
🔍 === DETAILED BALANCE CALCULATION ===
 LOG  👤 User1 (You): 7EUSVFvzTicHY63vEFFKMqkJZKJ2
 LOG  👤 User2 (Them): Jm7Sm7th1gOtpG1IttvPPIBgUG83
 LOG  🏢 Group: aWT0Jz1AlM6jmAKNBqJW
 LOG  📋 Total expenses found: 4
 LOG  
💰 Expense 1: "Myer"
 LOG  💵 Amount: 320
 LOG  💳 Paid by: CsFleJon8thWdQ08rbztMJPsWAb2
 LOG  📊 Split data: ["7EUSVFvzTicHY63vEFFKMqkJZKJ2: 106.66666666666667 (paid: true)", "CsFleJon8thWdQ08rbztMJPsWAb2: 106.66666666666667 (paid: false)", "Jm7Sm7th1gOtpG1IttvPPIBgUG83: 106.66666666666667 (paid: false)"]
 LOG  👥 Someone else paid (CsFleJon8thWdQ08rbztMJPsWAb2) - no direct balance impact
 LOG  📊 Expense balance: 0
 LOG  📊 Running total: 0
 LOG  
💰 Expense 2: "Coles"
 LOG  💵 Amount: 200
 LOG  💳 Paid by: Jm7Sm7th1gOtpG1IttvPPIBgUG83
 LOG  📊 Split data: ["7EUSVFvzTicHY63vEFFKMqkJZKJ2: 100 (paid: false)", "Jm7Sm7th1gOtpG1IttvPPIBgUG83: 100 (paid: false)"]
 LOG  ➖ User1 owes User2: 100 (UNPAID)
 LOG  📊 Expense balance: -100
 LOG  📊 Running total: -100
 LOG  
💰 Expense 3: "Icecream"
 LOG  💵 Amount: 250
 LOG  💳 Paid by: CsFleJon8thWdQ08rbztMJPsWAb2
 LOG  📊 Split data: ["7EUSVFvzTicHY63vEFFKMqkJZKJ2: 83.33333333333333 (paid: true)", "CsFleJon8thWdQ08rbztMJPsWAb2: 83.33333333333333 (paid: false)", "Jm7Sm7th1gOtpG1IttvPPIBgUG83: 83.33333333333333 (paid: false)"]
 LOG  👥 Someone else paid (CsFleJon8thWdQ08rbztMJPsWAb2) - no direct balance impact
 LOG  📊 Expense balance: 0
 LOG  📊 Running total: -100
 LOG  
💰 Expense 4: "Dinner"
 LOG  💵 Amount: 150
 LOG  💳 Paid by: 7EUSVFvzTicHY63vEFFKMqkJZKJ2
 LOG  📊 Split data: ["7EUSVFvzTicHY63vEFFKMqkJZKJ2: 50 (paid: false)", "CsFleJon8thWdQ08rbztMJPsWAb2: 50 (paid: true)", "Jm7Sm7th1gOtpG1IttvPPIBgUG83: 50 (paid: true)"]
 LOG  ✅ User2 split: 50 (ALREADY PAID)
 LOG  📊 Expense balance: 0
 LOG  📊 Running total: -100
 LOG  
✅ === FINAL RESULT ===
 LOG  🔢 Final balance: -100
 LOG  💭 Interpretation: User1 owes User2
 LOG  ===============================
 LOG  💰 Balance with Set3: -100
 LOG  🔄 Setting new member balances...
 LOG  ✅ Member balances calculated
 LOG  🔍 Final calculated balances:
 LOG     Set: 0
 LOG     Set2: 0
 LOG     Set3: -100
 LOG  🏷️  Rendering group card: Office
 LOG  💳 Group balance from map: 133.34
 LOG  📊 Display: owed 133.34
 LOG  🏷️  Rendering group card: Home
 LOG  💳 Group balance from map: -100
 LOG  📊 Display: owes 100
 LOG  ❌ GroupDetailsModal: Not rendering - visible: false localGroupData: true
 LOG  🔍 Group clicked: Home aWT0Jz1AlM6jmAKNBqJW
 LOG  📱 Modal state set to visible
 LOG  🏷️  Rendering group card: Office
 LOG  💳 Group balance from map: 133.34
 LOG  📊 Display: owed 133.34
 LOG  🏷️  Rendering group card: Home
 LOG  💳 Group balance from map: -100
 LOG  📊 Display: owes 100
 LOG  Loading fresh group data for: aWT0Jz1AlM6jmAKNBqJW
 LOG  Loading expenses for group: aWT0Jz1AlM6jmAKNBqJW
 LOG  🔄 Calculating member balances for group: Home
 LOG  👥 Group has 3 members
 LOG  ⏭️  Current user (Set): 0
 LOG  🔍 Calculating balance with Set2 (CsFleJon8thWdQ08rbztMJPsWAb2)
 LOG  
🔍 === DETAILED BALANCE CALCULATION ===
 LOG  👤 User1 (You): 7EUSVFvzTicHY63vEFFKMqkJZKJ2
 LOG  👤 User2 (Them): CsFleJon8thWdQ08rbztMJPsWAb2
 LOG  🏢 Group: aWT0Jz1AlM6jmAKNBqJW
 LOG  Updated local group data with 3 members
 LOG  Loading expenses for group: aWT0Jz1AlM6jmAKNBqJW
 LOG  🔄 Calculating member balances for group: Home
 LOG  👥 Group has 3 members
 LOG  ⏭️  Current user (Set): 0
 LOG  🔍 Calculating balance with Set2 (CsFleJon8thWdQ08rbztMJPsWAb2)
 LOG  
🔍 === DETAILED BALANCE CALCULATION ===
 LOG  👤 User1 (You): 7EUSVFvzTicHY63vEFFKMqkJZKJ2
 LOG  👤 User2 (Them): CsFleJon8thWdQ08rbztMJPsWAb2
 LOG  🏢 Group: aWT0Jz1AlM6jmAKNBqJW
 LOG  Loaded expenses: 4
 LOG  📋 Total expenses found: 4
 LOG  
💰 Expense 1: "Myer"
 LOG  💵 Amount: 320
 LOG  💳 Paid by: CsFleJon8thWdQ08rbztMJPsWAb2
 LOG  📊 Split data: ["7EUSVFvzTicHY63vEFFKMqkJZKJ2: 106.66666666666667 (paid: true)", "CsFleJon8thWdQ08rbztMJPsWAb2: 106.66666666666667 (paid: false)", "Jm7Sm7th1gOtpG1IttvPPIBgUG83: 106.66666666666667 (paid: false)"]
 LOG  ✅ User1 split: 106.66666666666667 (ALREADY PAID)
 LOG  📊 Expense balance: 0
 LOG  📊 Running total: 0
 LOG  
💰 Expense 2: "Coles"
 LOG  💵 Amount: 200
 LOG  💳 Paid by: Jm7Sm7th1gOtpG1IttvPPIBgUG83
 LOG  📊 Split data: ["7EUSVFvzTicHY63vEFFKMqkJZKJ2: 100 (paid: false)", "Jm7Sm7th1gOtpG1IttvPPIBgUG83: 100 (paid: false)"]
 LOG  👥 Someone else paid (Jm7Sm7th1gOtpG1IttvPPIBgUG83) - no direct balance impact
 LOG  📊 Expense balance: 0
 LOG  📊 Running total: 0
 LOG  
💰 Expense 3: "Icecream"
 LOG  💵 Amount: 250
 LOG  💳 Paid by: CsFleJon8thWdQ08rbztMJPsWAb2
 LOG  📊 Split data: ["7EUSVFvzTicHY63vEFFKMqkJZKJ2: 83.33333333333333 (paid: true)", "CsFleJon8thWdQ08rbztMJPsWAb2: 83.33333333333333 (paid: false)", "Jm7Sm7th1gOtpG1IttvPPIBgUG83: 83.33333333333333 (paid: false)"]
 LOG  ✅ User1 split: 83.33333333333333 (ALREADY PAID)
 LOG  📊 Expense balance: 0
 LOG  📊 Running total: 0
 LOG  
💰 Expense 4: "Dinner"
 LOG  💵 Amount: 150
 LOG  💳 Paid by: 7EUSVFvzTicHY63vEFFKMqkJZKJ2
 LOG  📊 Split data: ["7EUSVFvzTicHY63vEFFKMqkJZKJ2: 50 (paid: false)", "CsFleJon8thWdQ08rbztMJPsWAb2: 50 (paid: true)", "Jm7Sm7th1gOtpG1IttvPPIBgUG83: 50 (paid: true)"]
 LOG  ✅ User2 split: 50 (ALREADY PAID)
 LOG  📊 Expense balance: 0
 LOG  📊 Running total: 0
 LOG  
✅ === FINAL RESULT ===
 LOG  🔢 Final balance: 0
 LOG  💭 Interpretation: No balance
 LOG  ===============================
 LOG  💰 Balance with Set2: 0
 LOG  🔍 Calculating balance with Set3 (Jm7Sm7th1gOtpG1IttvPPIBgUG83)
 LOG  
🔍 === DETAILED BALANCE CALCULATION ===
 LOG  👤 User1 (You): 7EUSVFvzTicHY63vEFFKMqkJZKJ2
 LOG  👤 User2 (Them): Jm7Sm7th1gOtpG1IttvPPIBgUG83
 LOG  🏢 Group: aWT0Jz1AlM6jmAKNBqJW
 LOG  Loaded expenses: 4
 LOG  📋 Total expenses found: 4
 LOG  
💰 Expense 1: "Myer"
 LOG  💵 Amount: 320
 LOG  💳 Paid by: CsFleJon8thWdQ08rbztMJPsWAb2
 LOG  📊 Split data: ["7EUSVFvzTicHY63vEFFKMqkJZKJ2: 106.66666666666667 (paid: true)", "CsFleJon8thWdQ08rbztMJPsWAb2: 106.66666666666667 (paid: false)", "Jm7Sm7th1gOtpG1IttvPPIBgUG83: 106.66666666666667 (paid: false)"]
 LOG  ✅ User1 split: 106.66666666666667 (ALREADY PAID)
 LOG  📊 Expense balance: 0
 LOG  📊 Running total: 0
 LOG  
💰 Expense 2: "Coles"
 LOG  💵 Amount: 200
 LOG  💳 Paid by: Jm7Sm7th1gOtpG1IttvPPIBgUG83
 LOG  📊 Split data: ["7EUSVFvzTicHY63vEFFKMqkJZKJ2: 100 (paid: false)", "Jm7Sm7th1gOtpG1IttvPPIBgUG83: 100 (paid: false)"]
 LOG  👥 Someone else paid (Jm7Sm7th1gOtpG1IttvPPIBgUG83) - no direct balance impact
 LOG  📊 Expense balance: 0
 LOG  📊 Running total: 0
 LOG  
💰 Expense 3: "Icecream"
 LOG  💵 Amount: 250
 LOG  💳 Paid by: CsFleJon8thWdQ08rbztMJPsWAb2
 LOG  📊 Split data: ["7EUSVFvzTicHY63vEFFKMqkJZKJ2: 83.33333333333333 (paid: true)", "CsFleJon8thWdQ08rbztMJPsWAb2: 83.33333333333333 (paid: false)", "Jm7Sm7th1gOtpG1IttvPPIBgUG83: 83.33333333333333 (paid: false)"]
 LOG  ✅ User1 split: 83.33333333333333 (ALREADY PAID)
 LOG  📊 Expense balance: 0
 LOG  📊 Running total: 0
 LOG  
💰 Expense 4: "Dinner"
 LOG  💵 Amount: 150
 LOG  💳 Paid by: 7EUSVFvzTicHY63vEFFKMqkJZKJ2
 LOG  📊 Split data: ["7EUSVFvzTicHY63vEFFKMqkJZKJ2: 50 (paid: false)", "CsFleJon8thWdQ08rbztMJPsWAb2: 50 (paid: true)", "Jm7Sm7th1gOtpG1IttvPPIBgUG83: 50 (paid: true)"]
 LOG  ✅ User2 split: 50 (ALREADY PAID)
 LOG  📊 Expense balance: 0
 LOG  📊 Running total: 0
 LOG  
✅ === FINAL RESULT ===
 LOG  🔢 Final balance: 0
 LOG  💭 Interpretation: No balance
 LOG  ===============================
 LOG  💰 Balance with Set2: 0
 LOG  🔍 Calculating balance with Set3 (Jm7Sm7th1gOtpG1IttvPPIBgUG83)
 LOG  
🔍 === DETAILED BALANCE CALCULATION ===
 LOG  👤 User1 (You): 7EUSVFvzTicHY63vEFFKMqkJZKJ2
 LOG  👤 User2 (Them): Jm7Sm7th1gOtpG1IttvPPIBgUG83
 LOG  🏢 Group: aWT0Jz1AlM6jmAKNBqJW
 LOG  📋 Total expenses found: 4
 LOG  
💰 Expense 1: "Myer"
 LOG  💵 Amount: 320
 LOG  💳 Paid by: CsFleJon8thWdQ08rbztMJPsWAb2
 LOG  📊 Split data: ["7EUSVFvzTicHY63vEFFKMqkJZKJ2: 106.66666666666667 (paid: true)", "CsFleJon8thWdQ08rbztMJPsWAb2: 106.66666666666667 (paid: false)", "Jm7Sm7th1gOtpG1IttvPPIBgUG83: 106.66666666666667 (paid: false)"]
 LOG  👥 Someone else paid (CsFleJon8thWdQ08rbztMJPsWAb2) - no direct balance impact
 LOG  📊 Expense balance: 0
 LOG  📊 Running total: 0
 LOG  
💰 Expense 2: "Coles"
 LOG  💵 Amount: 200
 LOG  💳 Paid by: Jm7Sm7th1gOtpG1IttvPPIBgUG83
 LOG  📊 Split data: ["7EUSVFvzTicHY63vEFFKMqkJZKJ2: 100 (paid: false)", "Jm7Sm7th1gOtpG1IttvPPIBgUG83: 100 (paid: false)"]
 LOG  ➖ User1 owes User2: 100 (UNPAID)
 LOG  📊 Expense balance: -100
 LOG  📊 Running total: -100
 LOG  
💰 Expense 3: "Icecream"
 LOG  💵 Amount: 250
 LOG  💳 Paid by: CsFleJon8thWdQ08rbztMJPsWAb2
 LOG  📊 Split data: ["7EUSVFvzTicHY63vEFFKMqkJZKJ2: 83.33333333333333 (paid: true)", "CsFleJon8thWdQ08rbztMJPsWAb2: 83.33333333333333 (paid: false)", "Jm7Sm7th1gOtpG1IttvPPIBgUG83: 83.33333333333333 (paid: false)"]
 LOG  👥 Someone else paid (CsFleJon8thWdQ08rbztMJPsWAb2) - no direct balance impact
 LOG  📊 Expense balance: 0
 LOG  📊 Running total: -100
 LOG  
💰 Expense 4: "Dinner"
 LOG  💵 Amount: 150
 LOG  💳 Paid by: 7EUSVFvzTicHY63vEFFKMqkJZKJ2
 LOG  📊 Split data: ["7EUSVFvzTicHY63vEFFKMqkJZKJ2: 50 (paid: false)", "CsFleJon8thWdQ08rbztMJPsWAb2: 50 (paid: true)", "Jm7Sm7th1gOtpG1IttvPPIBgUG83: 50 (paid: true)"]
 LOG  ✅ User2 split: 50 (ALREADY PAID)
 LOG  📊 Expense balance: 0
 LOG  📊 Running total: -100
 LOG  
✅ === FINAL RESULT ===
 LOG  🔢 Final balance: -100
 LOG  💭 Interpretation: User1 owes User2
 LOG  ===============================
 LOG  💰 Balance with Set3: -100
 LOG  🔄 Setting new member balances...
 LOG  ✅ Member balances calculated
 LOG  🔍 Final calculated balances:
 LOG     Set: 0
 LOG     Set2: 0
 LOG     Set3: -100
 LOG  📋 Total expenses found: 4
 LOG  
💰 Expense 1: "Myer"
 LOG  💵 Amount: 320
 LOG  💳 Paid by: CsFleJon8thWdQ08rbztMJPsWAb2
 LOG  📊 Split data: ["7EUSVFvzTicHY63vEFFKMqkJZKJ2: 106.66666666666667 (paid: true)", "CsFleJon8thWdQ08rbztMJPsWAb2: 106.66666666666667 (paid: false)", "Jm7Sm7th1gOtpG1IttvPPIBgUG83: 106.66666666666667 (paid: false)"]
 LOG  👥 Someone else paid (CsFleJon8thWdQ08rbztMJPsWAb2) - no direct balance impact
 LOG  📊 Expense balance: 0
 LOG  📊 Running total: 0
 LOG  
💰 Expense 2: "Coles"
 LOG  💵 Amount: 200
 LOG  💳 Paid by: Jm7Sm7th1gOtpG1IttvPPIBgUG83
 LOG  📊 Split data: ["7EUSVFvzTicHY63vEFFKMqkJZKJ2: 100 (paid: false)", "Jm7Sm7th1gOtpG1IttvPPIBgUG83: 100 (paid: false)"]
 LOG  ➖ User1 owes User2: 100 (UNPAID)
 LOG  📊 Expense balance: -100
 LOG  📊 Running total: -100
 LOG  
💰 Expense 3: "Icecream"
 LOG  💵 Amount: 250
 LOG  💳 Paid by: CsFleJon8thWdQ08rbztMJPsWAb2
 LOG  📊 Split data: ["7EUSVFvzTicHY63vEFFKMqkJZKJ2: 83.33333333333333 (paid: true)", "CsFleJon8thWdQ08rbztMJPsWAb2: 83.33333333333333 (paid: false)", "Jm7Sm7th1gOtpG1IttvPPIBgUG83: 83.33333333333333 (paid: false)"]
 LOG  👥 Someone else paid (CsFleJon8thWdQ08rbztMJPsWAb2) - no direct balance impact
 LOG  📊 Expense balance: 0
 LOG  📊 Running total: -100
 LOG  
💰 Expense 4: "Dinner"
 LOG  💵 Amount: 150
 LOG  💳 Paid by: 7EUSVFvzTicHY63vEFFKMqkJZKJ2
 LOG  📊 Split data: ["7EUSVFvzTicHY63vEFFKMqkJZKJ2: 50 (paid: false)", "CsFleJon8thWdQ08rbztMJPsWAb2: 50 (paid: true)", "Jm7Sm7th1gOtpG1IttvPPIBgUG83: 50 (paid: true)"]
 LOG  ✅ User2 split: 50 (ALREADY PAID)
 LOG  📊 Expense balance: 0
 LOG  📊 Running total: -100
 LOG  
✅ === FINAL RESULT ===
 LOG  🔢 Final balance: -100
 LOG  💭 Interpretation: User1 owes User2
 LOG  ===============================
 LOG  💰 Balance with Set3: -100
 LOG  🔄 Setting new member balances...
 LOG  ✅ Member balances calculated
 LOG  🔍 Final calculated balances:
 LOG     Set: 0
 LOG     Set2: 0
 LOG     Set3: -100
 LOG  Initializing edit form with expense: {"amount": 200, "category": "shopping", "categoryIcon": "🛒", "createdAt": 2025-08-01T12:17:07.035Z, "currency": "AUD", "date": 2025-08-01T12:17:07.034Z, "description": "Coles", "expenseDate": {"nanoseconds": 776000000, "seconds": 1754050597}, "groupId": "aWT0Jz1AlM6jmAKNBqJW", "id": "FyR14OVcgixpV3UfkjrN", "isSettled": false, "notes": "", "paidBy": "Jm7Sm7th1gOtpG1IttvPPIBgUG83", "paidByData": {"avatar": "", "email": "set3@gmail.com", "fullName": "Set3"}, "splitData": [{"amount": 100, "isPaid": false, "percentage": 50, "userId": "7EUSVFvzTicHY63vEFFKMqkJZKJ2"}, {"amount": 100, "isPaid": false, "percentage": 50, "userId": "Jm7Sm7th1gOtpG1IttvPPIBgUG83"}], "splitType": "equal", "tags": [], "updatedAt": 2025-08-01T12:17:07.035Z}
 LOG  Found group for expense: Home
 LOG  Active members found: 3
 LOG  Processing split for 7EUSVFvzTicHY63vEFFKMqkJZKJ2: Set
 LOG  Processing split for Jm7Sm7th1gOtpG1IttvPPIBgUG83: Set3
 LOG  Enhanced split data set: 3 entries
 LOG  Loading expenses for group: aWT0Jz1AlM6jmAKNBqJW
 LOG  🔄 Calculating member balances for group: Home
 LOG  👥 Group has 3 members
 LOG  ⏭️  Current user (Set): 0
 LOG  🔍 Calculating balance with Set2 (CsFleJon8thWdQ08rbztMJPsWAb2)
 LOG  
🔍 === DETAILED BALANCE CALCULATION ===
 LOG  👤 User1 (You): 7EUSVFvzTicHY63vEFFKMqkJZKJ2
 LOG  👤 User2 (Them): CsFleJon8thWdQ08rbztMJPsWAb2
 LOG  🏢 Group: aWT0Jz1AlM6jmAKNBqJW
 LOG  Loaded expenses: 4
 LOG  📋 Total expenses found: 4
 LOG  
💰 Expense 1: "Myer"
 LOG  💵 Amount: 320
 LOG  💳 Paid by: CsFleJon8thWdQ08rbztMJPsWAb2
 LOG  📊 Split data: ["7EUSVFvzTicHY63vEFFKMqkJZKJ2: 106.66666666666667 (paid: true)", "CsFleJon8thWdQ08rbztMJPsWAb2: 106.66666666666667 (paid: false)", "Jm7Sm7th1gOtpG1IttvPPIBgUG83: 106.66666666666667 (paid: false)"]
 LOG  ✅ User1 split: 106.66666666666667 (ALREADY PAID)
 LOG  📊 Expense balance: 0
 LOG  📊 Running total: 0
 LOG  
💰 Expense 2: "Coles"
 LOG  💵 Amount: 200
 LOG  💳 Paid by: Jm7Sm7th1gOtpG1IttvPPIBgUG83
 LOG  📊 Split data: ["7EUSVFvzTicHY63vEFFKMqkJZKJ2: 100 (paid: false)", "Jm7Sm7th1gOtpG1IttvPPIBgUG83: 100 (paid: false)"]
 LOG  👥 Someone else paid (Jm7Sm7th1gOtpG1IttvPPIBgUG83) - no direct balance impact
 LOG  📊 Expense balance: 0
 LOG  📊 Running total: 0
 LOG  
💰 Expense 3: "Icecream"
 LOG  💵 Amount: 250
 LOG  💳 Paid by: CsFleJon8thWdQ08rbztMJPsWAb2
 LOG  📊 Split data: ["7EUSVFvzTicHY63vEFFKMqkJZKJ2: 83.33333333333333 (paid: true)", "CsFleJon8thWdQ08rbztMJPsWAb2: 83.33333333333333 (paid: false)", "Jm7Sm7th1gOtpG1IttvPPIBgUG83: 83.33333333333333 (paid: false)"]
 LOG  ✅ User1 split: 83.33333333333333 (ALREADY PAID)
 LOG  📊 Expense balance: 0
 LOG  📊 Running total: 0
 LOG  
💰 Expense 4: "Dinner"
 LOG  💵 Amount: 150
 LOG  💳 Paid by: 7EUSVFvzTicHY63vEFFKMqkJZKJ2
 LOG  📊 Split data: ["7EUSVFvzTicHY63vEFFKMqkJZKJ2: 50 (paid: false)", "CsFleJon8thWdQ08rbztMJPsWAb2: 50 (paid: true)", "Jm7Sm7th1gOtpG1IttvPPIBgUG83: 50 (paid: true)"]
 LOG  ✅ User2 split: 50 (ALREADY PAID)
 LOG  📊 Expense balance: 0
 LOG  📊 Running total: 0
 LOG  
✅ === FINAL RESULT ===
 LOG  🔢 Final balance: 0
 LOG  💭 Interpretation: No balance
 LOG  ===============================
 LOG  💰 Balance with Set2: 0
 LOG  🔍 Calculating balance with Set3 (Jm7Sm7th1gOtpG1IttvPPIBgUG83)
 LOG  
🔍 === DETAILED BALANCE CALCULATION ===
 LOG  👤 User1 (You): 7EUSVFvzTicHY63vEFFKMqkJZKJ2
 LOG  👤 User2 (Them): Jm7Sm7th1gOtpG1IttvPPIBgUG83
 LOG  🏢 Group: aWT0Jz1AlM6jmAKNBqJW
 LOG  📋 Total expenses found: 4
 LOG  
💰 Expense 1: "Myer"
 LOG  💵 Amount: 320
 LOG  💳 Paid by: CsFleJon8thWdQ08rbztMJPsWAb2
 LOG  📊 Split data: ["7EUSVFvzTicHY63vEFFKMqkJZKJ2: 106.66666666666667 (paid: true)", "CsFleJon8thWdQ08rbztMJPsWAb2: 106.66666666666667 (paid: false)", "Jm7Sm7th1gOtpG1IttvPPIBgUG83: 106.66666666666667 (paid: false)"]
 LOG  👥 Someone else paid (CsFleJon8thWdQ08rbztMJPsWAb2) - no direct balance impact
 LOG  📊 Expense balance: 0
 LOG  📊 Running total: 0
 LOG  
💰 Expense 2: "Coles"
 LOG  💵 Amount: 200
 LOG  💳 Paid by: Jm7Sm7th1gOtpG1IttvPPIBgUG83
 LOG  📊 Split data: ["7EUSVFvzTicHY63vEFFKMqkJZKJ2: 100 (paid: false)", "Jm7Sm7th1gOtpG1IttvPPIBgUG83: 100 (paid: false)"]
 LOG  ➖ User1 owes User2: 100 (UNPAID)
 LOG  📊 Expense balance: -100
 LOG  📊 Running total: -100
 LOG  
💰 Expense 3: "Icecream"
 LOG  💵 Amount: 250
 LOG  💳 Paid by: CsFleJon8thWdQ08rbztMJPsWAb2
 LOG  📊 Split data: ["7EUSVFvzTicHY63vEFFKMqkJZKJ2: 83.33333333333333 (paid: true)", "CsFleJon8thWdQ08rbztMJPsWAb2: 83.33333333333333 (paid: false)", "Jm7Sm7th1gOtpG1IttvPPIBgUG83: 83.33333333333333 (paid: false)"]
 LOG  👥 Someone else paid (CsFleJon8thWdQ08rbztMJPsWAb2) - no direct balance impact
 LOG  📊 Expense balance: 0
 LOG  📊 Running total: -100
 LOG  
💰 Expense 4: "Dinner"
 LOG  💵 Amount: 150
 LOG  💳 Paid by: 7EUSVFvzTicHY63vEFFKMqkJZKJ2
 LOG  📊 Split data: ["7EUSVFvzTicHY63vEFFKMqkJZKJ2: 50 (paid: false)", "CsFleJon8thWdQ08rbztMJPsWAb2: 50 (paid: true)", "Jm7Sm7th1gOtpG1IttvPPIBgUG83: 50 (paid: true)"]
 LOG  ✅ User2 split: 50 (ALREADY PAID)
 LOG  📊 Expense balance: 0
 LOG  📊 Running total: -100
 LOG  
✅ === FINAL RESULT ===
 LOG  🔢 Final balance: -100
 LOG  💭 Interpretation: User1 owes User2
 LOG  ===============================
 LOG  💰 Balance with Set3: -100
 LOG  🔄 Setting new member balances...
 LOG  ✅ Member balances calculated
 LOG  🔍 Final calculated balances:
 LOG     Set: 0
 LOG     Set2: 0
 LOG     Set3: -100
 LOG  🏷️  Rendering group card: Office
 LOG  💳 Group balance from map: 133.34
 LOG  📊 Display: owed 133.34
 LOG  🏷️  Rendering group card: Home
 LOG  💳 Group balance from map: -100
 LOG  📊 Display: owes 100
 LOG  ❌ GroupDetailsModal: Not rendering - visible: false localGroupData: true
 LOG  🔄 Opening settlement screen with config: {"filter": "groups", "groupId": "aWT0Jz1AlM6jmAKNBqJW"}
 LOG  🔔 useBalances: Balance change notification received
 LOG  🔄 useBalances: Refreshing with UnifiedSettlementService
 LOG  🔄 Calculating UNIFIED balances for user: 7EUSVFvzTicHY63vEFFKMqkJZKJ2
 LOG  🔔 useBalances: Balance change notification received
 LOG  🔄 useBalances: Refreshing with UnifiedSettlementService
 LOG  🔄 Calculating UNIFIED balances for user: 7EUSVFvzTicHY63vEFFKMqkJZKJ2
 LOG  🏷️  Rendering group card: Office
 LOG  💳 Group balance from map: 133.34
 LOG  📊 Display: owed 133.34
 LOG  🏷️  Rendering group card: Home
 LOG  💳 Group balance from map: -100
 LOG  📊 Display: owes 100
 LOG  ❌ GroupDetailsModal: Not rendering - visible: false localGroupData: true
 LOG  🚀 useBalances: Initial load for user: 7EUSVFvzTicHY63vEFFKMqkJZKJ2
 LOG  🔄 useBalances: Refreshing with UnifiedSettlementService
 LOG  🔄 Calculating UNIFIED balances for user: 7EUSVFvzTicHY63vEFFKMqkJZKJ2
 LOG  🚀 useBalances: Initial load for user: 7EUSVFvzTicHY63vEFFKMqkJZKJ2
 LOG  🔄 useBalances: Refreshing with UnifiedSettlementService
 LOG  🔄 Calculating UNIFIED balances for user: 7EUSVFvzTicHY63vEFFKMqkJZKJ2
 LOG  🔄 UnifiedSettlementScreen: Loading initial data and refreshing balances...
 LOG  🔄 useBalances: Refreshing with UnifiedSettlementService
 LOG  🔄 Calculating UNIFIED balances for user: 7EUSVFvzTicHY63vEFFKMqkJZKJ2
 LOG  🔄 useBalances: Refreshing with UnifiedSettlementService
 LOG  🔄 Calculating UNIFIED balances for user: 7EUSVFvzTicHY63vEFFKMqkJZKJ2
 LOG  🔄 Filtering balances with: {"activeFilter": "groups", "initialFriendId": undefined, "overviewBalancesCount": 0, "selectedFriendId": null, "selectedGroupId": "aWT0Jz1AlM6jmAKNBqJW"}
 LOG  🔄 Calculating SETTLEMENT balances for user: 7EUSVFvzTicHY63vEFFKMqkJZKJ2
 LOG  🔄 Loading settlement balances for user: 7EUSVFvzTicHY63vEFFKMqkJZKJ2
 LOG  🔄 Calculating SETTLEMENT balances for user: 7EUSVFvzTicHY63vEFFKMqkJZKJ2
 LOG  ❌ GroupDetailsModal: Not rendering - visible: false localGroupData: true
 LOG  🔍 Fetching pending invitations for user: 7EUSVFvzTicHY63vEFFKMqkJZKJ2
 LOG  🔍 Fetching pending invitations for user: 7EUSVFvzTicHY63vEFFKMqkJZKJ2
 LOG  🔍 Fetching pending invitations for user: 7EUSVFvzTicHY63vEFFKMqkJZKJ2
 LOG  🔍 Fetching pending invitations for user: 7EUSVFvzTicHY63vEFFKMqkJZKJ2
 LOG  🔍 Fetching pending invitations for user: 7EUSVFvzTicHY63vEFFKMqkJZKJ2
 LOG  🔍 Fetching pending invitations for user: 7EUSVFvzTicHY63vEFFKMqkJZKJ2
 LOG  🔍 Fetching pending invitations for user: 7EUSVFvzTicHY63vEFFKMqkJZKJ2
 LOG  🔍 Fetching pending invitations for user: 7EUSVFvzTicHY63vEFFKMqkJZKJ2
 LOG  🔍 Fetching pending invitations for user: 7EUSVFvzTicHY63vEFFKMqkJZKJ2
 LOG  🔍 Fetching pending invitations for user: 7EUSVFvzTicHY63vEFFKMqkJZKJ2
 LOG  🔍 Fetching pending invitations for user: 7EUSVFvzTicHY63vEFFKMqkJZKJ2
 LOG  🔍 Fetching pending invitations for user: 7EUSVFvzTicHY63vEFFKMqkJZKJ2
 LOG  🔍 Fetching pending invitations for user: 7EUSVFvzTicHY63vEFFKMqkJZKJ2
 LOG  🔍 Fetching pending invitations for user: 7EUSVFvzTicHY63vEFFKMqkJZKJ2
 LOG  📧 Found 0 sent email friend requests (existing users)
 LOG  📧 Found 0 sent email friend requests (existing users)
 LOG  📧 Found 0 sent email friend requests (existing users)
 LOG  📧 Found 0 sent email friend requests (existing users)
 LOG  📧 Found 0 sent email friend requests (existing users)
 LOG  📧 Found 0 sent email friend requests (existing users)
 LOG  📧 Found 0 sent email friend requests (existing users)
 LOG  📧 Found 0 sent email friend requests (existing users)
 LOG  📧 Found 0 sent email friend requests (existing users)
 LOG  📧 Found 0 sent email friend requests (existing users)
 LOG  📧 Found 0 sent email friend requests (existing users)
 LOG  📧 Found 0 sent email friend requests (existing users)
 LOG  📧 Found 0 sent email friend requests (existing users)
 LOG  📧 Found 0 sent email friend requests (existing users)
 LOG  📧 Found 0 received email friend requests (existing users)
 LOG  📧 Found 0 received email friend requests (existing users)
 LOG  📧 Found 0 received email friend requests (existing users)
 LOG  📧 Found 0 received email friend requests (existing users)
 LOG  📧 Found 0 received email friend requests (existing users)
 LOG  📧 Found 0 received email friend requests (existing users)
 LOG  📧 Found 0 received email friend requests (existing users)
 LOG  📧 Found 0 received email friend requests (existing users)
 LOG  📧 Found 0 received email friend requests (existing users)
 LOG  📧 Found 0 received email friend requests (existing users)
 LOG  📧 Found 0 received email friend requests (existing users)
 LOG  📧 Found 0 received email friend requests (existing users)
 LOG  📧 Found 0 received email friend requests (existing users)
 LOG  📧 Found 0 received email friend requests (existing users)
 LOG  📧 Found 1 email invitations (new users)
 LOG  📋 Email invitation (new user): {"fromUserId": "7EUSVFvzTicHY63vEFFKMqkJZKJ2", "id": "itgZL3iWPKpz6kBZm0oK", "status": "sent", "toEmail": "set4@gmail.com"}
 LOG  📧 Found 1 email invitations (new users)
 LOG  📋 Email invitation (new user): {"fromUserId": "7EUSVFvzTicHY63vEFFKMqkJZKJ2", "id": "itgZL3iWPKpz6kBZm0oK", "status": "sent", "toEmail": "set4@gmail.com"}
 LOG  📧 Found 1 email invitations (new users)
 LOG  📋 Email invitation (new user): {"fromUserId": "7EUSVFvzTicHY63vEFFKMqkJZKJ2", "id": "itgZL3iWPKpz6kBZm0oK", "status": "sent", "toEmail": "set4@gmail.com"}
 LOG  📧 Found 1 email invitations (new users)
 LOG  📋 Email invitation (new user): {"fromUserId": "7EUSVFvzTicHY63vEFFKMqkJZKJ2", "id": "itgZL3iWPKpz6kBZm0oK", "status": "sent", "toEmail": "set4@gmail.com"}
 LOG  📧 Found 1 email invitations (new users)
 LOG  📋 Email invitation (new user): {"fromUserId": "7EUSVFvzTicHY63vEFFKMqkJZKJ2", "id": "itgZL3iWPKpz6kBZm0oK", "status": "sent", "toEmail": "set4@gmail.com"}
 LOG  📧 Found 1 email invitations (new users)
 LOG  📋 Email invitation (new user): {"fromUserId": "7EUSVFvzTicHY63vEFFKMqkJZKJ2", "id": "itgZL3iWPKpz6kBZm0oK", "status": "sent", "toEmail": "set4@gmail.com"}
 LOG  📧 Found 1 email invitations (new users)
 LOG  📋 Email invitation (new user): {"fromUserId": "7EUSVFvzTicHY63vEFFKMqkJZKJ2", "id": "itgZL3iWPKpz6kBZm0oK", "status": "sent", "toEmail": "set4@gmail.com"}
 LOG  📧 Found 1 email invitations (new users)
 LOG  📋 Email invitation (new user): {"fromUserId": "7EUSVFvzTicHY63vEFFKMqkJZKJ2", "id": "itgZL3iWPKpz6kBZm0oK", "status": "sent", "toEmail": "set4@gmail.com"}
 LOG  📧 Found 1 email invitations (new users)
 LOG  📋 Email invitation (new user): {"fromUserId": "7EUSVFvzTicHY63vEFFKMqkJZKJ2", "id": "itgZL3iWPKpz6kBZm0oK", "status": "sent", "toEmail": "set4@gmail.com"}
 LOG  📧 Found 1 email invitations (new users)
 LOG  📋 Email invitation (new user): {"fromUserId": "7EUSVFvzTicHY63vEFFKMqkJZKJ2", "id": "itgZL3iWPKpz6kBZm0oK", "status": "sent", "toEmail": "set4@gmail.com"}
 LOG  📧 Found 1 email invitations (new users)
 LOG  📋 Email invitation (new user): {"fromUserId": "7EUSVFvzTicHY63vEFFKMqkJZKJ2", "id": "itgZL3iWPKpz6kBZm0oK", "status": "sent", "toEmail": "set4@gmail.com"}
 LOG  📧 Found 1 email invitations (new users)
 LOG  📋 Email invitation (new user): {"fromUserId": "7EUSVFvzTicHY63vEFFKMqkJZKJ2", "id": "itgZL3iWPKpz6kBZm0oK", "status": "sent", "toEmail": "set4@gmail.com"}
 LOG  📧 Found 1 email invitations (new users)
 LOG  📋 Email invitation (new user): {"fromUserId": "7EUSVFvzTicHY63vEFFKMqkJZKJ2", "id": "itgZL3iWPKpz6kBZm0oK", "status": "sent", "toEmail": "set4@gmail.com"}
 LOG  📧 Found 1 email invitations (new users)
 LOG  📋 Email invitation (new user): {"fromUserId": "7EUSVFvzTicHY63vEFFKMqkJZKJ2", "id": "itgZL3iWPKpz6kBZm0oK", "status": "sent", "toEmail": "set4@gmail.com"}
 LOG  🔄 UnifiedSettlementScreen: Secondary balance refresh...
 LOG  🔄 useBalances: Refreshing with UnifiedSettlementService
 LOG  🔄 Calculating UNIFIED balances for user: 7EUSVFvzTicHY63vEFFKMqkJZKJ2
 LOG  🔄 useBalances: Refreshing with UnifiedSettlementService
 LOG  🔄 Calculating UNIFIED balances for user: 7EUSVFvzTicHY63vEFFKMqkJZKJ2
 LOG  📱 Found 0 pending SMS/WhatsApp invitations
 LOG  ✅ Returning 1 total pending invitations: {"newEmailUsers": 1, "receivedExistingUsers": 0, "sentExistingUsers": 0, "smsWhatsApp": 0}
 LOG  Processing 4 friendships
 LOG  Processing 2 groups
 LOG  Processing group: Office with 3 members
 LOG  Skipping group balance for Set2 - already counted as friend
 LOG  Skipping group balance for Set3 - already counted as friend
 LOG  Processing group: Home with 3 members
 LOG  Skipping group balance for Set2 - already counted as friend
 LOG  Skipping group balance for Set3 - already counted as friend
 LOG  ✅ UNIFIED balance calculation complete: {"netBalance": 33.33, "relationships": 2, "totalOwed": 66.67, "totalOwing": 33.33}
 LOG  📱 Found 0 pending SMS/WhatsApp invitations
 LOG  ✅ Returning 1 total pending invitations: {"newEmailUsers": 1, "receivedExistingUsers": 0, "sentExistingUsers": 0, "smsWhatsApp": 0}
 LOG  ✅ useBalances: Refresh complete: {"detailCount": 2, "friendsCount": 4, "netBalance": 33.33, "totalOwed": 66.67, "totalOwing": 33.33}
 LOG  📱 Found 0 pending SMS/WhatsApp invitations
 LOG  ✅ Returning 1 total pending invitations: {"newEmailUsers": 1, "receivedExistingUsers": 0, "sentExistingUsers": 0, "smsWhatsApp": 0}
 LOG  Processing 4 friendships
 LOG  Processing 2 groups
 LOG  Processing group: Office with 3 members
 LOG  Skipping group balance for Set2 - already counted as friend
 LOG  Skipping group balance for Set3 - already counted as friend
 LOG  Processing group: Home with 3 members
 LOG  Skipping group balance for Set2 - already counted as friend
 LOG  Skipping group balance for Set3 - already counted as friend
 LOG  ✅ UNIFIED balance calculation complete: {"netBalance": 33.33, "relationships": 2, "totalOwed": 66.67, "totalOwing": 33.33}
 LOG  📱 Found 0 pending SMS/WhatsApp invitations
 LOG  ✅ Returning 1 total pending invitations: {"newEmailUsers": 1, "receivedExistingUsers": 0, "sentExistingUsers": 0, "smsWhatsApp": 0}
 LOG  ✅ useBalances: Refresh complete: {"detailCount": 2, "friendsCount": 4, "netBalance": 33.33, "totalOwed": 66.67, "totalOwing": 33.33}
 LOG  📱 Found 0 pending SMS/WhatsApp invitations
 LOG  ✅ Returning 1 total pending invitations: {"newEmailUsers": 1, "receivedExistingUsers": 0, "sentExistingUsers": 0, "smsWhatsApp": 0}
 LOG  Processing 4 friendships
 LOG  Processing 2 groups
 LOG  Processing group: Office with 3 members
 LOG  Skipping group balance for Set2 - already counted as friend
 LOG  Skipping group balance for Set3 - already counted as friend
 LOG  Processing group: Home with 3 members
 LOG  Skipping group balance for Set2 - already counted as friend
 LOG  Skipping group balance for Set3 - already counted as friend
 LOG  ✅ UNIFIED balance calculation complete: {"netBalance": 33.33, "relationships": 2, "totalOwed": 66.67, "totalOwing": 33.33}
 LOG  📱 Found 0 pending SMS/WhatsApp invitations
 LOG  ✅ Returning 1 total pending invitations: {"newEmailUsers": 1, "receivedExistingUsers": 0, "sentExistingUsers": 0, "smsWhatsApp": 0}
 LOG  ✅ useBalances: Refresh complete: {"detailCount": 2, "friendsCount": 4, "netBalance": 33.33, "totalOwed": 66.67, "totalOwing": 33.33}
 LOG  📱 Found 0 pending SMS/WhatsApp invitations
 LOG  ✅ Returning 1 total pending invitations: {"newEmailUsers": 1, "receivedExistingUsers": 0, "sentExistingUsers": 0, "smsWhatsApp": 0}
 LOG  Processing 4 friendships
 LOG  Processing 2 groups
 LOG  Processing group: Office with 3 members
 LOG  Skipping group balance for Set2 - already counted as friend
 LOG  Skipping group balance for Set3 - already counted as friend
 LOG  Processing group: Home with 3 members
 LOG  Skipping group balance for Set2 - already counted as friend
 LOG  Skipping group balance for Set3 - already counted as friend
 LOG  ✅ UNIFIED balance calculation complete: {"netBalance": 33.33, "relationships": 2, "totalOwed": 66.67, "totalOwing": 33.33}
 LOG  📱 Found 0 pending SMS/WhatsApp invitations
 LOG  ✅ Returning 1 total pending invitations: {"newEmailUsers": 1, "receivedExistingUsers": 0, "sentExistingUsers": 0, "smsWhatsApp": 0}
 LOG  ✅ useBalances: Refresh complete: {"detailCount": 2, "friendsCount": 4, "netBalance": 33.33, "totalOwed": 66.67, "totalOwing": 33.33}
 LOG  📱 Found 0 pending SMS/WhatsApp invitations
 LOG  ✅ Returning 1 total pending invitations: {"newEmailUsers": 1, "receivedExistingUsers": 0, "sentExistingUsers": 0, "smsWhatsApp": 0}
 LOG  Processing 4 friendships
 LOG  Processing 2 groups
 LOG  Processing group: Office with 3 members
 LOG  Skipping group balance for Set2 - already counted as friend
 LOG  Skipping group balance for Set3 - already counted as friend
 LOG  Processing group: Home with 3 members
 LOG  Skipping group balance for Set2 - already counted as friend
 LOG  Skipping group balance for Set3 - already counted as friend
 LOG  ✅ UNIFIED balance calculation complete: {"netBalance": 33.33, "relationships": 2, "totalOwed": 66.67, "totalOwing": 33.33}
 LOG  📱 Found 0 pending SMS/WhatsApp invitations
 LOG  ✅ Returning 1 total pending invitations: {"newEmailUsers": 1, "receivedExistingUsers": 0, "sentExistingUsers": 0, "smsWhatsApp": 0}
 LOG  ✅ useBalances: Refresh complete: {"detailCount": 2, "friendsCount": 4, "netBalance": 33.33, "totalOwed": 66.67, "totalOwing": 33.33}
 LOG  📱 Found 0 pending SMS/WhatsApp invitations
 LOG  ✅ Returning 1 total pending invitations: {"newEmailUsers": 1, "receivedExistingUsers": 0, "sentExistingUsers": 0, "smsWhatsApp": 0}
 LOG  Processing 4 friendships
 LOG  Processing 2 groups
 LOG  Processing group: Office with 3 members
 LOG  Skipping group balance for Set2 - already counted as friend
 LOG  Skipping group balance for Set3 - already counted as friend
 LOG  Processing group: Home with 3 members
 LOG  Skipping group balance for Set2 - already counted as friend
 LOG  Skipping group balance for Set3 - already counted as friend
 LOG  ✅ UNIFIED balance calculation complete: {"netBalance": 33.33, "relationships": 2, "totalOwed": 66.67, "totalOwing": 33.33}
 LOG  📱 Found 0 pending SMS/WhatsApp invitations
 LOG  ✅ Returning 1 total pending invitations: {"newEmailUsers": 1, "receivedExistingUsers": 0, "sentExistingUsers": 0, "smsWhatsApp": 0}
 LOG  ✅ useBalances: Refresh complete: {"detailCount": 2, "friendsCount": 4, "netBalance": 33.33, "totalOwed": 66.67, "totalOwing": 33.33}
 LOG  📱 Found 0 pending SMS/WhatsApp invitations
 LOG  ✅ Returning 1 total pending invitations: {"newEmailUsers": 1, "receivedExistingUsers": 0, "sentExistingUsers": 0, "smsWhatsApp": 0}
 LOG  Processing 4 friendships for settlement
 LOG  Processing 2 groups for settlement
 LOG  Processing settlement balances for group: Office with 3 members
 LOG  
🔍 === DETAILED BALANCE CALCULATION ===
 LOG  👤 User1 (You): 7EUSVFvzTicHY63vEFFKMqkJZKJ2
 LOG  👤 User2 (Them): CsFleJon8thWdQ08rbztMJPsWAb2
 LOG  🏢 Group: rx01BYFAEivzEeCxd5bU
 LOG  📱 Found 0 pending SMS/WhatsApp invitations
 LOG  ✅ Returning 1 total pending invitations: {"newEmailUsers": 1, "receivedExistingUsers": 0, "sentExistingUsers": 0, "smsWhatsApp": 0}
 LOG  Processing 4 friendships for settlement
 LOG  Processing 2 groups for settlement
 LOG  Processing settlement balances for group: Office with 3 members
 LOG  
🔍 === DETAILED BALANCE CALCULATION ===
 LOG  👤 User1 (You): 7EUSVFvzTicHY63vEFFKMqkJZKJ2
 LOG  👤 User2 (Them): CsFleJon8thWdQ08rbztMJPsWAb2
 LOG  🏢 Group: rx01BYFAEivzEeCxd5bU
 LOG  🏷️  Rendering group card: Office
 LOG  💳 Group balance from map: 133.34
 LOG  📊 Display: owed 133.34
 LOG  🏷️  Rendering group card: Home
 LOG  💳 Group balance from map: -100
 LOG  📊 Display: owes 100
 LOG  ❌ GroupDetailsModal: Not rendering - visible: false localGroupData: true
 LOG  📊 useBalances: Current state: {"friendCount": 2, "friendsDataCount": 4, "groupMemberCount": 0, "netBalance": 33.33, "totalOwed": 66.67, "totalOwing": 33.33, "totalRelationships": 2}
 LOG  📊 useBalances: Friends breakdown: [{"balance": -33.33333333333333, "name": "Set3", "source": "friend"}, {"balance": 66.66666666666667, "name": "Set2", "source": "friend"}]
 LOG  📊 useBalances: Group members breakdown: []
 LOG  📊 useBalances: Current state: {"friendCount": 2, "friendsDataCount": 4, "groupMemberCount": 0, "netBalance": 33.33, "totalOwed": 66.67, "totalOwing": 33.33, "totalRelationships": 2}
 LOG  📊 useBalances: Friends breakdown: [{"balance": -33.33333333333333, "name": "Set3", "source": "friend"}, {"balance": 66.66666666666667, "name": "Set2", "source": "friend"}]
 LOG  📊 useBalances: Group members breakdown: []
 LOG  📊 useBalances: Current state: {"friendCount": 2, "friendsDataCount": 4, "groupMemberCount": 0, "netBalance": 33.33, "totalOwed": 66.67, "totalOwing": 33.33, "totalRelationships": 2}
 LOG  📊 useBalances: Friends breakdown: [{"balance": -33.33333333333333, "name": "Set3", "source": "friend"}, {"balance": 66.66666666666667, "name": "Set2", "source": "friend"}]
 LOG  📊 useBalances: Group members breakdown: []
 LOG  📊 useBalances: Current state: {"friendCount": 2, "friendsDataCount": 4, "groupMemberCount": 0, "netBalance": 33.33, "totalOwed": 66.67, "totalOwing": 33.33, "totalRelationships": 2}
 LOG  📊 useBalances: Friends breakdown: [{"balance": -33.33333333333333, "name": "Set3", "source": "friend"}, {"balance": 66.66666666666667, "name": "Set2", "source": "friend"}]
 LOG  📊 useBalances: Group members breakdown: []
 LOG  🔄 Loading settlement balances for user: 7EUSVFvzTicHY63vEFFKMqkJZKJ2
 LOG  🔄 Calculating SETTLEMENT balances for user: 7EUSVFvzTicHY63vEFFKMqkJZKJ2
 LOG  🔍 Fetching pending invitations for user: 7EUSVFvzTicHY63vEFFKMqkJZKJ2
 LOG  🔍 Fetching pending invitations for user: 7EUSVFvzTicHY63vEFFKMqkJZKJ2
 LOG  🔍 Fetching pending invitations for user: 7EUSVFvzTicHY63vEFFKMqkJZKJ2
 LOG  🔍 Fetching pending invitations for user: 7EUSVFvzTicHY63vEFFKMqkJZKJ2
 LOG  ✅ UnifiedSettlementScreen: Initial data loaded: {"friends": 4, "groups": 2}
 LOG  🔍 Fetching pending invitations for user: 7EUSVFvzTicHY63vEFFKMqkJZKJ2
 LOG  📋 Total expenses found: 1
 LOG  
💰 Expense 1: "Woolies"
 LOG  💵 Amount: 200
 LOG  💳 Paid by: 7EUSVFvzTicHY63vEFFKMqkJZKJ2
 LOG  📊 Split data: ["7EUSVFvzTicHY63vEFFKMqkJZKJ2: 66.66666666666667 (paid: false)", "CsFleJon8thWdQ08rbztMJPsWAb2: 66.66666666666667 (paid: false)", "Jm7Sm7th1gOtpG1IttvPPIBgUG83: 66.66666666666667 (paid: false)"]
 LOG  ➕ User2 owes User1: 66.66666666666667 (UNPAID)
 LOG  📊 Expense balance: 66.66666666666667
 LOG  📊 Running total: 66.66666666666667
 LOG  
✅ === FINAL RESULT ===
 LOG  🔢 Final balance: 66.67
 LOG  💭 Interpretation: User2 owes User1
 LOG  ===============================
 LOG  💰 Settlement: Set2 in Office: 66.67
 LOG  
🔍 === DETAILED BALANCE CALCULATION ===
 LOG  👤 User1 (You): 7EUSVFvzTicHY63vEFFKMqkJZKJ2
 LOG  👤 User2 (Them): Jm7Sm7th1gOtpG1IttvPPIBgUG83
 LOG  🏢 Group: rx01BYFAEivzEeCxd5bU
 LOG  📋 Total expenses found: 1
 LOG  
💰 Expense 1: "Woolies"
 LOG  💵 Amount: 200
 LOG  💳 Paid by: 7EUSVFvzTicHY63vEFFKMqkJZKJ2
 LOG  📊 Split data: ["7EUSVFvzTicHY63vEFFKMqkJZKJ2: 66.66666666666667 (paid: false)", "CsFleJon8thWdQ08rbztMJPsWAb2: 66.66666666666667 (paid: false)", "Jm7Sm7th1gOtpG1IttvPPIBgUG83: 66.66666666666667 (paid: false)"]
 LOG  ➕ User2 owes User1: 66.66666666666667 (UNPAID)
 LOG  📊 Expense balance: 66.66666666666667
 LOG  📊 Running total: 66.66666666666667
 LOG  
✅ === FINAL RESULT ===
 LOG  🔢 Final balance: 66.67
 LOG  💭 Interpretation: User2 owes User1
 LOG  ===============================
 LOG  💰 Settlement: Set2 in Office: 66.67
 LOG  
🔍 === DETAILED BALANCE CALCULATION ===
 LOG  👤 User1 (You): 7EUSVFvzTicHY63vEFFKMqkJZKJ2
 LOG  👤 User2 (Them): Jm7Sm7th1gOtpG1IttvPPIBgUG83
 LOG  🏢 Group: rx01BYFAEivzEeCxd5bU
 LOG  📋 Total expenses found: 1
 LOG  
💰 Expense 1: "Woolies"
 LOG  💵 Amount: 200
 LOG  💳 Paid by: 7EUSVFvzTicHY63vEFFKMqkJZKJ2
 LOG  📊 Split data: ["7EUSVFvzTicHY63vEFFKMqkJZKJ2: 66.66666666666667 (paid: false)", "CsFleJon8thWdQ08rbztMJPsWAb2: 66.66666666666667 (paid: false)", "Jm7Sm7th1gOtpG1IttvPPIBgUG83: 66.66666666666667 (paid: false)"]
 LOG  ➕ User2 owes User1: 66.66666666666667 (UNPAID)
 LOG  📊 Expense balance: 66.66666666666667
 LOG  📊 Running total: 66.66666666666667
 LOG  
✅ === FINAL RESULT ===
 LOG  🔢 Final balance: 66.67
 LOG  💭 Interpretation: User2 owes User1
 LOG  ===============================
 LOG  💰 Settlement: Set3 in Office: 66.67
 LOG  Processing settlement balances for group: Home with 3 members
 LOG  
🔍 === DETAILED BALANCE CALCULATION ===
 LOG  👤 User1 (You): 7EUSVFvzTicHY63vEFFKMqkJZKJ2
 LOG  👤 User2 (Them): CsFleJon8thWdQ08rbztMJPsWAb2
 LOG  🏢 Group: aWT0Jz1AlM6jmAKNBqJW
 LOG  📋 Total expenses found: 1
 LOG  
💰 Expense 1: "Woolies"
 LOG  💵 Amount: 200
 LOG  💳 Paid by: 7EUSVFvzTicHY63vEFFKMqkJZKJ2
 LOG  📊 Split data: ["7EUSVFvzTicHY63vEFFKMqkJZKJ2: 66.66666666666667 (paid: false)", "CsFleJon8thWdQ08rbztMJPsWAb2: 66.66666666666667 (paid: false)", "Jm7Sm7th1gOtpG1IttvPPIBgUG83: 66.66666666666667 (paid: false)"]
 LOG  ➕ User2 owes User1: 66.66666666666667 (UNPAID)
 LOG  📊 Expense balance: 66.66666666666667
 LOG  📊 Running total: 66.66666666666667
 LOG  
✅ === FINAL RESULT ===
 LOG  🔢 Final balance: 66.67
 LOG  💭 Interpretation: User2 owes User1
 LOG  ===============================
 LOG  💰 Settlement: Set3 in Office: 66.67
 LOG  Processing settlement balances for group: Home with 3 members
 LOG  
🔍 === DETAILED BALANCE CALCULATION ===
 LOG  👤 User1 (You): 7EUSVFvzTicHY63vEFFKMqkJZKJ2
 LOG  👤 User2 (Them): CsFleJon8thWdQ08rbztMJPsWAb2
 LOG  🏢 Group: aWT0Jz1AlM6jmAKNBqJW
 LOG  📧 Found 0 sent email friend requests (existing users)
 LOG  📧 Found 0 sent email friend requests (existing users)
 LOG  📧 Found 0 sent email friend requests (existing users)
 LOG  📧 Found 0 sent email friend requests (existing users)
 LOG  📧 Found 0 sent email friend requests (existing users)
 LOG  📋 Total expenses found: 4
 LOG  
💰 Expense 1: "Myer"
 LOG  💵 Amount: 320
 LOG  💳 Paid by: CsFleJon8thWdQ08rbztMJPsWAb2
 LOG  📊 Split data: ["7EUSVFvzTicHY63vEFFKMqkJZKJ2: 106.66666666666667 (paid: true)", "CsFleJon8thWdQ08rbztMJPsWAb2: 106.66666666666667 (paid: false)", "Jm7Sm7th1gOtpG1IttvPPIBgUG83: 106.66666666666667 (paid: false)"]
 LOG  ✅ User1 split: 106.66666666666667 (ALREADY PAID)
 LOG  📊 Expense balance: 0
 LOG  📊 Running total: 0
 LOG  
💰 Expense 2: "Coles"
 LOG  💵 Amount: 200
 LOG  💳 Paid by: Jm7Sm7th1gOtpG1IttvPPIBgUG83
 LOG  📊 Split data: ["7EUSVFvzTicHY63vEFFKMqkJZKJ2: 100 (paid: false)", "Jm7Sm7th1gOtpG1IttvPPIBgUG83: 100 (paid: false)"]
 LOG  👥 Someone else paid (Jm7Sm7th1gOtpG1IttvPPIBgUG83) - no direct balance impact
 LOG  📊 Expense balance: 0
 LOG  📊 Running total: 0
 LOG  
💰 Expense 3: "Icecream"
 LOG  💵 Amount: 250
 LOG  💳 Paid by: CsFleJon8thWdQ08rbztMJPsWAb2
 LOG  📊 Split data: ["7EUSVFvzTicHY63vEFFKMqkJZKJ2: 83.33333333333333 (paid: true)", "CsFleJon8thWdQ08rbztMJPsWAb2: 83.33333333333333 (paid: false)", "Jm7Sm7th1gOtpG1IttvPPIBgUG83: 83.33333333333333 (paid: false)"]
 LOG  ✅ User1 split: 83.33333333333333 (ALREADY PAID)
 LOG  📊 Expense balance: 0
 LOG  📊 Running total: 0
 LOG  
💰 Expense 4: "Dinner"
 LOG  💵 Amount: 150
 LOG  💳 Paid by: 7EUSVFvzTicHY63vEFFKMqkJZKJ2
 LOG  📊 Split data: ["7EUSVFvzTicHY63vEFFKMqkJZKJ2: 50 (paid: false)", "CsFleJon8thWdQ08rbztMJPsWAb2: 50 (paid: true)", "Jm7Sm7th1gOtpG1IttvPPIBgUG83: 50 (paid: true)"]
 LOG  ✅ User2 split: 50 (ALREADY PAID)
 LOG  📊 Expense balance: 0
 LOG  📊 Running total: 0
 LOG  
✅ === FINAL RESULT ===
 LOG  🔢 Final balance: 0
 LOG  💭 Interpretation: No balance
 LOG  ===============================
 LOG  
🔍 === DETAILED BALANCE CALCULATION ===
 LOG  👤 User1 (You): 7EUSVFvzTicHY63vEFFKMqkJZKJ2
 LOG  👤 User2 (Them): Jm7Sm7th1gOtpG1IttvPPIBgUG83
 LOG  🏢 Group: aWT0Jz1AlM6jmAKNBqJW
 LOG  📋 Total expenses found: 4
 LOG  
💰 Expense 1: "Myer"
 LOG  💵 Amount: 320
 LOG  💳 Paid by: CsFleJon8thWdQ08rbztMJPsWAb2
 LOG  📊 Split data: ["7EUSVFvzTicHY63vEFFKMqkJZKJ2: 106.66666666666667 (paid: true)", "CsFleJon8thWdQ08rbztMJPsWAb2: 106.66666666666667 (paid: false)", "Jm7Sm7th1gOtpG1IttvPPIBgUG83: 106.66666666666667 (paid: false)"]
 LOG  ✅ User1 split: 106.66666666666667 (ALREADY PAID)
 LOG  📊 Expense balance: 0
 LOG  📊 Running total: 0
 LOG  
💰 Expense 2: "Coles"
 LOG  💵 Amount: 200
 LOG  💳 Paid by: Jm7Sm7th1gOtpG1IttvPPIBgUG83
 LOG  📊 Split data: ["7EUSVFvzTicHY63vEFFKMqkJZKJ2: 100 (paid: false)", "Jm7Sm7th1gOtpG1IttvPPIBgUG83: 100 (paid: false)"]
 LOG  👥 Someone else paid (Jm7Sm7th1gOtpG1IttvPPIBgUG83) - no direct balance impact
 LOG  📊 Expense balance: 0
 LOG  📊 Running total: 0
 LOG  
💰 Expense 3: "Icecream"
 LOG  💵 Amount: 250
 LOG  💳 Paid by: CsFleJon8thWdQ08rbztMJPsWAb2
 LOG  📊 Split data: ["7EUSVFvzTicHY63vEFFKMqkJZKJ2: 83.33333333333333 (paid: true)", "CsFleJon8thWdQ08rbztMJPsWAb2: 83.33333333333333 (paid: false)", "Jm7Sm7th1gOtpG1IttvPPIBgUG83: 83.33333333333333 (paid: false)"]
 LOG  ✅ User1 split: 83.33333333333333 (ALREADY PAID)
 LOG  📊 Expense balance: 0
 LOG  📊 Running total: 0
 LOG  
💰 Expense 4: "Dinner"
 LOG  💵 Amount: 150
 LOG  💳 Paid by: 7EUSVFvzTicHY63vEFFKMqkJZKJ2
 LOG  📊 Split data: ["7EUSVFvzTicHY63vEFFKMqkJZKJ2: 50 (paid: false)", "CsFleJon8thWdQ08rbztMJPsWAb2: 50 (paid: true)", "Jm7Sm7th1gOtpG1IttvPPIBgUG83: 50 (paid: true)"]
 LOG  ✅ User2 split: 50 (ALREADY PAID)
 LOG  📊 Expense balance: 0
 LOG  📊 Running total: 0
 LOG  
✅ === FINAL RESULT ===
 LOG  🔢 Final balance: 0
 LOG  💭 Interpretation: No balance
 LOG  ===============================
 LOG  
🔍 === DETAILED BALANCE CALCULATION ===
 LOG  👤 User1 (You): 7EUSVFvzTicHY63vEFFKMqkJZKJ2
 LOG  👤 User2 (Them): Jm7Sm7th1gOtpG1IttvPPIBgUG83
 LOG  🏢 Group: aWT0Jz1AlM6jmAKNBqJW
 LOG  📋 Total expenses found: 4
 LOG  
💰 Expense 1: "Myer"
 LOG  💵 Amount: 320
 LOG  💳 Paid by: CsFleJon8thWdQ08rbztMJPsWAb2
 LOG  📊 Split data: ["7EUSVFvzTicHY63vEFFKMqkJZKJ2: 106.66666666666667 (paid: true)", "CsFleJon8thWdQ08rbztMJPsWAb2: 106.66666666666667 (paid: false)", "Jm7Sm7th1gOtpG1IttvPPIBgUG83: 106.66666666666667 (paid: false)"]
 LOG  👥 Someone else paid (CsFleJon8thWdQ08rbztMJPsWAb2) - no direct balance impact
 LOG  📊 Expense balance: 0
 LOG  📊 Running total: 0
 LOG  
💰 Expense 2: "Coles"
 LOG  💵 Amount: 200
 LOG  💳 Paid by: Jm7Sm7th1gOtpG1IttvPPIBgUG83
 LOG  📊 Split data: ["7EUSVFvzTicHY63vEFFKMqkJZKJ2: 100 (paid: false)", "Jm7Sm7th1gOtpG1IttvPPIBgUG83: 100 (paid: false)"]
 LOG  ➖ User1 owes User2: 100 (UNPAID)
 LOG  📊 Expense balance: -100
 LOG  📊 Running total: -100
 LOG  
💰 Expense 3: "Icecream"
 LOG  💵 Amount: 250
 LOG  💳 Paid by: CsFleJon8thWdQ08rbztMJPsWAb2
 LOG  📊 Split data: ["7EUSVFvzTicHY63vEFFKMqkJZKJ2: 83.33333333333333 (paid: true)", "CsFleJon8thWdQ08rbztMJPsWAb2: 83.33333333333333 (paid: false)", "Jm7Sm7th1gOtpG1IttvPPIBgUG83: 83.33333333333333 (paid: false)"]
 LOG  👥 Someone else paid (CsFleJon8thWdQ08rbztMJPsWAb2) - no direct balance impact
 LOG  📊 Expense balance: 0
 LOG  📊 Running total: -100
 LOG  
💰 Expense 4: "Dinner"
 LOG  💵 Amount: 150
 LOG  💳 Paid by: 7EUSVFvzTicHY63vEFFKMqkJZKJ2
 LOG  📊 Split data: ["7EUSVFvzTicHY63vEFFKMqkJZKJ2: 50 (paid: false)", "CsFleJon8thWdQ08rbztMJPsWAb2: 50 (paid: true)", "Jm7Sm7th1gOtpG1IttvPPIBgUG83: 50 (paid: true)"]
 LOG  ✅ User2 split: 50 (ALREADY PAID)
 LOG  📊 Expense balance: 0
 LOG  📊 Running total: -100
 LOG  
✅ === FINAL RESULT ===
 LOG  🔢 Final balance: -100
 LOG  💭 Interpretation: User1 owes User2
 LOG  ===============================
 LOG  💰 Settlement: Set3 in Home: -100
 LOG  ✅ SETTLEMENT balance calculation complete: {"friendEntries": 2, "groupEntries": 3, "totalEntries": 5}
 LOG  📊 Settlement balances retrieved: {"friends": 2, "groups": 3, "total": 5}
 LOG  📊 Generated individual balance entries (no consolidation): 5
 LOG  🔄 UnifiedSettlement: All balance entries before filtering: 5
 LOG    Entry 0: Set3 (friend) - groupId: none, amount: 33.33333333333333, isOwed: false
 LOG    Entry 1: Set2 (friend) - groupId: none, amount: 66.66666666666667, isOwed: true
 LOG    Entry 2: Set2 (group) - groupId: rx01BYFAEivzEeCxd5bU, amount: 66.67, isOwed: true
 LOG    Entry 3: Set3 (group) - groupId: rx01BYFAEivzEeCxd5bU, amount: 66.67, isOwed: true
 LOG    Entry 4: Set3 (group) - groupId: aWT0Jz1AlM6jmAKNBqJW, amount: 100, isOwed: false
 LOG  🔍 Filtering by specific group: aWT0Jz1AlM6jmAKNBqJW
 LOG  📊 Before group filter: 3 entries
 LOG    Entry 0: groupId=rx01BYFAEivzEeCxd5bU, name=Set2, balance=66.67
 LOG    Entry 1: groupId=rx01BYFAEivzEeCxd5bU, name=Set3, balance=66.67
 LOG    Entry 2: groupId=aWT0Jz1AlM6jmAKNBqJW, name=Set3, balance=100
 LOG  📊 After group filter: 1 entries
 LOG    Filtered Entry 0: groupId=aWT0Jz1AlM6jmAKNBqJW, name=Set3, balance=100
 LOG  ✅ Balance filtering completed: {"filtered": 1, "totalOwed": 0, "totalOwing": 100}
 LOG  📋 Total expenses found: 4
 LOG  
💰 Expense 1: "Myer"
 LOG  💵 Amount: 320
 LOG  💳 Paid by: CsFleJon8thWdQ08rbztMJPsWAb2
 LOG  📊 Split data: ["7EUSVFvzTicHY63vEFFKMqkJZKJ2: 106.66666666666667 (paid: true)", "CsFleJon8thWdQ08rbztMJPsWAb2: 106.66666666666667 (paid: false)", "Jm7Sm7th1gOtpG1IttvPPIBgUG83: 106.66666666666667 (paid: false)"]
 LOG  👥 Someone else paid (CsFleJon8thWdQ08rbztMJPsWAb2) - no direct balance impact
 LOG  📊 Expense balance: 0
 LOG  📊 Running total: 0
 LOG  
💰 Expense 2: "Coles"
 LOG  💵 Amount: 200
 LOG  💳 Paid by: Jm7Sm7th1gOtpG1IttvPPIBgUG83
 LOG  📊 Split data: ["7EUSVFvzTicHY63vEFFKMqkJZKJ2: 100 (paid: false)", "Jm7Sm7th1gOtpG1IttvPPIBgUG83: 100 (paid: false)"]
 LOG  ➖ User1 owes User2: 100 (UNPAID)
 LOG  📊 Expense balance: -100
 LOG  📊 Running total: -100
 LOG  
💰 Expense 3: "Icecream"
 LOG  💵 Amount: 250
 LOG  💳 Paid by: CsFleJon8thWdQ08rbztMJPsWAb2
 LOG  📊 Split data: ["7EUSVFvzTicHY63vEFFKMqkJZKJ2: 83.33333333333333 (paid: true)", "CsFleJon8thWdQ08rbztMJPsWAb2: 83.33333333333333 (paid: false)", "Jm7Sm7th1gOtpG1IttvPPIBgUG83: 83.33333333333333 (paid: false)"]
 LOG  👥 Someone else paid (CsFleJon8thWdQ08rbztMJPsWAb2) - no direct balance impact
 LOG  📊 Expense balance: 0
 LOG  📊 Running total: -100
 LOG  
💰 Expense 4: "Dinner"
 LOG  💵 Amount: 150
 LOG  💳 Paid by: 7EUSVFvzTicHY63vEFFKMqkJZKJ2
 LOG  📊 Split data: ["7EUSVFvzTicHY63vEFFKMqkJZKJ2: 50 (paid: false)", "CsFleJon8thWdQ08rbztMJPsWAb2: 50 (paid: true)", "Jm7Sm7th1gOtpG1IttvPPIBgUG83: 50 (paid: true)"]
 LOG  ✅ User2 split: 50 (ALREADY PAID)
 LOG  📊 Expense balance: 0
 LOG  📊 Running total: -100
 LOG  
✅ === FINAL RESULT ===
 LOG  🔢 Final balance: -100
 LOG  💭 Interpretation: User1 owes User2
 LOG  ===============================
 LOG  💰 Settlement: Set3 in Home: -100
 LOG  ✅ SETTLEMENT balance calculation complete: {"friendEntries": 2, "groupEntries": 3, "totalEntries": 5}
 LOG  📊 Raw settlement balances from friendsBalances: [{"avatar": "", "balance": -33.33333333333333, "breakdown": {"fromFriendships": -33.33333333333333, "fromGroups": [Object]}, "email": "set3@gmail.com", "lastUpdated": [Object], "name": "Set3", "source": "friend", "userId": "Jm7Sm7th1gOtpG1IttvPPIBgUG83"}, {"avatar": "", "balance": 66.66666666666667, "breakdown": {"fromFriendships": 66.66666666666667, "fromGroups": [Object]}, "email": "set2@gmail.com", "lastUpdated": [Object], "name": "Set2", "source": "friend", "userId": "CsFleJon8thWdQ08rbztMJPsWAb2"}, {"avatar": "", "balance": 66.67, "breakdown": {"fromFriendships": 0, "fromGroups": [Object]}, "email": "set2@gmail.com", "groupId": "rx01BYFAEivzEeCxd5bU", "groupName": "Office", "lastUpdated": 2025-08-01T22:53:09.271Z, "name": "Set2", "source": "group", "userId": "CsFleJon8thWdQ08rbztMJPsWAb2"}, {"avatar": "", "balance": 66.67, "breakdown": {"fromFriendships": 0, "fromGroups": [Object]}, "email": "set3@gmail.com", "groupId": "rx01BYFAEivzEeCxd5bU", "groupName": "Office", "lastUpdated": 2025-08-01T22:53:09.297Z, "name": "Set3", "source": "group", "userId": "Jm7Sm7th1gOtpG1IttvPPIBgUG83"}, {"avatar": "", "balance": -100, "breakdown": {"fromFriendships": 0, "fromGroups": [Object]}, "email": "set3@gmail.com", "groupId": "aWT0Jz1AlM6jmAKNBqJW", "groupName": "Home", "lastUpdated": 2025-08-01T22:53:09.413Z, "name": "Set3", "source": "group", "userId": "Jm7Sm7th1gOtpG1IttvPPIBgUG83"}]
 LOG  👥 Settlement balances after processing: 2 entries
 LOG  👥 Non-zero balances: 5
 LOG  👥 Settled friends added: 0
 LOG  👥 Detailed settlement balances: [{"balance": -100, "email": "set3@gmail.com", "groupId": "aWT0Jz1AlM6jmAKNBqJW", "groupName": "Home", "name": "Set3", "source": "group", "userId": "Jm7Sm7th1gOtpG1IttvPPIBgUG83"}, {"balance": 66.67, "email": "set2@gmail.com", "groupId": "rx01BYFAEivzEeCxd5bU", "groupName": "Office", "name": "Set2", "source": "group", "userId": "CsFleJon8thWdQ08rbztMJPsWAb2"}]
 LOG  🏷️  Rendering group card: Office
 LOG  💳 Group balance from map: 133.34
 LOG  📊 Display: owed 133.34
 LOG  🏷️  Rendering group card: Home
 LOG  💳 Group balance from map: -100
 LOG  📊 Display: owes 100
 LOG  ❌ GroupDetailsModal: Not rendering - visible: false localGroupData: true
 LOG  📧 Found 0 received email friend requests (existing users)
 LOG  📧 Found 0 received email friend requests (existing users)
 LOG  📧 Found 0 received email friend requests (existing users)
 LOG  📧 Found 0 received email friend requests (existing users)
 LOG  📧 Found 0 received email friend requests (existing users)
 LOG  📧 Found 1 email invitations (new users)
 LOG  📋 Email invitation (new user): {"fromUserId": "7EUSVFvzTicHY63vEFFKMqkJZKJ2", "id": "itgZL3iWPKpz6kBZm0oK", "status": "sent", "toEmail": "set4@gmail.com"}
 LOG  📧 Found 1 email invitations (new users)
 LOG  📋 Email invitation (new user): {"fromUserId": "7EUSVFvzTicHY63vEFFKMqkJZKJ2", "id": "itgZL3iWPKpz6kBZm0oK", "status": "sent", "toEmail": "set4@gmail.com"}
 LOG  📧 Found 1 email invitations (new users)
 LOG  📋 Email invitation (new user): {"fromUserId": "7EUSVFvzTicHY63vEFFKMqkJZKJ2", "id": "itgZL3iWPKpz6kBZm0oK", "status": "sent", "toEmail": "set4@gmail.com"}
 LOG  📧 Found 1 email invitations (new users)
 LOG  📋 Email invitation (new user): {"fromUserId": "7EUSVFvzTicHY63vEFFKMqkJZKJ2", "id": "itgZL3iWPKpz6kBZm0oK", "status": "sent", "toEmail": "set4@gmail.com"}
 LOG  📧 Found 1 email invitations (new users)
 LOG  📋 Email invitation (new user): {"fromUserId": "7EUSVFvzTicHY63vEFFKMqkJZKJ2", "id": "itgZL3iWPKpz6kBZm0oK", "status": "sent", "toEmail": "set4@gmail.com"}
 LOG  📱 Found 0 pending SMS/WhatsApp invitations
 LOG  ✅ Returning 1 total pending invitations: {"newEmailUsers": 1, "receivedExistingUsers": 0, "sentExistingUsers": 0, "smsWhatsApp": 0}
 LOG  Processing 4 friendships
 LOG  Processing 2 groups
 LOG  Processing group: Office with 3 members
 LOG  Skipping group balance for Set2 - already counted as friend
 LOG  Skipping group balance for Set3 - already counted as friend
 LOG  Processing group: Home with 3 members
 LOG  Skipping group balance for Set2 - already counted as friend
 LOG  Skipping group balance for Set3 - already counted as friend
 LOG  ✅ UNIFIED balance calculation complete: {"netBalance": 33.33, "relationships": 2, "totalOwed": 66.67, "totalOwing": 33.33}
 LOG  📱 Found 0 pending SMS/WhatsApp invitations
 LOG  ✅ Returning 1 total pending invitations: {"newEmailUsers": 1, "receivedExistingUsers": 0, "sentExistingUsers": 0, "smsWhatsApp": 0}
 LOG  ✅ useBalances: Refresh complete: {"detailCount": 2, "friendsCount": 4, "netBalance": 33.33, "totalOwed": 66.67, "totalOwing": 33.33}
 LOG  📱 Found 0 pending SMS/WhatsApp invitations
 LOG  ✅ Returning 1 total pending invitations: {"newEmailUsers": 1, "receivedExistingUsers": 0, "sentExistingUsers": 0, "smsWhatsApp": 0}
 LOG  Processing 4 friendships
 LOG  Processing 2 groups
 LOG  Processing group: Office with 3 members
 LOG  Skipping group balance for Set2 - already counted as friend
 LOG  Skipping group balance for Set3 - already counted as friend
 LOG  Processing group: Home with 3 members
 LOG  Skipping group balance for Set2 - already counted as friend
 LOG  Skipping group balance for Set3 - already counted as friend
 LOG  ✅ UNIFIED balance calculation complete: {"netBalance": 33.33, "relationships": 2, "totalOwed": 66.67, "totalOwing": 33.33}
 LOG  📱 Found 0 pending SMS/WhatsApp invitations
 LOG  ✅ Returning 1 total pending invitations: {"newEmailUsers": 1, "receivedExistingUsers": 0, "sentExistingUsers": 0, "smsWhatsApp": 0}
 LOG  ✅ useBalances: Refresh complete: {"detailCount": 2, "friendsCount": 4, "netBalance": 33.33, "totalOwed": 66.67, "totalOwing": 33.33}
 LOG  📱 Found 0 pending SMS/WhatsApp invitations
 LOG  ✅ Returning 1 total pending invitations: {"newEmailUsers": 1, "receivedExistingUsers": 0, "sentExistingUsers": 0, "smsWhatsApp": 0}
 LOG  Processing 4 friendships for settlement
 LOG  Processing 2 groups for settlement
 LOG  Processing settlement balances for group: Office with 3 members
 LOG  
🔍 === DETAILED BALANCE CALCULATION ===
 LOG  👤 User1 (You): 7EUSVFvzTicHY63vEFFKMqkJZKJ2
 LOG  👤 User2 (Them): CsFleJon8thWdQ08rbztMJPsWAb2
 LOG  🏢 Group: rx01BYFAEivzEeCxd5bU
 LOG  📊 useBalances: Current state: {"friendCount": 2, "friendsDataCount": 4, "groupMemberCount": 0, "netBalance": 33.33, "totalOwed": 66.67, "totalOwing": 33.33, "totalRelationships": 2}
 LOG  📊 useBalances: Friends breakdown: [{"balance": -33.33333333333333, "name": "Set3", "source": "friend"}, {"balance": 66.66666666666667, "name": "Set2", "source": "friend"}]
 LOG  📊 useBalances: Group members breakdown: []
 LOG  📊 useBalances: Current state: {"friendCount": 2, "friendsDataCount": 4, "groupMemberCount": 0, "netBalance": 33.33, "totalOwed": 66.67, "totalOwing": 33.33, "totalRelationships": 2}
 LOG  📊 useBalances: Friends breakdown: [{"balance": -33.33333333333333, "name": "Set3", "source": "friend"}, {"balance": 66.66666666666667, "name": "Set2", "source": "friend"}]
 LOG  📊 useBalances: Group members breakdown: []
 LOG  📋 Total expenses found: 1
 LOG  
💰 Expense 1: "Woolies"
 LOG  💵 Amount: 200
 LOG  💳 Paid by: 7EUSVFvzTicHY63vEFFKMqkJZKJ2
 LOG  📊 Split data: ["7EUSVFvzTicHY63vEFFKMqkJZKJ2: 66.66666666666667 (paid: false)", "CsFleJon8thWdQ08rbztMJPsWAb2: 66.66666666666667 (paid: false)", "Jm7Sm7th1gOtpG1IttvPPIBgUG83: 66.66666666666667 (paid: false)"]
 LOG  ➕ User2 owes User1: 66.66666666666667 (UNPAID)
 LOG  📊 Expense balance: 66.66666666666667
 LOG  📊 Running total: 66.66666666666667
 LOG  
✅ === FINAL RESULT ===
 LOG  🔢 Final balance: 66.67
 LOG  💭 Interpretation: User2 owes User1
 LOG  ===============================
 LOG  💰 Settlement: Set2 in Office: 66.67
 LOG  
🔍 === DETAILED BALANCE CALCULATION ===
 LOG  👤 User1 (You): 7EUSVFvzTicHY63vEFFKMqkJZKJ2
 LOG  👤 User2 (Them): Jm7Sm7th1gOtpG1IttvPPIBgUG83
 LOG  🏢 Group: rx01BYFAEivzEeCxd5bU
 LOG  📋 Total expenses found: 1
 LOG  
💰 Expense 1: "Woolies"
 LOG  💵 Amount: 200
 LOG  💳 Paid by: 7EUSVFvzTicHY63vEFFKMqkJZKJ2
 LOG  📊 Split data: ["7EUSVFvzTicHY63vEFFKMqkJZKJ2: 66.66666666666667 (paid: false)", "CsFleJon8thWdQ08rbztMJPsWAb2: 66.66666666666667 (paid: false)", "Jm7Sm7th1gOtpG1IttvPPIBgUG83: 66.66666666666667 (paid: false)"]
 LOG  ➕ User2 owes User1: 66.66666666666667 (UNPAID)
 LOG  📊 Expense balance: 66.66666666666667
 LOG  📊 Running total: 66.66666666666667
 LOG  
✅ === FINAL RESULT ===
 LOG  🔢 Final balance: 66.67
 LOG  💭 Interpretation: User2 owes User1
 LOG  ===============================
 LOG  💰 Settlement: Set3 in Office: 66.67
 LOG  Processing settlement balances for group: Home with 3 members
 LOG  
🔍 === DETAILED BALANCE CALCULATION ===
 LOG  👤 User1 (You): 7EUSVFvzTicHY63vEFFKMqkJZKJ2
 LOG  👤 User2 (Them): CsFleJon8thWdQ08rbztMJPsWAb2
 LOG  🏢 Group: aWT0Jz1AlM6jmAKNBqJW
 LOG  📋 Total expenses found: 4
 LOG  
💰 Expense 1: "Myer"
 LOG  💵 Amount: 320
 LOG  💳 Paid by: CsFleJon8thWdQ08rbztMJPsWAb2
 LOG  📊 Split data: ["7EUSVFvzTicHY63vEFFKMqkJZKJ2: 106.66666666666667 (paid: true)", "CsFleJon8thWdQ08rbztMJPsWAb2: 106.66666666666667 (paid: false)", "Jm7Sm7th1gOtpG1IttvPPIBgUG83: 106.66666666666667 (paid: false)"]
 LOG  ✅ User1 split: 106.66666666666667 (ALREADY PAID)
 LOG  📊 Expense balance: 0
 LOG  📊 Running total: 0
 LOG  
💰 Expense 2: "Coles"
 LOG  💵 Amount: 200
 LOG  💳 Paid by: Jm7Sm7th1gOtpG1IttvPPIBgUG83
 LOG  📊 Split data: ["7EUSVFvzTicHY63vEFFKMqkJZKJ2: 100 (paid: false)", "Jm7Sm7th1gOtpG1IttvPPIBgUG83: 100 (paid: false)"]
 LOG  👥 Someone else paid (Jm7Sm7th1gOtpG1IttvPPIBgUG83) - no direct balance impact
 LOG  📊 Expense balance: 0
 LOG  📊 Running total: 0
 LOG  
💰 Expense 3: "Icecream"
 LOG  💵 Amount: 250
 LOG  💳 Paid by: CsFleJon8thWdQ08rbztMJPsWAb2
 LOG  📊 Split data: ["7EUSVFvzTicHY63vEFFKMqkJZKJ2: 83.33333333333333 (paid: true)", "CsFleJon8thWdQ08rbztMJPsWAb2: 83.33333333333333 (paid: false)", "Jm7Sm7th1gOtpG1IttvPPIBgUG83: 83.33333333333333 (paid: false)"]
 LOG  ✅ User1 split: 83.33333333333333 (ALREADY PAID)
 LOG  📊 Expense balance: 0
 LOG  📊 Running total: 0
 LOG  
💰 Expense 4: "Dinner"
 LOG  💵 Amount: 150
 LOG  💳 Paid by: 7EUSVFvzTicHY63vEFFKMqkJZKJ2
 LOG  📊 Split data: ["7EUSVFvzTicHY63vEFFKMqkJZKJ2: 50 (paid: false)", "CsFleJon8thWdQ08rbztMJPsWAb2: 50 (paid: true)", "Jm7Sm7th1gOtpG1IttvPPIBgUG83: 50 (paid: true)"]
 LOG  ✅ User2 split: 50 (ALREADY PAID)
 LOG  📊 Expense balance: 0
 LOG  📊 Running total: 0
 LOG  
✅ === FINAL RESULT ===
 LOG  🔢 Final balance: 0
 LOG  💭 Interpretation: No balance
 LOG  ===============================
 LOG  
🔍 === DETAILED BALANCE CALCULATION ===
 LOG  👤 User1 (You): 7EUSVFvzTicHY63vEFFKMqkJZKJ2
 LOG  👤 User2 (Them): Jm7Sm7th1gOtpG1IttvPPIBgUG83
 LOG  🏢 Group: aWT0Jz1AlM6jmAKNBqJW
 LOG  📋 Total expenses found: 4
 LOG  
💰 Expense 1: "Myer"
 LOG  💵 Amount: 320
 LOG  💳 Paid by: CsFleJon8thWdQ08rbztMJPsWAb2
 LOG  📊 Split data: ["7EUSVFvzTicHY63vEFFKMqkJZKJ2: 106.66666666666667 (paid: true)", "CsFleJon8thWdQ08rbztMJPsWAb2: 106.66666666666667 (paid: false)", "Jm7Sm7th1gOtpG1IttvPPIBgUG83: 106.66666666666667 (paid: false)"]
 LOG  👥 Someone else paid (CsFleJon8thWdQ08rbztMJPsWAb2) - no direct balance impact
 LOG  📊 Expense balance: 0
 LOG  📊 Running total: 0
 LOG  
💰 Expense 2: "Coles"
 LOG  💵 Amount: 200
 LOG  💳 Paid by: Jm7Sm7th1gOtpG1IttvPPIBgUG83
 LOG  📊 Split data: ["7EUSVFvzTicHY63vEFFKMqkJZKJ2: 100 (paid: false)", "Jm7Sm7th1gOtpG1IttvPPIBgUG83: 100 (paid: false)"]
 LOG  ➖ User1 owes User2: 100 (UNPAID)
 LOG  📊 Expense balance: -100
 LOG  📊 Running total: -100
 LOG  
💰 Expense 3: "Icecream"
 LOG  💵 Amount: 250
 LOG  💳 Paid by: CsFleJon8thWdQ08rbztMJPsWAb2
 LOG  📊 Split data: ["7EUSVFvzTicHY63vEFFKMqkJZKJ2: 83.33333333333333 (paid: true)", "CsFleJon8thWdQ08rbztMJPsWAb2: 83.33333333333333 (paid: false)", "Jm7Sm7th1gOtpG1IttvPPIBgUG83: 83.33333333333333 (paid: false)"]
 LOG  👥 Someone else paid (CsFleJon8thWdQ08rbztMJPsWAb2) - no direct balance impact
 LOG  📊 Expense balance: 0
 LOG  📊 Running total: -100
 LOG  
💰 Expense 4: "Dinner"
 LOG  💵 Amount: 150
 LOG  💳 Paid by: 7EUSVFvzTicHY63vEFFKMqkJZKJ2
 LOG  📊 Split data: ["7EUSVFvzTicHY63vEFFKMqkJZKJ2: 50 (paid: false)", "CsFleJon8thWdQ08rbztMJPsWAb2: 50 (paid: true)", "Jm7Sm7th1gOtpG1IttvPPIBgUG83: 50 (paid: true)"]
 LOG  ✅ User2 split: 50 (ALREADY PAID)
 LOG  📊 Expense balance: 0
 LOG  📊 Running total: -100
 LOG  
✅ === FINAL RESULT ===
 LOG  🔢 Final balance: -100
 LOG  💭 Interpretation: User1 owes User2
 LOG  ===============================
 LOG  💰 Settlement: Set3 in Home: -100
 LOG  ✅ SETTLEMENT balance calculation complete: {"friendEntries": 2, "groupEntries": 3, "totalEntries": 5}
 LOG  📊 Raw settlement balances from friendsBalances: [{"avatar": "", "balance": -33.33333333333333, "breakdown": {"fromFriendships": -33.33333333333333, "fromGroups": [Object]}, "email": "set3@gmail.com", "lastUpdated": [Object], "name": "Set3", "source": "friend", "userId": "Jm7Sm7th1gOtpG1IttvPPIBgUG83"}, {"avatar": "", "balance": 66.66666666666667, "breakdown": {"fromFriendships": 66.66666666666667, "fromGroups": [Object]}, "email": "set2@gmail.com", "lastUpdated": [Object], "name": "Set2", "source": "friend", "userId": "CsFleJon8thWdQ08rbztMJPsWAb2"}, {"avatar": "", "balance": 66.67, "breakdown": {"fromFriendships": 0, "fromGroups": [Object]}, "email": "set2@gmail.com", "groupId": "rx01BYFAEivzEeCxd5bU", "groupName": "Office", "lastUpdated": 2025-08-01T22:53:09.722Z, "name": "Set2", "source": "group", "userId": "CsFleJon8thWdQ08rbztMJPsWAb2"}, {"avatar": "", "balance": 66.67, "breakdown": {"fromFriendships": 0, "fromGroups": [Object]}, "email": "set3@gmail.com", "groupId": "rx01BYFAEivzEeCxd5bU", "groupName": "Office", "lastUpdated": 2025-08-01T22:53:09.805Z, "name": "Set3", "source": "group", "userId": "Jm7Sm7th1gOtpG1IttvPPIBgUG83"}, {"avatar": "", "balance": -100, "breakdown": {"fromFriendships": 0, "fromGroups": [Object]}, "email": "set3@gmail.com", "groupId": "aWT0Jz1AlM6jmAKNBqJW", "groupName": "Home", "lastUpdated": 2025-08-01T22:53:10.013Z, "name": "Set3", "source": "group", "userId": "Jm7Sm7th1gOtpG1IttvPPIBgUG83"}]
 LOG  👥 Settlement balances after processing: 2 entries
 LOG  👥 Non-zero balances: 5
 LOG  👥 Settled friends added: 0
 LOG  👥 Detailed settlement balances: [{"balance": -100, "email": "set3@gmail.com", "groupId": "aWT0Jz1AlM6jmAKNBqJW", "groupName": "Home", "name": "Set3", "source": "group", "userId": "Jm7Sm7th1gOtpG1IttvPPIBgUG83"}, {"balance": 66.67, "email": "set2@gmail.com", "groupId": "rx01BYFAEivzEeCxd5bU", "groupName": "Office", "name": "Set2", "source": "group", "userId": "CsFleJon8thWdQ08rbztMJPsWAb2"}]
 LOG  🏷️  Rendering group card: Office
 LOG  💳 Group balance from map: 133.34
 LOG  📊 Display: owed 133.34
 LOG  🏷️  Rendering group card: Home
 LOG  💳 Group balance from map: -100
 LOG  📊 Display: owes 100
 LOG  ❌ GroupDetailsModal: Not rendering - visible: false localGroupData: true
 LOG  🔄 Getting group balance overview for group: aWT0Jz1AlM6jmAKNBqJW
 LOG  💰 Found 4 expenses in group Home
 LOG  👥 Active members in group: 3
 LOG  � Processing expense: Myer - $320 paid by CsFleJon8thWdQ08rbztMJPsWAb2
 LOG  📊 Split data: ["7EUSVFvzTicHY63vEFFKMqkJZKJ2: 106.66666666666667 (paid: true)", "CsFleJon8thWdQ08rbztMJPsWAb2: 106.66666666666667 (paid: false)", "Jm7Sm7th1gOtpG1IttvPPIBgUG83: 106.66666666666667 (paid: false)"]
 LOG  � Processing expense: Coles - $200 paid by Jm7Sm7th1gOtpG1IttvPPIBgUG83
 LOG  📊 Split data: ["7EUSVFvzTicHY63vEFFKMqkJZKJ2: 100 (paid: false)", "Jm7Sm7th1gOtpG1IttvPPIBgUG83: 100 (paid: false)"]
 LOG  � Processing expense: Icecream - $250 paid by CsFleJon8thWdQ08rbztMJPsWAb2
 LOG  📊 Split data: ["7EUSVFvzTicHY63vEFFKMqkJZKJ2: 83.33333333333333 (paid: true)", "CsFleJon8thWdQ08rbztMJPsWAb2: 83.33333333333333 (paid: false)", "Jm7Sm7th1gOtpG1IttvPPIBgUG83: 83.33333333333333 (paid: false)"]
 LOG  � Processing expense: Dinner - $150 paid by 7EUSVFvzTicHY63vEFFKMqkJZKJ2
 LOG  📊 Split data: ["7EUSVFvzTicHY63vEFFKMqkJZKJ2: 50 (paid: false)", "CsFleJon8thWdQ08rbztMJPsWAb2: 50 (paid: true)", "Jm7Sm7th1gOtpG1IttvPPIBgUG83: 50 (paid: true)"]
 LOG  💰 Calculated member balances:
 LOG    Set: $-190.00
 LOG    Set2: $330.00
 LOG    Set3: $-140.00
 LOG  ✅ Group balance overview calculated from expenses: {"groupName": "Home", "isBalanced": true, "memberBalances": [{"balance": -190, "name": "Set"}, {"balance": 330, "name": "Set2"}, {"balance": -140, "name": "Set3"}], "memberCount": 3, "netBalance": 0, "totalGroupCredit": 330, "totalGroupDebt": 330}
 LOG  🔄 Getting group balance overview for group: aWT0Jz1AlM6jmAKNBqJW
 LOG  💰 Found 4 expenses in group Home
 LOG  👥 Active members in group: 3
 LOG  � Processing expense: Myer - $320 paid by CsFleJon8thWdQ08rbztMJPsWAb2
 LOG  📊 Split data: ["7EUSVFvzTicHY63vEFFKMqkJZKJ2: 106.66666666666667 (paid: true)", "CsFleJon8thWdQ08rbztMJPsWAb2: 106.66666666666667 (paid: false)", "Jm7Sm7th1gOtpG1IttvPPIBgUG83: 106.66666666666667 (paid: false)"]
 LOG  � Processing expense: Coles - $200 paid by Jm7Sm7th1gOtpG1IttvPPIBgUG83
 LOG  📊 Split data: ["7EUSVFvzTicHY63vEFFKMqkJZKJ2: 100 (paid: false)", "Jm7Sm7th1gOtpG1IttvPPIBgUG83: 100 (paid: false)"]
 LOG  � Processing expense: Icecream - $250 paid by CsFleJon8thWdQ08rbztMJPsWAb2
 LOG  📊 Split data: ["7EUSVFvzTicHY63vEFFKMqkJZKJ2: 83.33333333333333 (paid: true)", "CsFleJon8thWdQ08rbztMJPsWAb2: 83.33333333333333 (paid: false)", "Jm7Sm7th1gOtpG1IttvPPIBgUG83: 83.33333333333333 (paid: false)"]
 LOG  � Processing expense: Dinner - $150 paid by 7EUSVFvzTicHY63vEFFKMqkJZKJ2
 LOG  📊 Split data: ["7EUSVFvzTicHY63vEFFKMqkJZKJ2: 50 (paid: false)", "CsFleJon8thWdQ08rbztMJPsWAb2: 50 (paid: true)", "Jm7Sm7th1gOtpG1IttvPPIBgUG83: 50 (paid: true)"]
 LOG  💰 Calculated member balances:
 LOG    Set: $-190.00
 LOG    Set2: $330.00
 LOG    Set3: $-140.00
 LOG  ✅ Group balance overview calculated from expenses: {"groupName": "Home", "isBalanced": true, "memberBalances": [{"balance": -190, "name": "Set"}, {"balance": 330, "name": "Set2"}, {"balance": -140, "name": "Set3"}], "memberCount": 3, "netBalance": 0, "totalGroupCredit": 330, "totalGroupDebt": 330}
 LOG  🔄 DEBUG: Group settlement calculation for group: aWT0Jz1AlM6jmAKNBqJW
 LOG  👥 DEBUG: Found 3 active members in group
 LOG  🔧 DEBUG: Using consolidated friend balances (matching UnifiedSettlementScreen logic)
 LOG  🔍 DEBUG: Getting consolidated balances for user Set (7EUSVFvzTicHY63vEFFKMqkJZKJ2)
 LOG  🔍 Fetching pending invitations for user: 7EUSVFvzTicHY63vEFFKMqkJZKJ2
 LOG  📧 Found 0 sent email friend requests (existing users)
 LOG  📧 Found 0 received email friend requests (existing users)
 LOG  📧 Found 1 email invitations (new users)
 LOG  📋 Email invitation (new user): {"fromUserId": "7EUSVFvzTicHY63vEFFKMqkJZKJ2", "id": "itgZL3iWPKpz6kBZm0oK", "status": "sent", "toEmail": "set4@gmail.com"}
 LOG  📱 Found 0 pending SMS/WhatsApp invitations
 LOG  ✅ Returning 1 total pending invitations: {"newEmailUsers": 1, "receivedExistingUsers": 0, "sentExistingUsers": 0, "smsWhatsApp": 0}
 LOG  📊 DEBUG: User has 4 friends total
 LOG  🤝 DEBUG: Found friendship balance between Set and Set2: 66.66666666666667
 LOG  📊 DEBUG: Updated Set total balance to: 66.66666666666667
 LOG  🤝 DEBUG: Found friendship balance between Set and Set3: -33.33333333333333
 LOG  📊 DEBUG: Updated Set total balance to: 33.33333333333334
 LOG  🔍 DEBUG: Getting consolidated balances for user Set2 (CsFleJon8thWdQ08rbztMJPsWAb2)
 LOG  🔍 Fetching pending invitations for user: CsFleJon8thWdQ08rbztMJPsWAb2
 LOG  📧 Found 0 sent email friend requests (existing users)
 LOG  📧 Found 0 received email friend requests (existing users)
 LOG  📧 Found 0 email invitations (new users)
 LOG  📱 Found 0 pending SMS/WhatsApp invitations
 LOG  ✅ Returning 0 total pending invitations: {"newEmailUsers": 0, "receivedExistingUsers": 0, "sentExistingUsers": 0, "smsWhatsApp": 0}
 LOG  📊 DEBUG: User has 3 friends total
 LOG  🤝 DEBUG: Found friendship balance between Set2 and Set: -66.66666666666667
 LOG  📊 DEBUG: Updated Set2 total balance to: -66.66666666666667
 LOG  🤝 DEBUG: Found friendship balance between Set2 and Set3: 190
 LOG  📊 DEBUG: Updated Set2 total balance to: 123.33333333333333
 LOG  🔍 DEBUG: Getting consolidated balances for user Set3 (Jm7Sm7th1gOtpG1IttvPPIBgUG83)
 LOG  🔍 Fetching pending invitations for user: Jm7Sm7th1gOtpG1IttvPPIBgUG83
 LOG  📧 Found 0 sent email friend requests (existing users)
 LOG  📧 Found 0 received email friend requests (existing users)
 LOG  📧 Found 0 email invitations (new users)
 LOG  📱 Found 0 pending SMS/WhatsApp invitations
 LOG  ✅ Returning 0 total pending invitations: {"newEmailUsers": 0, "receivedExistingUsers": 0, "sentExistingUsers": 0, "smsWhatsApp": 0}
 LOG  📊 DEBUG: User has 2 friends total
 LOG  🤝 DEBUG: Found friendship balance between Set3 and Set: 33.33333333333333
 LOG  📊 DEBUG: Updated Set3 total balance to: 33.33333333333333
 LOG  🤝 DEBUG: Found friendship balance between Set3 and Set2: -190
 LOG  📊 DEBUG: Updated Set3 total balance to: -156.66666666666669
 LOG  📊 DEBUG: Final consolidated balances:
 LOG    Set: $33.33
 LOG    Set2: $123.33
 LOG    Set3: $-156.67
 LOG  💰 DEBUG: Found 2 creditors (owed money) and 1 debtors (owe money)
 LOG  💸 DEBUG: Settlement suggestion: Set3 pays $123.33 to Set2
 LOG  💸 DEBUG: Settlement suggestion: Set3 pays $33.33 to Set
 LOG  ✅ DEBUG: Generated 2 settlement suggestions using consolidated balances
 LOG  🔄 GroupBalanceOverviewModal: Settlement suggestions received: [{"amount": 123.33, "fromUserAvatar": "", "fromUserId": "Jm7Sm7th1gOtpG1IttvPPIBgUG83", "fromUserName": "Set3", "toUserAvatar": "", "toUserId": "CsFleJon8thWdQ08rbztMJPsWAb2", "toUserName": "Set2"}, {"amount": 33.33, "fromUserAvatar": "", "fromUserId": "Jm7Sm7th1gOtpG1IttvPPIBgUG83", "fromUserName": "Set3", "toUserAvatar": "", "toUserId": "7EUSVFvzTicHY63vEFFKMqkJZKJ2", "toUserName": "Set"}]
 LOG  💸 Settlement 1: Set3 pays $123.33 to Set2
 LOG     fromUserId: Jm7Sm7th1gOtpG1IttvPPIBgUG83, toUserId: CsFleJon8thWdQ08rbztMJPsWAb2
 LOG  💸 Settlement 2: Set3 pays $33.33 to Set
 LOG     fromUserId: Jm7Sm7th1gOtpG1IttvPPIBgUG83, toUserId: 7EUSVFvzTicHY63vEFFKMqkJZKJ2
 LOG  🔄 Getting group balance overview for group: aWT0Jz1AlM6jmAKNBqJW
 LOG  💰 Found 4 expenses in group Home
 LOG  👥 Active members in group: 3
 LOG  � Processing expense: Myer - $320 paid by CsFleJon8thWdQ08rbztMJPsWAb2
 LOG  📊 Split data: ["7EUSVFvzTicHY63vEFFKMqkJZKJ2: 106.66666666666667 (paid: true)", "CsFleJon8thWdQ08rbztMJPsWAb2: 106.66666666666667 (paid: false)", "Jm7Sm7th1gOtpG1IttvPPIBgUG83: 106.66666666666667 (paid: false)"]
 LOG  � Processing expense: Coles - $200 paid by Jm7Sm7th1gOtpG1IttvPPIBgUG83
 LOG  📊 Split data: ["7EUSVFvzTicHY63vEFFKMqkJZKJ2: 100 (paid: false)", "Jm7Sm7th1gOtpG1IttvPPIBgUG83: 100 (paid: false)"]
 LOG  � Processing expense: Icecream - $250 paid by CsFleJon8thWdQ08rbztMJPsWAb2
 LOG  📊 Split data: ["7EUSVFvzTicHY63vEFFKMqkJZKJ2: 83.33333333333333 (paid: true)", "CsFleJon8thWdQ08rbztMJPsWAb2: 83.33333333333333 (paid: false)", "Jm7Sm7th1gOtpG1IttvPPIBgUG83: 83.33333333333333 (paid: false)"]
 LOG  � Processing expense: Dinner - $150 paid by 7EUSVFvzTicHY63vEFFKMqkJZKJ2
 LOG  📊 Split data: ["7EUSVFvzTicHY63vEFFKMqkJZKJ2: 50 (paid: false)", "CsFleJon8thWdQ08rbztMJPsWAb2: 50 (paid: true)", "Jm7Sm7th1gOtpG1IttvPPIBgUG83: 50 (paid: true)"]
 LOG  💰 Calculated member balances:
 LOG    Set: $-190.00
 LOG    Set2: $330.00
 LOG    Set3: $-140.00
 LOG  ✅ Group balance overview calculated from expenses: {"groupName": "Home", "isBalanced": true, "memberBalances": [{"balance": -190, "name": "Set"}, {"balance": 330, "name": "Set2"}, {"balance": -140, "name": "Set3"}], "memberCount": 3, "netBalance": 0, "totalGroupCredit": 330, "totalGroupDebt": 330}
 LOG  🔄 Getting group balance overview for group: aWT0Jz1AlM6jmAKNBqJW
 LOG  💰 Found 4 expenses in group Home
 LOG  👥 Active members in group: 3
 LOG  � Processing expense: Myer - $320 paid by CsFleJon8thWdQ08rbztMJPsWAb2
 LOG  📊 Split data: ["7EUSVFvzTicHY63vEFFKMqkJZKJ2: 106.66666666666667 (paid: true)", "CsFleJon8thWdQ08rbztMJPsWAb2: 106.66666666666667 (paid: false)", "Jm7Sm7th1gOtpG1IttvPPIBgUG83: 106.66666666666667 (paid: false)"]
 LOG  � Processing expense: Coles - $200 paid by Jm7Sm7th1gOtpG1IttvPPIBgUG83
 LOG  📊 Split data: ["7EUSVFvzTicHY63vEFFKMqkJZKJ2: 100 (paid: false)", "Jm7Sm7th1gOtpG1IttvPPIBgUG83: 100 (paid: false)"]
 LOG  � Processing expense: Icecream - $250 paid by CsFleJon8thWdQ08rbztMJPsWAb2
 LOG  📊 Split data: ["7EUSVFvzTicHY63vEFFKMqkJZKJ2: 83.33333333333333 (paid: true)", "CsFleJon8thWdQ08rbztMJPsWAb2: 83.33333333333333 (paid: false)", "Jm7Sm7th1gOtpG1IttvPPIBgUG83: 83.33333333333333 (paid: false)"]
 LOG  � Processing expense: Dinner - $150 paid by 7EUSVFvzTicHY63vEFFKMqkJZKJ2
 LOG  📊 Split data: ["7EUSVFvzTicHY63vEFFKMqkJZKJ2: 50 (paid: false)", "CsFleJon8thWdQ08rbztMJPsWAb2: 50 (paid: true)", "Jm7Sm7th1gOtpG1IttvPPIBgUG83: 50 (paid: true)"]
 LOG  💰 Calculated member balances:
 LOG    Set: $-190.00
 LOG    Set2: $330.00
 LOG    Set3: $-140.00
 LOG  ✅ Group balance overview calculated from expenses: {"groupName": "Home", "isBalanced": true, "memberBalances": [{"balance": -190, "name": "Set"}, {"balance": 330, "name": "Set2"}, {"balance": -140, "name": "Set3"}], "memberCount": 3, "netBalance": 0, "totalGroupCredit": 330, "totalGroupDebt": 330}
 LOG  🔄 DEBUG: Group settlement calculation for group: aWT0Jz1AlM6jmAKNBqJW
 LOG  👥 DEBUG: Found 3 active members in group
 LOG  🔧 DEBUG: Using consolidated friend balances (matching UnifiedSettlementScreen logic)
 LOG  🔍 DEBUG: Getting consolidated balances for user Set (7EUSVFvzTicHY63vEFFKMqkJZKJ2)
 LOG  🔍 Fetching pending invitations for user: 7EUSVFvzTicHY63vEFFKMqkJZKJ2
 LOG  📧 Found 0 sent email friend requests (existing users)
 LOG  📧 Found 0 received email friend requests (existing users)
 LOG  📧 Found 1 email invitations (new users)
 LOG  📋 Email invitation (new user): {"fromUserId": "7EUSVFvzTicHY63vEFFKMqkJZKJ2", "id": "itgZL3iWPKpz6kBZm0oK", "status": "sent", "toEmail": "set4@gmail.com"}
 LOG  📱 Found 0 pending SMS/WhatsApp invitations
 LOG  ✅ Returning 1 total pending invitations: {"newEmailUsers": 1, "receivedExistingUsers": 0, "sentExistingUsers": 0, "smsWhatsApp": 0}
 LOG  📊 DEBUG: User has 4 friends total
 LOG  🤝 DEBUG: Found friendship balance between Set and Set2: 66.66666666666667
 LOG  📊 DEBUG: Updated Set total balance to: 66.66666666666667
 LOG  🤝 DEBUG: Found friendship balance between Set and Set3: -33.33333333333333
 LOG  📊 DEBUG: Updated Set total balance to: 33.33333333333334
 LOG  🔍 DEBUG: Getting consolidated balances for user Set2 (CsFleJon8thWdQ08rbztMJPsWAb2)
 LOG  🔍 Fetching pending invitations for user: CsFleJon8thWdQ08rbztMJPsWAb2
 LOG  📧 Found 0 sent email friend requests (existing users)
 LOG  📧 Found 0 received email friend requests (existing users)
 LOG  📧 Found 0 email invitations (new users)
 LOG  📱 Found 0 pending SMS/WhatsApp invitations
 LOG  ✅ Returning 0 total pending invitations: {"newEmailUsers": 0, "receivedExistingUsers": 0, "sentExistingUsers": 0, "smsWhatsApp": 0}
 LOG  📊 DEBUG: User has 3 friends total
 LOG  🤝 DEBUG: Found friendship balance between Set2 and Set: -66.66666666666667
 LOG  📊 DEBUG: Updated Set2 total balance to: -66.66666666666667
 LOG  🤝 DEBUG: Found friendship balance between Set2 and Set3: 190
 LOG  📊 DEBUG: Updated Set2 total balance to: 123.33333333333333
 LOG  🔍 DEBUG: Getting consolidated balances for user Set3 (Jm7Sm7th1gOtpG1IttvPPIBgUG83)
 LOG  🔍 Fetching pending invitations for user: Jm7Sm7th1gOtpG1IttvPPIBgUG83
 LOG  📧 Found 0 sent email friend requests (existing users)
 LOG  📧 Found 0 received email friend requests (existing users)
 LOG  📧 Found 0 email invitations (new users)
 LOG  📱 Found 0 pending SMS/WhatsApp invitations
 LOG  ✅ Returning 0 total pending invitations: {"newEmailUsers": 0, "receivedExistingUsers": 0, "sentExistingUsers": 0, "smsWhatsApp": 0}
 LOG  📊 DEBUG: User has 2 friends total
 LOG  🤝 DEBUG: Found friendship balance between Set3 and Set: 33.33333333333333
 LOG  📊 DEBUG: Updated Set3 total balance to: 33.33333333333333
 LOG  🤝 DEBUG: Found friendship balance between Set3 and Set2: -190
 LOG  📊 DEBUG: Updated Set3 total balance to: -156.66666666666669
 LOG  📊 DEBUG: Final consolidated balances:
 LOG    Set: $33.33
 LOG    Set2: $123.33
 LOG    Set3: $-156.67
 LOG  💰 DEBUG: Found 2 creditors (owed money) and 1 debtors (owe money)
 LOG  💸 DEBUG: Settlement suggestion: Set3 pays $123.33 to Set2
 LOG  💸 DEBUG: Settlement suggestion: Set3 pays $33.33 to Set
 LOG  ✅ DEBUG: Generated 2 settlement suggestions using consolidated balances
 LOG  🔄 GroupBalanceOverviewModal: Settlement suggestions received: [{"amount": 123.33, "fromUserAvatar": "", "fromUserId": "Jm7Sm7th1gOtpG1IttvPPIBgUG83", "fromUserName": "Set3", "toUserAvatar": "", "toUserId": "CsFleJon8thWdQ08rbztMJPsWAb2", "toUserName": "Set2"}, {"amount": 33.33, "fromUserAvatar": "", "fromUserId": "Jm7Sm7th1gOtpG1IttvPPIBgUG83", "fromUserName": "Set3", "toUserAvatar": "", "toUserId": "7EUSVFvzTicHY63vEFFKMqkJZKJ2", "toUserName": "Set"}]
 LOG  💸 Settlement 1: Set3 pays $123.33 to Set2
 LOG     fromUserId: Jm7Sm7th1gOtpG1IttvPPIBgUG83, toUserId: CsFleJon8thWdQ08rbztMJPsWAb2
 LOG  💸 Settlement 2: Set3 pays $33.33 to Set
 LOG     fromUserId: Jm7Sm7th1gOtpG1IttvPPIBgUG83, toUserId: 7EUSVFvzTicHY63vEFFKMqkJZKJ2
 LOG  🔄 useBalances: Refreshing with UnifiedSettlementService
 LOG  🔄 Calculating UNIFIED balances for user: 7EUSVFvzTicHY63vEFFKMqkJZKJ2
 LOG  🔄 useBalances: Refreshing with UnifiedSettlementService
 LOG  🔄 Calculating UNIFIED balances for user: 7EUSVFvzTicHY63vEFFKMqkJZKJ2
 LOG  ✅ Friends updated, notifying unified balance system
 LOG  🔔 useBalances: Balance change notification received
 LOG  🔄 useBalances: Refreshing with UnifiedSettlementService
 LOG  🔄 Calculating UNIFIED balances for user: 7EUSVFvzTicHY63vEFFKMqkJZKJ2
 LOG  🔔 useBalances: Balance change notification received
 LOG  🔄 useBalances: Refreshing with UnifiedSettlementService
 LOG  🔄 Calculating UNIFIED balances for user: 7EUSVFvzTicHY63vEFFKMqkJZKJ2
 LOG  🔄 FriendsManager: Fetching fresh friends data from Firebase
 LOG  🏷️  Rendering group card: Office
 LOG  💳 Group balance from map: 133.34
 LOG  📊 Display: owed 133.34
 LOG  🏷️  Rendering group card: Home
 LOG  💳 Group balance from map: -100
 LOG  📊 Display: owes 100
 LOG  ❌ GroupDetailsModal: Not rendering - visible: false localGroupData: true
 LOG  🔄 Loading settlement balances for user: 7EUSVFvzTicHY63vEFFKMqkJZKJ2
 LOG  🔄 Calculating SETTLEMENT balances for user: 7EUSVFvzTicHY63vEFFKMqkJZKJ2
 LOG  🔍 Fetching pending invitations for user: 7EUSVFvzTicHY63vEFFKMqkJZKJ2
 LOG  🔍 Fetching pending invitations for user: 7EUSVFvzTicHY63vEFFKMqkJZKJ2
 LOG  🔍 Fetching pending invitations for user: 7EUSVFvzTicHY63vEFFKMqkJZKJ2
 LOG  🔍 Fetching pending invitations for user: 7EUSVFvzTicHY63vEFFKMqkJZKJ2
 LOG  🔍 Fetching pending invitations for user: 7EUSVFvzTicHY63vEFFKMqkJZKJ2
 LOG  🔍 Fetching pending invitations for user: 7EUSVFvzTicHY63vEFFKMqkJZKJ2
 LOG  🔍 Fetching pending invitations for user: 7EUSVFvzTicHY63vEFFKMqkJZKJ2
 LOG  🔍 Fetching pending invitations for user: 7EUSVFvzTicHY63vEFFKMqkJZKJ2
 LOG  🔍 Fetching pending invitations for user: 7EUSVFvzTicHY63vEFFKMqkJZKJ2
 LOG  🔍 Fetching pending invitations for user: 7EUSVFvzTicHY63vEFFKMqkJZKJ2
 LOG  📧 Found 0 sent email friend requests (existing users)
 LOG  📧 Found 0 sent email friend requests (existing users)
 LOG  📧 Found 0 sent email friend requests (existing users)
 LOG  📧 Found 0 sent email friend requests (existing users)
 LOG  📧 Found 0 sent email friend requests (existing users)
 LOG  📧 Found 0 sent email friend requests (existing users)
 LOG  📧 Found 0 sent email friend requests (existing users)
 LOG  📧 Found 0 sent email friend requests (existing users)
 LOG  📧 Found 0 sent email friend requests (existing users)
 LOG  📧 Found 0 sent email friend requests (existing users)
 LOG  🏷️  Rendering group card: Office
 LOG  💳 Group balance from map: 133.34
 LOG  📊 Display: owed 133.34
 LOG  🏷️  Rendering group card: Home
 LOG  💳 Group balance from map: -100
 LOG  📊 Display: owes 100
 LOG  ❌ GroupDetailsModal: Not rendering - visible: false localGroupData: true
 LOG  🏷️  Rendering group card: Office
 LOG  💳 Group balance from map: 133.34
 LOG  📊 Display: owed 133.34
 LOG  🏷️  Rendering group card: Home
 LOG  💳 Group balance from map: -100
 LOG  📊 Display: owes 100
 LOG  ❌ GroupDetailsModal: Not rendering - visible: false localGroupData: true
 LOG  📧 Found 0 received email friend requests (existing users)
 LOG  📧 Found 0 received email friend requests (existing users)
 LOG  📧 Found 0 received email friend requests (existing users)
 LOG  📧 Found 0 received email friend requests (existing users)
 LOG  📧 Found 0 received email friend requests (existing users)
 LOG  📧 Found 0 received email friend requests (existing users)
 LOG  📧 Found 0 received email friend requests (existing users)
 LOG  📧 Found 0 received email friend requests (existing users)
 LOG  📧 Found 0 received email friend requests (existing users)
 LOG  📧 Found 0 received email friend requests (existing users)
 LOG  📧 Found 1 email invitations (new users)
 LOG  📋 Email invitation (new user): {"fromUserId": "7EUSVFvzTicHY63vEFFKMqkJZKJ2", "id": "itgZL3iWPKpz6kBZm0oK", "status": "sent", "toEmail": "set4@gmail.com"}
 LOG  📧 Found 1 email invitations (new users)
 LOG  📋 Email invitation (new user): {"fromUserId": "7EUSVFvzTicHY63vEFFKMqkJZKJ2", "id": "itgZL3iWPKpz6kBZm0oK", "status": "sent", "toEmail": "set4@gmail.com"}
 LOG  📧 Found 1 email invitations (new users)
 LOG  📋 Email invitation (new user): {"fromUserId": "7EUSVFvzTicHY63vEFFKMqkJZKJ2", "id": "itgZL3iWPKpz6kBZm0oK", "status": "sent", "toEmail": "set4@gmail.com"}
 LOG  📧 Found 1 email invitations (new users)
 LOG  📋 Email invitation (new user): {"fromUserId": "7EUSVFvzTicHY63vEFFKMqkJZKJ2", "id": "itgZL3iWPKpz6kBZm0oK", "status": "sent", "toEmail": "set4@gmail.com"}
 LOG  📧 Found 1 email invitations (new users)
 LOG  📋 Email invitation (new user): {"fromUserId": "7EUSVFvzTicHY63vEFFKMqkJZKJ2", "id": "itgZL3iWPKpz6kBZm0oK", "status": "sent", "toEmail": "set4@gmail.com"}
 LOG  📧 Found 1 email invitations (new users)
 LOG  📋 Email invitation (new user): {"fromUserId": "7EUSVFvzTicHY63vEFFKMqkJZKJ2", "id": "itgZL3iWPKpz6kBZm0oK", "status": "sent", "toEmail": "set4@gmail.com"}
 LOG  📧 Found 1 email invitations (new users)
 LOG  📋 Email invitation (new user): {"fromUserId": "7EUSVFvzTicHY63vEFFKMqkJZKJ2", "id": "itgZL3iWPKpz6kBZm0oK", "status": "sent", "toEmail": "set4@gmail.com"}
 LOG  📧 Found 1 email invitations (new users)
 LOG  📋 Email invitation (new user): {"fromUserId": "7EUSVFvzTicHY63vEFFKMqkJZKJ2", "id": "itgZL3iWPKpz6kBZm0oK", "status": "sent", "toEmail": "set4@gmail.com"}
 LOG  📧 Found 1 email invitations (new users)
 LOG  📋 Email invitation (new user): {"fromUserId": "7EUSVFvzTicHY63vEFFKMqkJZKJ2", "id": "itgZL3iWPKpz6kBZm0oK", "status": "sent", "toEmail": "set4@gmail.com"}
 LOG  📧 Found 1 email invitations (new users)
 LOG  📋 Email invitation (new user): {"fromUserId": "7EUSVFvzTicHY63vEFFKMqkJZKJ2", "id": "itgZL3iWPKpz6kBZm0oK", "status": "sent", "toEmail": "set4@gmail.com"}
 LOG  📱 Found 0 pending SMS/WhatsApp invitations
 LOG  ✅ Returning 1 total pending invitations: {"newEmailUsers": 1, "receivedExistingUsers": 0, "sentExistingUsers": 0, "smsWhatsApp": 0}
 LOG  Processing 4 friendships
 LOG  Processing 2 groups
 LOG  Processing group: Office with 3 members
 LOG  Skipping group balance for Set2 - already counted as friend
 LOG  Skipping group balance for Set3 - already counted as friend
 LOG  Processing group: Home with 3 members
 LOG  Skipping group balance for Set2 - already counted as friend
 LOG  Skipping group balance for Set3 - already counted as friend
 LOG  ✅ UNIFIED balance calculation complete: {"netBalance": 33.33, "relationships": 2, "totalOwed": 66.67, "totalOwing": 33.33}
 LOG  📱 Found 0 pending SMS/WhatsApp invitations
 LOG  ✅ Returning 1 total pending invitations: {"newEmailUsers": 1, "receivedExistingUsers": 0, "sentExistingUsers": 0, "smsWhatsApp": 0}
 LOG  ✅ useBalances: Refresh complete: {"detailCount": 2, "friendsCount": 4, "netBalance": 33.33, "totalOwed": 66.67, "totalOwing": 33.33}
 LOG  📱 Found 0 pending SMS/WhatsApp invitations
 LOG  ✅ Returning 1 total pending invitations: {"newEmailUsers": 1, "receivedExistingUsers": 0, "sentExistingUsers": 0, "smsWhatsApp": 0}
 LOG  Processing 4 friendships
 LOG  Processing 2 groups
 LOG  Processing group: Office with 3 members
 LOG  Skipping group balance for Set2 - already counted as friend
 LOG  Skipping group balance for Set3 - already counted as friend
 LOG  Processing group: Home with 3 members
 LOG  Skipping group balance for Set2 - already counted as friend
 LOG  Skipping group balance for Set3 - already counted as friend
 LOG  ✅ UNIFIED balance calculation complete: {"netBalance": 33.33, "relationships": 2, "totalOwed": 66.67, "totalOwing": 33.33}
 LOG  📱 Found 0 pending SMS/WhatsApp invitations
 LOG  ✅ Returning 1 total pending invitations: {"newEmailUsers": 1, "receivedExistingUsers": 0, "sentExistingUsers": 0, "smsWhatsApp": 0}
 LOG  ✅ useBalances: Refresh complete: {"detailCount": 2, "friendsCount": 4, "netBalance": 33.33, "totalOwed": 66.67, "totalOwing": 33.33}
 LOG  📱 Found 0 pending SMS/WhatsApp invitations
 LOG  ✅ Returning 1 total pending invitations: {"newEmailUsers": 1, "receivedExistingUsers": 0, "sentExistingUsers": 0, "smsWhatsApp": 0}
 LOG  Processing 4 friendships
 LOG  Processing 2 groups
 LOG  Processing group: Office with 3 members
 LOG  Skipping group balance for Set2 - already counted as friend
 LOG  Skipping group balance for Set3 - already counted as friend
 LOG  Processing group: Home with 3 members
 LOG  Skipping group balance for Set2 - already counted as friend
 LOG  Skipping group balance for Set3 - already counted as friend
 LOG  ✅ UNIFIED balance calculation complete: {"netBalance": 33.33, "relationships": 2, "totalOwed": 66.67, "totalOwing": 33.33}
 LOG  📱 Found 0 pending SMS/WhatsApp invitations
 LOG  ✅ Returning 1 total pending invitations: {"newEmailUsers": 1, "receivedExistingUsers": 0, "sentExistingUsers": 0, "smsWhatsApp": 0}
 LOG  ✅ useBalances: Refresh complete: {"detailCount": 2, "friendsCount": 4, "netBalance": 33.33, "totalOwed": 66.67, "totalOwing": 33.33}
 LOG  📱 Found 0 pending SMS/WhatsApp invitations
 LOG  ✅ Returning 1 total pending invitations: {"newEmailUsers": 1, "receivedExistingUsers": 0, "sentExistingUsers": 0, "smsWhatsApp": 0}
 LOG  Processing 4 friendships
 LOG  Processing 2 groups
 LOG  Processing group: Office with 3 members
 LOG  Skipping group balance for Set2 - already counted as friend
 LOG  Skipping group balance for Set3 - already counted as friend
 LOG  Processing group: Home with 3 members
 LOG  Skipping group balance for Set2 - already counted as friend
 LOG  Skipping group balance for Set3 - already counted as friend
 LOG  ✅ UNIFIED balance calculation complete: {"netBalance": 33.33, "relationships": 2, "totalOwed": 66.67, "totalOwing": 33.33}
 LOG  📱 Found 0 pending SMS/WhatsApp invitations
 LOG  ✅ Returning 1 total pending invitations: {"newEmailUsers": 1, "receivedExistingUsers": 0, "sentExistingUsers": 0, "smsWhatsApp": 0}
 LOG  ✅ useBalances: Refresh complete: {"detailCount": 2, "friendsCount": 4, "netBalance": 33.33, "totalOwed": 66.67, "totalOwing": 33.33}
 LOG  📱 Found 0 pending SMS/WhatsApp invitations
 LOG  ✅ Returning 1 total pending invitations: {"newEmailUsers": 1, "receivedExistingUsers": 0, "sentExistingUsers": 0, "smsWhatsApp": 0}
 LOG  ✅ Friends updated, notifying unified balance system
 LOG  🔔 useBalances: Balance change notification received
 LOG  🔄 useBalances: Refreshing with UnifiedSettlementService
 LOG  🔄 Calculating UNIFIED balances for user: 7EUSVFvzTicHY63vEFFKMqkJZKJ2
 LOG  🔔 useBalances: Balance change notification received
 LOG  🔄 useBalances: Refreshing with UnifiedSettlementService
 LOG  🔄 Calculating UNIFIED balances for user: 7EUSVFvzTicHY63vEFFKMqkJZKJ2
 LOG  ✅ FriendsManager: Friends data refreshed successfully 4
 LOG  ✅ Friends updated, notifying unified balance system
 LOG  🔔 useBalances: Balance change notification received
 LOG  🔄 useBalances: Refreshing with UnifiedSettlementService
 LOG  🔄 Calculating UNIFIED balances for user: 7EUSVFvzTicHY63vEFFKMqkJZKJ2
 LOG  🔔 useBalances: Balance change notification received
 LOG  🔄 useBalances: Refreshing with UnifiedSettlementService
 LOG  🔄 Calculating UNIFIED balances for user: 7EUSVFvzTicHY63vEFFKMqkJZKJ2
 LOG  📱 Found 0 pending SMS/WhatsApp invitations
 LOG  ✅ Returning 1 total pending invitations: {"newEmailUsers": 1, "receivedExistingUsers": 0, "sentExistingUsers": 0, "smsWhatsApp": 0}
 LOG  Processing 4 friendships for settlement
 LOG  Processing 2 groups for settlement
 LOG  Processing settlement balances for group: Office with 3 members
 LOG  
🔍 === DETAILED BALANCE CALCULATION ===
 LOG  👤 User1 (You): 7EUSVFvzTicHY63vEFFKMqkJZKJ2
 LOG  👤 User2 (Them): CsFleJon8thWdQ08rbztMJPsWAb2
 LOG  🏢 Group: rx01BYFAEivzEeCxd5bU
 LOG  🏷️  Rendering group card: Office
 LOG  💳 Group balance from map: 133.34
 LOG  📊 Display: owed 133.34
 LOG  🏷️  Rendering group card: Home
 LOG  💳 Group balance from map: -100
 LOG  📊 Display: owes 100
 LOG  ❌ GroupDetailsModal: Not rendering - visible: false localGroupData: true
 LOG  📊 useBalances: Current state: {"friendCount": 2, "friendsDataCount": 4, "groupMemberCount": 0, "netBalance": 33.33, "totalOwed": 66.67, "totalOwing": 33.33, "totalRelationships": 2}
 LOG  📊 useBalances: Friends breakdown: [{"balance": -33.33333333333333, "name": "Set3", "source": "friend"}, {"balance": 66.66666666666667, "name": "Set2", "source": "friend"}]
 LOG  📊 useBalances: Group members breakdown: []
 LOG  📊 useBalances: Current state: {"friendCount": 2, "friendsDataCount": 4, "groupMemberCount": 0, "netBalance": 33.33, "totalOwed": 66.67, "totalOwing": 33.33, "totalRelationships": 2}
 LOG  📊 useBalances: Friends breakdown: [{"balance": -33.33333333333333, "name": "Set3", "source": "friend"}, {"balance": 66.66666666666667, "name": "Set2", "source": "friend"}]
 LOG  📊 useBalances: Group members breakdown: []
 LOG  🔄 Loading settlement balances for user: 7EUSVFvzTicHY63vEFFKMqkJZKJ2
 LOG  🔄 Calculating SETTLEMENT balances for user: 7EUSVFvzTicHY63vEFFKMqkJZKJ2
 LOG  🔍 Fetching pending invitations for user: 7EUSVFvzTicHY63vEFFKMqkJZKJ2
 LOG  🔍 Fetching pending invitations for user: 7EUSVFvzTicHY63vEFFKMqkJZKJ2
 LOG  🔍 Fetching pending invitations for user: 7EUSVFvzTicHY63vEFFKMqkJZKJ2
 LOG  🔍 Fetching pending invitations for user: 7EUSVFvzTicHY63vEFFKMqkJZKJ2
 LOG  🔍 Fetching pending invitations for user: 7EUSVFvzTicHY63vEFFKMqkJZKJ2
 LOG  🔍 Fetching pending invitations for user: 7EUSVFvzTicHY63vEFFKMqkJZKJ2
 LOG  🔍 Fetching pending invitations for user: 7EUSVFvzTicHY63vEFFKMqkJZKJ2
 LOG  🔍 Fetching pending invitations for user: 7EUSVFvzTicHY63vEFFKMqkJZKJ2
 LOG  🔍 Fetching pending invitations for user: 7EUSVFvzTicHY63vEFFKMqkJZKJ2
 LOG  📋 Total expenses found: 1
 LOG  
💰 Expense 1: "Woolies"
 LOG  💵 Amount: 200
 LOG  💳 Paid by: 7EUSVFvzTicHY63vEFFKMqkJZKJ2
 LOG  📊 Split data: ["7EUSVFvzTicHY63vEFFKMqkJZKJ2: 66.66666666666667 (paid: false)", "CsFleJon8thWdQ08rbztMJPsWAb2: 66.66666666666667 (paid: false)", "Jm7Sm7th1gOtpG1IttvPPIBgUG83: 66.66666666666667 (paid: false)"]
 LOG  ➕ User2 owes User1: 66.66666666666667 (UNPAID)
 LOG  📊 Expense balance: 66.66666666666667
 LOG  📊 Running total: 66.66666666666667
 LOG  
✅ === FINAL RESULT ===
 LOG  🔢 Final balance: 66.67
 LOG  💭 Interpretation: User2 owes User1
 LOG  ===============================
 LOG  💰 Settlement: Set2 in Office: 66.67
 LOG  
🔍 === DETAILED BALANCE CALCULATION ===
 LOG  👤 User1 (You): 7EUSVFvzTicHY63vEFFKMqkJZKJ2
 LOG  👤 User2 (Them): Jm7Sm7th1gOtpG1IttvPPIBgUG83
 LOG  🏢 Group: rx01BYFAEivzEeCxd5bU
 LOG  🔄 Calculating balances for 2 groups
 LOG  
📊 Calculating balance for group: Office (rx01BYFAEivzEeCxd5bU)
 LOG  👥 Group members: 3
 LOG  ⏭️  Skipping self: Set
 LOG  
🔍 === DETAILED BALANCE CALCULATION ===
 LOG  👤 User1 (You): 7EUSVFvzTicHY63vEFFKMqkJZKJ2
 LOG  👤 User2 (Them): CsFleJon8thWdQ08rbztMJPsWAb2
 LOG  🏢 Group: rx01BYFAEivzEeCxd5bU
 LOG  📧 Found 0 sent email friend requests (existing users)
 LOG  📧 Found 0 sent email friend requests (existing users)
 LOG  📧 Found 0 sent email friend requests (existing users)
 LOG  📧 Found 0 sent email friend requests (existing users)
 LOG  📧 Found 0 sent email friend requests (existing users)
 LOG  📧 Found 0 sent email friend requests (existing users)
 LOG  📧 Found 0 sent email friend requests (existing users)
 LOG  📧 Found 0 sent email friend requests (existing users)
 LOG  📧 Found 0 sent email friend requests (existing users)
 LOG  📋 Total expenses found: 1
 LOG  
💰 Expense 1: "Woolies"
 LOG  💵 Amount: 200
 LOG  💳 Paid by: 7EUSVFvzTicHY63vEFFKMqkJZKJ2
 LOG  📊 Split data: ["7EUSVFvzTicHY63vEFFKMqkJZKJ2: 66.66666666666667 (paid: false)", "CsFleJon8thWdQ08rbztMJPsWAb2: 66.66666666666667 (paid: false)", "Jm7Sm7th1gOtpG1IttvPPIBgUG83: 66.66666666666667 (paid: false)"]
 LOG  ➕ User2 owes User1: 66.66666666666667 (UNPAID)
 LOG  📊 Expense balance: 66.66666666666667
 LOG  📊 Running total: 66.66666666666667
 LOG  
✅ === FINAL RESULT ===
 LOG  🔢 Final balance: 66.67
 LOG  💭 Interpretation: User2 owes User1
 LOG  ===============================
 LOG  💰 Settlement: Set3 in Office: 66.67
 LOG  Processing settlement balances for group: Home with 3 members
 LOG  
🔍 === DETAILED BALANCE CALCULATION ===
 LOG  👤 User1 (You): 7EUSVFvzTicHY63vEFFKMqkJZKJ2
 LOG  👤 User2 (Them): CsFleJon8thWdQ08rbztMJPsWAb2
 LOG  🏢 Group: aWT0Jz1AlM6jmAKNBqJW
 LOG  📋 Total expenses found: 1
 LOG  
💰 Expense 1: "Woolies"
 LOG  💵 Amount: 200
 LOG  💳 Paid by: 7EUSVFvzTicHY63vEFFKMqkJZKJ2
 LOG  📊 Split data: ["7EUSVFvzTicHY63vEFFKMqkJZKJ2: 66.66666666666667 (paid: false)", "CsFleJon8thWdQ08rbztMJPsWAb2: 66.66666666666667 (paid: false)", "Jm7Sm7th1gOtpG1IttvPPIBgUG83: 66.66666666666667 (paid: false)"]
 LOG  ➕ User2 owes User1: 66.66666666666667 (UNPAID)
 LOG  📊 Expense balance: 66.66666666666667
 LOG  📊 Running total: 66.66666666666667
 LOG  
✅ === FINAL RESULT ===
 LOG  🔢 Final balance: 66.67
 LOG  💭 Interpretation: User2 owes User1
 LOG  ===============================
 LOG  💰 Balance with Set2: 66.67
 LOG  
🔍 === DETAILED BALANCE CALCULATION ===
 LOG  👤 User1 (You): 7EUSVFvzTicHY63vEFFKMqkJZKJ2
 LOG  👤 User2 (Them): Jm7Sm7th1gOtpG1IttvPPIBgUG83
 LOG  🏢 Group: rx01BYFAEivzEeCxd5bU
 LOG  📧 Found 0 received email friend requests (existing users)
 LOG  📧 Found 0 received email friend requests (existing users)
 LOG  📧 Found 0 received email friend requests (existing users)
 LOG  📧 Found 0 received email friend requests (existing users)
 LOG  📧 Found 0 received email friend requests (existing users)
 LOG  📧 Found 0 received email friend requests (existing users)
 LOG  📧 Found 0 received email friend requests (existing users)
 LOG  📧 Found 0 received email friend requests (existing users)
 LOG  📧 Found 0 received email friend requests (existing users)
 LOG  📋 Total expenses found: 4
 LOG  
💰 Expense 1: "Myer"
 LOG  💵 Amount: 320
 LOG  💳 Paid by: CsFleJon8thWdQ08rbztMJPsWAb2
 LOG  📊 Split data: ["7EUSVFvzTicHY63vEFFKMqkJZKJ2: 106.66666666666667 (paid: true)", "CsFleJon8thWdQ08rbztMJPsWAb2: 106.66666666666667 (paid: false)", "Jm7Sm7th1gOtpG1IttvPPIBgUG83: 106.66666666666667 (paid: false)"]
 LOG  ✅ User1 split: 106.66666666666667 (ALREADY PAID)
 LOG  📊 Expense balance: 0
 LOG  📊 Running total: 0
 LOG  
💰 Expense 2: "Coles"
 LOG  💵 Amount: 200
 LOG  💳 Paid by: Jm7Sm7th1gOtpG1IttvPPIBgUG83
 LOG  📊 Split data: ["7EUSVFvzTicHY63vEFFKMqkJZKJ2: 100 (paid: false)", "Jm7Sm7th1gOtpG1IttvPPIBgUG83: 100 (paid: false)"]
 LOG  👥 Someone else paid (Jm7Sm7th1gOtpG1IttvPPIBgUG83) - no direct balance impact
 LOG  📊 Expense balance: 0
 LOG  📊 Running total: 0
 LOG  
💰 Expense 3: "Icecream"
 LOG  💵 Amount: 250
 LOG  💳 Paid by: CsFleJon8thWdQ08rbztMJPsWAb2
 LOG  📊 Split data: ["7EUSVFvzTicHY63vEFFKMqkJZKJ2: 83.33333333333333 (paid: true)", "CsFleJon8thWdQ08rbztMJPsWAb2: 83.33333333333333 (paid: false)", "Jm7Sm7th1gOtpG1IttvPPIBgUG83: 83.33333333333333 (paid: false)"]
 LOG  ✅ User1 split: 83.33333333333333 (ALREADY PAID)
 LOG  📊 Expense balance: 0
 LOG  📊 Running total: 0
 LOG  
💰 Expense 4: "Dinner"
 LOG  💵 Amount: 150
 LOG  💳 Paid by: 7EUSVFvzTicHY63vEFFKMqkJZKJ2
 LOG  📊 Split data: ["7EUSVFvzTicHY63vEFFKMqkJZKJ2: 50 (paid: false)", "CsFleJon8thWdQ08rbztMJPsWAb2: 50 (paid: true)", "Jm7Sm7th1gOtpG1IttvPPIBgUG83: 50 (paid: true)"]
 LOG  ✅ User2 split: 50 (ALREADY PAID)
 LOG  📊 Expense balance: 0
 LOG  📊 Running total: 0
 LOG  
✅ === FINAL RESULT ===
 LOG  🔢 Final balance: 0
 LOG  💭 Interpretation: No balance
 LOG  ===============================
 LOG  
🔍 === DETAILED BALANCE CALCULATION ===
 LOG  👤 User1 (You): 7EUSVFvzTicHY63vEFFKMqkJZKJ2
 LOG  👤 User2 (Them): Jm7Sm7th1gOtpG1IttvPPIBgUG83
 LOG  🏢 Group: aWT0Jz1AlM6jmAKNBqJW
 LOG  📋 Total expenses found: 1
 LOG  
💰 Expense 1: "Woolies"
 LOG  💵 Amount: 200
 LOG  💳 Paid by: 7EUSVFvzTicHY63vEFFKMqkJZKJ2
 LOG  📊 Split data: ["7EUSVFvzTicHY63vEFFKMqkJZKJ2: 66.66666666666667 (paid: false)", "CsFleJon8thWdQ08rbztMJPsWAb2: 66.66666666666667 (paid: false)", "Jm7Sm7th1gOtpG1IttvPPIBgUG83: 66.66666666666667 (paid: false)"]
 LOG  ➕ User2 owes User1: 66.66666666666667 (UNPAID)
 LOG  📊 Expense balance: 66.66666666666667
 LOG  📊 Running total: 66.66666666666667
 LOG  
✅ === FINAL RESULT ===
 LOG  🔢 Final balance: 66.67
 LOG  💭 Interpretation: User2 owes User1
 LOG  ===============================
 LOG  💰 Balance with Set3: 66.67
 LOG  ✅ Total balance for Office: 133.34
 LOG  
📊 Calculating balance for group: Home (aWT0Jz1AlM6jmAKNBqJW)
 LOG  👥 Group members: 3
 LOG  ⏭️  Skipping self: Set
 LOG  
🔍 === DETAILED BALANCE CALCULATION ===
 LOG  👤 User1 (You): 7EUSVFvzTicHY63vEFFKMqkJZKJ2
 LOG  👤 User2 (Them): CsFleJon8thWdQ08rbztMJPsWAb2
 LOG  🏢 Group: aWT0Jz1AlM6jmAKNBqJW
 LOG  📧 Found 1 email invitations (new users)
 LOG  📋 Email invitation (new user): {"fromUserId": "7EUSVFvzTicHY63vEFFKMqkJZKJ2", "id": "itgZL3iWPKpz6kBZm0oK", "status": "sent", "toEmail": "set4@gmail.com"}
 LOG  📧 Found 1 email invitations (new users)
 LOG  📋 Email invitation (new user): {"fromUserId": "7EUSVFvzTicHY63vEFFKMqkJZKJ2", "id": "itgZL3iWPKpz6kBZm0oK", "status": "sent", "toEmail": "set4@gmail.com"}
 LOG  📧 Found 1 email invitations (new users)
 LOG  📋 Email invitation (new user): {"fromUserId": "7EUSVFvzTicHY63vEFFKMqkJZKJ2", "id": "itgZL3iWPKpz6kBZm0oK", "status": "sent", "toEmail": "set4@gmail.com"}
 LOG  📧 Found 1 email invitations (new users)
 LOG  📋 Email invitation (new user): {"fromUserId": "7EUSVFvzTicHY63vEFFKMqkJZKJ2", "id": "itgZL3iWPKpz6kBZm0oK", "status": "sent", "toEmail": "set4@gmail.com"}
 LOG  📧 Found 1 email invitations (new users)
 LOG  📋 Email invitation (new user): {"fromUserId": "7EUSVFvzTicHY63vEFFKMqkJZKJ2", "id": "itgZL3iWPKpz6kBZm0oK", "status": "sent", "toEmail": "set4@gmail.com"}
 LOG  📧 Found 1 email invitations (new users)
 LOG  📋 Email invitation (new user): {"fromUserId": "7EUSVFvzTicHY63vEFFKMqkJZKJ2", "id": "itgZL3iWPKpz6kBZm0oK", "status": "sent", "toEmail": "set4@gmail.com"}
 LOG  📧 Found 1 email invitations (new users)
 LOG  📋 Email invitation (new user): {"fromUserId": "7EUSVFvzTicHY63vEFFKMqkJZKJ2", "id": "itgZL3iWPKpz6kBZm0oK", "status": "sent", "toEmail": "set4@gmail.com"}
 LOG  📧 Found 1 email invitations (new users)
 LOG  📋 Email invitation (new user): {"fromUserId": "7EUSVFvzTicHY63vEFFKMqkJZKJ2", "id": "itgZL3iWPKpz6kBZm0oK", "status": "sent", "toEmail": "set4@gmail.com"}
 LOG  📧 Found 1 email invitations (new users)
 LOG  📋 Email invitation (new user): {"fromUserId": "7EUSVFvzTicHY63vEFFKMqkJZKJ2", "id": "itgZL3iWPKpz6kBZm0oK", "status": "sent", "toEmail": "set4@gmail.com"}
 LOG  📋 Total expenses found: 4
 LOG  
💰 Expense 1: "Myer"
 LOG  💵 Amount: 320
 LOG  💳 Paid by: CsFleJon8thWdQ08rbztMJPsWAb2
 LOG  📊 Split data: ["7EUSVFvzTicHY63vEFFKMqkJZKJ2: 106.66666666666667 (paid: true)", "CsFleJon8thWdQ08rbztMJPsWAb2: 106.66666666666667 (paid: false)", "Jm7Sm7th1gOtpG1IttvPPIBgUG83: 106.66666666666667 (paid: false)"]
 LOG  👥 Someone else paid (CsFleJon8thWdQ08rbztMJPsWAb2) - no direct balance impact
 LOG  📊 Expense balance: 0
 LOG  📊 Running total: 0
 LOG  
💰 Expense 2: "Coles"
 LOG  💵 Amount: 200
 LOG  💳 Paid by: Jm7Sm7th1gOtpG1IttvPPIBgUG83
 LOG  📊 Split data: ["7EUSVFvzTicHY63vEFFKMqkJZKJ2: 100 (paid: false)", "Jm7Sm7th1gOtpG1IttvPPIBgUG83: 100 (paid: false)"]
 LOG  ➖ User1 owes User2: 100 (UNPAID)
 LOG  📊 Expense balance: -100
 LOG  📊 Running total: -100
 LOG  
💰 Expense 3: "Icecream"
 LOG  💵 Amount: 250
 LOG  💳 Paid by: CsFleJon8thWdQ08rbztMJPsWAb2
 LOG  📊 Split data: ["7EUSVFvzTicHY63vEFFKMqkJZKJ2: 83.33333333333333 (paid: true)", "CsFleJon8thWdQ08rbztMJPsWAb2: 83.33333333333333 (paid: false)", "Jm7Sm7th1gOtpG1IttvPPIBgUG83: 83.33333333333333 (paid: false)"]
 LOG  👥 Someone else paid (CsFleJon8thWdQ08rbztMJPsWAb2) - no direct balance impact
 LOG  📊 Expense balance: 0
 LOG  📊 Running total: -100
 LOG  
💰 Expense 4: "Dinner"
 LOG  💵 Amount: 150
 LOG  💳 Paid by: 7EUSVFvzTicHY63vEFFKMqkJZKJ2
 LOG  📊 Split data: ["7EUSVFvzTicHY63vEFFKMqkJZKJ2: 50 (paid: false)", "CsFleJon8thWdQ08rbztMJPsWAb2: 50 (paid: true)", "Jm7Sm7th1gOtpG1IttvPPIBgUG83: 50 (paid: true)"]
 LOG  ✅ User2 split: 50 (ALREADY PAID)
 LOG  📊 Expense balance: 0
 LOG  📊 Running total: -100
 LOG  
✅ === FINAL RESULT ===
 LOG  🔢 Final balance: -100
 LOG  💭 Interpretation: User1 owes User2
 LOG  ===============================
 LOG  💰 Settlement: Set3 in Home: -100
 LOG  ✅ SETTLEMENT balance calculation complete: {"friendEntries": 2, "groupEntries": 3, "totalEntries": 5}
 LOG  📊 Raw settlement balances from friendsBalances: [{"avatar": "", "balance": -33.33333333333333, "breakdown": {"fromFriendships": -33.33333333333333, "fromGroups": [Object]}, "email": "set3@gmail.com", "lastUpdated": [Object], "name": "Set3", "source": "friend", "userId": "Jm7Sm7th1gOtpG1IttvPPIBgUG83"}, {"avatar": "", "balance": 66.66666666666667, "breakdown": {"fromFriendships": 66.66666666666667, "fromGroups": [Object]}, "email": "set2@gmail.com", "lastUpdated": [Object], "name": "Set2", "source": "friend", "userId": "CsFleJon8thWdQ08rbztMJPsWAb2"}, {"avatar": "", "balance": 66.67, "breakdown": {"fromFriendships": 0, "fromGroups": [Object]}, "email": "set2@gmail.com", "groupId": "rx01BYFAEivzEeCxd5bU", "groupName": "Office", "lastUpdated": 2025-08-01T22:54:10.639Z, "name": "Set2", "source": "group", "userId": "CsFleJon8thWdQ08rbztMJPsWAb2"}, {"avatar": "", "balance": 66.67, "breakdown": {"fromFriendships": 0, "fromGroups": [Object]}, "email": "set3@gmail.com", "groupId": "rx01BYFAEivzEeCxd5bU", "groupName": "Office", "lastUpdated": 2025-08-01T22:54:10.736Z, "name": "Set3", "source": "group", "userId": "Jm7Sm7th1gOtpG1IttvPPIBgUG83"}, {"avatar": "", "balance": -100, "breakdown": {"fromFriendships": 0, "fromGroups": [Object]}, "email": "set3@gmail.com", "groupId": "aWT0Jz1AlM6jmAKNBqJW", "groupName": "Home", "lastUpdated": 2025-08-01T22:54:10.939Z, "name": "Set3", "source": "group", "userId": "Jm7Sm7th1gOtpG1IttvPPIBgUG83"}]
 LOG  👥 Settlement balances after processing: 2 entries
 LOG  👥 Non-zero balances: 5
 LOG  👥 Settled friends added: 0
 LOG  👥 Detailed settlement balances: [{"balance": -100, "email": "set3@gmail.com", "groupId": "aWT0Jz1AlM6jmAKNBqJW", "groupName": "Home", "name": "Set3", "source": "group", "userId": "Jm7Sm7th1gOtpG1IttvPPIBgUG83"}, {"balance": 66.67, "email": "set2@gmail.com", "groupId": "rx01BYFAEivzEeCxd5bU", "groupName": "Office", "name": "Set2", "source": "group", "userId": "CsFleJon8thWdQ08rbztMJPsWAb2"}]
 LOG  📋 Total expenses found: 4
 LOG  
💰 Expense 1: "Myer"
 LOG  💵 Amount: 320
 LOG  💳 Paid by: CsFleJon8thWdQ08rbztMJPsWAb2
 LOG  📊 Split data: ["7EUSVFvzTicHY63vEFFKMqkJZKJ2: 106.66666666666667 (paid: true)", "CsFleJon8thWdQ08rbztMJPsWAb2: 106.66666666666667 (paid: false)", "Jm7Sm7th1gOtpG1IttvPPIBgUG83: 106.66666666666667 (paid: false)"]
 LOG  ✅ User1 split: 106.66666666666667 (ALREADY PAID)
 LOG  📊 Expense balance: 0
 LOG  📊 Running total: 0
 LOG  
💰 Expense 2: "Coles"
 LOG  💵 Amount: 200
 LOG  💳 Paid by: Jm7Sm7th1gOtpG1IttvPPIBgUG83
 LOG  📊 Split data: ["7EUSVFvzTicHY63vEFFKMqkJZKJ2: 100 (paid: false)", "Jm7Sm7th1gOtpG1IttvPPIBgUG83: 100 (paid: false)"]
 LOG  👥 Someone else paid (Jm7Sm7th1gOtpG1IttvPPIBgUG83) - no direct balance impact
 LOG  📊 Expense balance: 0
 LOG  📊 Running total: 0
 LOG  
💰 Expense 3: "Icecream"
 LOG  💵 Amount: 250
 LOG  💳 Paid by: CsFleJon8thWdQ08rbztMJPsWAb2
 LOG  📊 Split data: ["7EUSVFvzTicHY63vEFFKMqkJZKJ2: 83.33333333333333 (paid: true)", "CsFleJon8thWdQ08rbztMJPsWAb2: 83.33333333333333 (paid: false)", "Jm7Sm7th1gOtpG1IttvPPIBgUG83: 83.33333333333333 (paid: false)"]
 LOG  ✅ User1 split: 83.33333333333333 (ALREADY PAID)
 LOG  📊 Expense balance: 0
 LOG  📊 Running total: 0
 LOG  
💰 Expense 4: "Dinner"
 LOG  💵 Amount: 150
 LOG  💳 Paid by: 7EUSVFvzTicHY63vEFFKMqkJZKJ2
 LOG  📊 Split data: ["7EUSVFvzTicHY63vEFFKMqkJZKJ2: 50 (paid: false)", "CsFleJon8thWdQ08rbztMJPsWAb2: 50 (paid: true)", "Jm7Sm7th1gOtpG1IttvPPIBgUG83: 50 (paid: true)"]
 LOG  ✅ User2 split: 50 (ALREADY PAID)
 LOG  📊 Expense balance: 0
 LOG  📊 Running total: 0
 LOG  
✅ === FINAL RESULT ===
 LOG  🔢 Final balance: 0
 LOG  💭 Interpretation: No balance
 LOG  ===============================
 LOG  💰 Balance with Set2: 0
 LOG  
🔍 === DETAILED BALANCE CALCULATION ===
 LOG  👤 User1 (You): 7EUSVFvzTicHY63vEFFKMqkJZKJ2
 LOG  👤 User2 (Them): Jm7Sm7th1gOtpG1IttvPPIBgUG83
 LOG  🏢 Group: aWT0Jz1AlM6jmAKNBqJW
 LOG  🏷️  Rendering group card: Office
 LOG  💳 Group balance from map: 133.34
 LOG  📊 Display: owed 133.34
 LOG  🏷️  Rendering group card: Home
 LOG  💳 Group balance from map: -100
 LOG  📊 Display: owes 100
 LOG  ❌ GroupDetailsModal: Not rendering - visible: false localGroupData: true
 LOG  📱 Found 0 pending SMS/WhatsApp invitations
 LOG  ✅ Returning 1 total pending invitations: {"newEmailUsers": 1, "receivedExistingUsers": 0, "sentExistingUsers": 0, "smsWhatsApp": 0}
 LOG  Processing 4 friendships
 LOG  Processing 2 groups
 LOG  Processing group: Office with 3 members
 LOG  Skipping group balance for Set2 - already counted as friend
 LOG  Skipping group balance for Set3 - already counted as friend
 LOG  Processing group: Home with 3 members
 LOG  Skipping group balance for Set2 - already counted as friend
 LOG  Skipping group balance for Set3 - already counted as friend
 LOG  ✅ UNIFIED balance calculation complete: {"netBalance": 33.33, "relationships": 2, "totalOwed": 66.67, "totalOwing": 33.33}
 LOG  📱 Found 0 pending SMS/WhatsApp invitations
 LOG  ✅ Returning 1 total pending invitations: {"newEmailUsers": 1, "receivedExistingUsers": 0, "sentExistingUsers": 0, "smsWhatsApp": 0}
 LOG  ✅ useBalances: Refresh complete: {"detailCount": 2, "friendsCount": 4, "netBalance": 33.33, "totalOwed": 66.67, "totalOwing": 33.33}
 LOG  📱 Found 0 pending SMS/WhatsApp invitations
 LOG  ✅ Returning 1 total pending invitations: {"newEmailUsers": 1, "receivedExistingUsers": 0, "sentExistingUsers": 0, "smsWhatsApp": 0}
 LOG  Processing 4 friendships
 LOG  Processing 2 groups
 LOG  Processing group: Office with 3 members
 LOG  Skipping group balance for Set2 - already counted as friend
 LOG  Skipping group balance for Set3 - already counted as friend
 LOG  Processing group: Home with 3 members
 LOG  Skipping group balance for Set2 - already counted as friend
 LOG  Skipping group balance for Set3 - already counted as friend
 LOG  ✅ UNIFIED balance calculation complete: {"netBalance": 33.33, "relationships": 2, "totalOwed": 66.67, "totalOwing": 33.33}
 LOG  📱 Found 0 pending SMS/WhatsApp invitations
 LOG  ✅ Returning 1 total pending invitations: {"newEmailUsers": 1, "receivedExistingUsers": 0, "sentExistingUsers": 0, "smsWhatsApp": 0}
 LOG  ✅ useBalances: Refresh complete: {"detailCount": 2, "friendsCount": 4, "netBalance": 33.33, "totalOwed": 66.67, "totalOwing": 33.33}
 LOG  📱 Found 0 pending SMS/WhatsApp invitations
 LOG  ✅ Returning 1 total pending invitations: {"newEmailUsers": 1, "receivedExistingUsers": 0, "sentExistingUsers": 0, "smsWhatsApp": 0}
 LOG  Processing 4 friendships
 LOG  Processing 2 groups
 LOG  Processing group: Office with 3 members
 LOG  Skipping group balance for Set2 - already counted as friend
 LOG  Skipping group balance for Set3 - already counted as friend
 LOG  Processing group: Home with 3 members
 LOG  Skipping group balance for Set2 - already counted as friend
 LOG  Skipping group balance for Set3 - already counted as friend
 LOG  ✅ UNIFIED balance calculation complete: {"netBalance": 33.33, "relationships": 2, "totalOwed": 66.67, "totalOwing": 33.33}
 LOG  📱 Found 0 pending SMS/WhatsApp invitations
 LOG  ✅ Returning 1 total pending invitations: {"newEmailUsers": 1, "receivedExistingUsers": 0, "sentExistingUsers": 0, "smsWhatsApp": 0}
 LOG  ✅ useBalances: Refresh complete: {"detailCount": 2, "friendsCount": 4, "netBalance": 33.33, "totalOwed": 66.67, "totalOwing": 33.33}
 LOG  📱 Found 0 pending SMS/WhatsApp invitations
 LOG  ✅ Returning 1 total pending invitations: {"newEmailUsers": 1, "receivedExistingUsers": 0, "sentExistingUsers": 0, "smsWhatsApp": 0}
 LOG  Processing 4 friendships
 LOG  Processing 2 groups
 LOG  Processing group: Office with 3 members
 LOG  Skipping group balance for Set2 - already counted as friend
 LOG  Skipping group balance for Set3 - already counted as friend
 LOG  Processing group: Home with 3 members
 LOG  Skipping group balance for Set2 - already counted as friend
 LOG  Skipping group balance for Set3 - already counted as friend
 LOG  ✅ UNIFIED balance calculation complete: {"netBalance": 33.33, "relationships": 2, "totalOwed": 66.67, "totalOwing": 33.33}
 LOG  📱 Found 0 pending SMS/WhatsApp invitations
 LOG  ✅ Returning 1 total pending invitations: {"newEmailUsers": 1, "receivedExistingUsers": 0, "sentExistingUsers": 0, "smsWhatsApp": 0}
 LOG  ✅ useBalances: Refresh complete: {"detailCount": 2, "friendsCount": 4, "netBalance": 33.33, "totalOwed": 66.67, "totalOwing": 33.33}
 LOG  📱 Found 0 pending SMS/WhatsApp invitations
 LOG  ✅ Returning 1 total pending invitations: {"newEmailUsers": 1, "receivedExistingUsers": 0, "sentExistingUsers": 0, "smsWhatsApp": 0}
 LOG  Processing 4 friendships for settlement
 LOG  Processing 2 groups for settlement
 LOG  Processing settlement balances for group: Office with 3 members
 LOG  
🔍 === DETAILED BALANCE CALCULATION ===
 LOG  👤 User1 (You): 7EUSVFvzTicHY63vEFFKMqkJZKJ2
 LOG  👤 User2 (Them): CsFleJon8thWdQ08rbztMJPsWAb2
 LOG  🏢 Group: rx01BYFAEivzEeCxd5bU
 LOG  📋 Total expenses found: 4
 LOG  
💰 Expense 1: "Myer"
 LOG  💵 Amount: 320
 LOG  💳 Paid by: CsFleJon8thWdQ08rbztMJPsWAb2
 LOG  📊 Split data: ["7EUSVFvzTicHY63vEFFKMqkJZKJ2: 106.66666666666667 (paid: true)", "CsFleJon8thWdQ08rbztMJPsWAb2: 106.66666666666667 (paid: false)", "Jm7Sm7th1gOtpG1IttvPPIBgUG83: 106.66666666666667 (paid: false)"]
 LOG  👥 Someone else paid (CsFleJon8thWdQ08rbztMJPsWAb2) - no direct balance impact
 LOG  📊 Expense balance: 0
 LOG  📊 Running total: 0
 LOG  
💰 Expense 2: "Coles"
 LOG  💵 Amount: 200
 LOG  💳 Paid by: Jm7Sm7th1gOtpG1IttvPPIBgUG83
 LOG  📊 Split data: ["7EUSVFvzTicHY63vEFFKMqkJZKJ2: 100 (paid: false)", "Jm7Sm7th1gOtpG1IttvPPIBgUG83: 100 (paid: false)"]
 LOG  ➖ User1 owes User2: 100 (UNPAID)
 LOG  📊 Expense balance: -100
 LOG  📊 Running total: -100
 LOG  
💰 Expense 3: "Icecream"
 LOG  💵 Amount: 250
 LOG  💳 Paid by: CsFleJon8thWdQ08rbztMJPsWAb2
 LOG  📊 Split data: ["7EUSVFvzTicHY63vEFFKMqkJZKJ2: 83.33333333333333 (paid: true)", "CsFleJon8thWdQ08rbztMJPsWAb2: 83.33333333333333 (paid: false)", "Jm7Sm7th1gOtpG1IttvPPIBgUG83: 83.33333333333333 (paid: false)"]
 LOG  👥 Someone else paid (CsFleJon8thWdQ08rbztMJPsWAb2) - no direct balance impact
 LOG  📊 Expense balance: 0
 LOG  📊 Running total: -100
 LOG  
💰 Expense 4: "Dinner"
 LOG  💵 Amount: 150
 LOG  💳 Paid by: 7EUSVFvzTicHY63vEFFKMqkJZKJ2
 LOG  📊 Split data: ["7EUSVFvzTicHY63vEFFKMqkJZKJ2: 50 (paid: false)", "CsFleJon8thWdQ08rbztMJPsWAb2: 50 (paid: true)", "Jm7Sm7th1gOtpG1IttvPPIBgUG83: 50 (paid: true)"]
 LOG  ✅ User2 split: 50 (ALREADY PAID)
 LOG  📊 Expense balance: 0
 LOG  📊 Running total: -100
 LOG  
✅ === FINAL RESULT ===
 LOG  🔢 Final balance: -100
 LOG  💭 Interpretation: User1 owes User2
 LOG  ===============================
 LOG  💰 Balance with Set3: -100
 LOG  ✅ Total balance for Home: -100
 LOG  📋 Final group balances: [["rx01BYFAEivzEeCxd5bU", 133.34], ["aWT0Jz1AlM6jmAKNBqJW", -100]]
 LOG  🏷️  Rendering group card: Office
 LOG  💳 Group balance from map: 133.34
 LOG  📊 Display: owed 133.34
 LOG  🏷️  Rendering group card: Home
 LOG  💳 Group balance from map: -100
 LOG  📊 Display: owes 100
 LOG  ❌ GroupDetailsModal: Not rendering - visible: false localGroupData: true
 LOG  📊 useBalances: Current state: {"friendCount": 2, "friendsDataCount": 4, "groupMemberCount": 0, "netBalance": 33.33, "totalOwed": 66.67, "totalOwing": 33.33, "totalRelationships": 2}
 LOG  📊 useBalances: Friends breakdown: [{"balance": -33.33333333333333, "name": "Set3", "source": "friend"}, {"balance": 66.66666666666667, "name": "Set2", "source": "friend"}]
 LOG  📊 useBalances: Group members breakdown: []
 LOG  📊 useBalances: Current state: {"friendCount": 2, "friendsDataCount": 4, "groupMemberCount": 0, "netBalance": 33.33, "totalOwed": 66.67, "totalOwing": 33.33, "totalRelationships": 2}
 LOG  📊 useBalances: Friends breakdown: [{"balance": -33.33333333333333, "name": "Set3", "source": "friend"}, {"balance": 66.66666666666667, "name": "Set2", "source": "friend"}]
 LOG  📊 useBalances: Group members breakdown: []
 LOG  🔄 Loading settlement balances for user: 7EUSVFvzTicHY63vEFFKMqkJZKJ2
 LOG  🔄 Calculating SETTLEMENT balances for user: 7EUSVFvzTicHY63vEFFKMqkJZKJ2
 LOG  📋 Total expenses found: 1
 LOG  
💰 Expense 1: "Woolies"
 LOG  💵 Amount: 200
 LOG  💳 Paid by: 7EUSVFvzTicHY63vEFFKMqkJZKJ2
 LOG  📊 Split data: ["7EUSVFvzTicHY63vEFFKMqkJZKJ2: 66.66666666666667 (paid: false)", "CsFleJon8thWdQ08rbztMJPsWAb2: 66.66666666666667 (paid: false)", "Jm7Sm7th1gOtpG1IttvPPIBgUG83: 66.66666666666667 (paid: false)"]
 LOG  ➕ User2 owes User1: 66.66666666666667 (UNPAID)
 LOG  📊 Expense balance: 66.66666666666667
 LOG  📊 Running total: 66.66666666666667
 LOG  
✅ === FINAL RESULT ===
 LOG  🔢 Final balance: 66.67
 LOG  💭 Interpretation: User2 owes User1
 LOG  ===============================
 LOG  💰 Settlement: Set2 in Office: 66.67
 LOG  
🔍 === DETAILED BALANCE CALCULATION ===
 LOG  👤 User1 (You): 7EUSVFvzTicHY63vEFFKMqkJZKJ2
 LOG  👤 User2 (Them): Jm7Sm7th1gOtpG1IttvPPIBgUG83
 LOG  🏢 Group: rx01BYFAEivzEeCxd5bU
 LOG  🔍 Fetching pending invitations for user: 7EUSVFvzTicHY63vEFFKMqkJZKJ2
 LOG  📋 Total expenses found: 1
 LOG  
💰 Expense 1: "Woolies"
 LOG  💵 Amount: 200
 LOG  💳 Paid by: 7EUSVFvzTicHY63vEFFKMqkJZKJ2
 LOG  📊 Split data: ["7EUSVFvzTicHY63vEFFKMqkJZKJ2: 66.66666666666667 (paid: false)", "CsFleJon8thWdQ08rbztMJPsWAb2: 66.66666666666667 (paid: false)", "Jm7Sm7th1gOtpG1IttvPPIBgUG83: 66.66666666666667 (paid: false)"]
 LOG  ➕ User2 owes User1: 66.66666666666667 (UNPAID)
 LOG  📊 Expense balance: 66.66666666666667
 LOG  📊 Running total: 66.66666666666667
 LOG  
✅ === FINAL RESULT ===
 LOG  🔢 Final balance: 66.67
 LOG  💭 Interpretation: User2 owes User1
 LOG  ===============================
 LOG  💰 Settlement: Set3 in Office: 66.67
 LOG  Processing settlement balances for group: Home with 3 members
 LOG  
🔍 === DETAILED BALANCE CALCULATION ===
 LOG  👤 User1 (You): 7EUSVFvzTicHY63vEFFKMqkJZKJ2
 LOG  👤 User2 (Them): CsFleJon8thWdQ08rbztMJPsWAb2
 LOG  🏢 Group: aWT0Jz1AlM6jmAKNBqJW
 LOG  📧 Found 0 sent email friend requests (existing users)
 LOG  📋 Total expenses found: 4
 LOG  
💰 Expense 1: "Myer"
 LOG  💵 Amount: 320
 LOG  💳 Paid by: CsFleJon8thWdQ08rbztMJPsWAb2
 LOG  📊 Split data: ["7EUSVFvzTicHY63vEFFKMqkJZKJ2: 106.66666666666667 (paid: true)", "CsFleJon8thWdQ08rbztMJPsWAb2: 106.66666666666667 (paid: false)", "Jm7Sm7th1gOtpG1IttvPPIBgUG83: 106.66666666666667 (paid: false)"]
 LOG  ✅ User1 split: 106.66666666666667 (ALREADY PAID)
 LOG  📊 Expense balance: 0
 LOG  📊 Running total: 0
 LOG  
💰 Expense 2: "Coles"
 LOG  💵 Amount: 200
 LOG  💳 Paid by: Jm7Sm7th1gOtpG1IttvPPIBgUG83
 LOG  📊 Split data: ["7EUSVFvzTicHY63vEFFKMqkJZKJ2: 100 (paid: false)", "Jm7Sm7th1gOtpG1IttvPPIBgUG83: 100 (paid: false)"]
 LOG  👥 Someone else paid (Jm7Sm7th1gOtpG1IttvPPIBgUG83) - no direct balance impact
 LOG  📊 Expense balance: 0
 LOG  📊 Running total: 0
 LOG  
💰 Expense 3: "Icecream"
 LOG  💵 Amount: 250
 LOG  💳 Paid by: CsFleJon8thWdQ08rbztMJPsWAb2
 LOG  📊 Split data: ["7EUSVFvzTicHY63vEFFKMqkJZKJ2: 83.33333333333333 (paid: true)", "CsFleJon8thWdQ08rbztMJPsWAb2: 83.33333333333333 (paid: false)", "Jm7Sm7th1gOtpG1IttvPPIBgUG83: 83.33333333333333 (paid: false)"]
 LOG  ✅ User1 split: 83.33333333333333 (ALREADY PAID)
 LOG  📊 Expense balance: 0
 LOG  📊 Running total: 0
 LOG  
💰 Expense 4: "Dinner"
 LOG  💵 Amount: 150
 LOG  💳 Paid by: 7EUSVFvzTicHY63vEFFKMqkJZKJ2
 LOG  📊 Split data: ["7EUSVFvzTicHY63vEFFKMqkJZKJ2: 50 (paid: false)", "CsFleJon8thWdQ08rbztMJPsWAb2: 50 (paid: true)", "Jm7Sm7th1gOtpG1IttvPPIBgUG83: 50 (paid: true)"]
 LOG  ✅ User2 split: 50 (ALREADY PAID)
 LOG  📊 Expense balance: 0
 LOG  📊 Running total: 0
 LOG  
✅ === FINAL RESULT ===
 LOG  🔢 Final balance: 0
 LOG  💭 Interpretation: No balance
 LOG  ===============================
 LOG  
🔍 === DETAILED BALANCE CALCULATION ===
 LOG  👤 User1 (You): 7EUSVFvzTicHY63vEFFKMqkJZKJ2
 LOG  👤 User2 (Them): Jm7Sm7th1gOtpG1IttvPPIBgUG83
 LOG  🏢 Group: aWT0Jz1AlM6jmAKNBqJW
 LOG  📧 Found 0 received email friend requests (existing users)
 LOG  📋 Total expenses found: 4
 LOG  
💰 Expense 1: "Myer"
 LOG  💵 Amount: 320
 LOG  💳 Paid by: CsFleJon8thWdQ08rbztMJPsWAb2
 LOG  📊 Split data: ["7EUSVFvzTicHY63vEFFKMqkJZKJ2: 106.66666666666667 (paid: true)", "CsFleJon8thWdQ08rbztMJPsWAb2: 106.66666666666667 (paid: false)", "Jm7Sm7th1gOtpG1IttvPPIBgUG83: 106.66666666666667 (paid: false)"]
 LOG  👥 Someone else paid (CsFleJon8thWdQ08rbztMJPsWAb2) - no direct balance impact
 LOG  📊 Expense balance: 0
 LOG  📊 Running total: 0
 LOG  
💰 Expense 2: "Coles"
 LOG  💵 Amount: 200
 LOG  💳 Paid by: Jm7Sm7th1gOtpG1IttvPPIBgUG83
 LOG  📊 Split data: ["7EUSVFvzTicHY63vEFFKMqkJZKJ2: 100 (paid: false)", "Jm7Sm7th1gOtpG1IttvPPIBgUG83: 100 (paid: false)"]
 LOG  ➖ User1 owes User2: 100 (UNPAID)
 LOG  📊 Expense balance: -100
 LOG  📊 Running total: -100
 LOG  
💰 Expense 3: "Icecream"
 LOG  💵 Amount: 250
 LOG  💳 Paid by: CsFleJon8thWdQ08rbztMJPsWAb2
 LOG  📊 Split data: ["7EUSVFvzTicHY63vEFFKMqkJZKJ2: 83.33333333333333 (paid: true)", "CsFleJon8thWdQ08rbztMJPsWAb2: 83.33333333333333 (paid: false)", "Jm7Sm7th1gOtpG1IttvPPIBgUG83: 83.33333333333333 (paid: false)"]
 LOG  👥 Someone else paid (CsFleJon8thWdQ08rbztMJPsWAb2) - no direct balance impact
 LOG  📊 Expense balance: 0
 LOG  📊 Running total: -100
 LOG  
💰 Expense 4: "Dinner"
 LOG  💵 Amount: 150
 LOG  💳 Paid by: 7EUSVFvzTicHY63vEFFKMqkJZKJ2
 LOG  📊 Split data: ["7EUSVFvzTicHY63vEFFKMqkJZKJ2: 50 (paid: false)", "CsFleJon8thWdQ08rbztMJPsWAb2: 50 (paid: true)", "Jm7Sm7th1gOtpG1IttvPPIBgUG83: 50 (paid: true)"]
 LOG  ✅ User2 split: 50 (ALREADY PAID)
 LOG  📊 Expense balance: 0
 LOG  📊 Running total: -100
 LOG  
✅ === FINAL RESULT ===
 LOG  🔢 Final balance: -100
 LOG  💭 Interpretation: User1 owes User2
 LOG  ===============================
 LOG  💰 Settlement: Set3 in Home: -100
 LOG  ✅ SETTLEMENT balance calculation complete: {"friendEntries": 2, "groupEntries": 3, "totalEntries": 5}
 LOG  📊 Raw settlement balances from friendsBalances: [{"avatar": "", "balance": -33.33333333333333, "breakdown": {"fromFriendships": -33.33333333333333, "fromGroups": [Object]}, "email": "set3@gmail.com", "lastUpdated": [Object], "name": "Set3", "source": "friend", "userId": "Jm7Sm7th1gOtpG1IttvPPIBgUG83"}, {"avatar": "", "balance": 66.66666666666667, "breakdown": {"fromFriendships": 66.66666666666667, "fromGroups": [Object]}, "email": "set2@gmail.com", "lastUpdated": [Object], "name": "Set2", "source": "friend", "userId": "CsFleJon8thWdQ08rbztMJPsWAb2"}, {"avatar": "", "balance": 66.67, "breakdown": {"fromFriendships": 0, "fromGroups": [Object]}, "email": "set2@gmail.com", "groupId": "rx01BYFAEivzEeCxd5bU", "groupName": "Office", "lastUpdated": 2025-08-01T22:54:11.113Z, "name": "Set2", "source": "group", "userId": "CsFleJon8thWdQ08rbztMJPsWAb2"}, {"avatar": "", "balance": 66.67, "breakdown": {"fromFriendships": 0, "fromGroups": [Object]}, "email": "set3@gmail.com", "groupId": "rx01BYFAEivzEeCxd5bU", "groupName": "Office", "lastUpdated": 2025-08-01T22:54:11.202Z, "name": "Set3", "source": "group", "userId": "Jm7Sm7th1gOtpG1IttvPPIBgUG83"}, {"avatar": "", "balance": -100, "breakdown": {"fromFriendships": 0, "fromGroups": [Object]}, "email": "set3@gmail.com", "groupId": "aWT0Jz1AlM6jmAKNBqJW", "groupName": "Home", "lastUpdated": 2025-08-01T22:54:11.354Z, "name": "Set3", "source": "group", "userId": "Jm7Sm7th1gOtpG1IttvPPIBgUG83"}]
 LOG  👥 Settlement balances after processing: 2 entries
 LOG  👥 Non-zero balances: 5
 LOG  👥 Settled friends added: 0
 LOG  👥 Detailed settlement balances: [{"balance": -100, "email": "set3@gmail.com", "groupId": "aWT0Jz1AlM6jmAKNBqJW", "groupName": "Home", "name": "Set3", "source": "group", "userId": "Jm7Sm7th1gOtpG1IttvPPIBgUG83"}, {"balance": 66.67, "email": "set2@gmail.com", "groupId": "rx01BYFAEivzEeCxd5bU", "groupName": "Office", "name": "Set2", "source": "group", "userId": "CsFleJon8thWdQ08rbztMJPsWAb2"}]
 LOG  🏷️  Rendering group card: Office
 LOG  💳 Group balance from map: 133.34
 LOG  📊 Display: owed 133.34
 LOG  🏷️  Rendering group card: Home
 LOG  💳 Group balance from map: -100
 LOG  📊 Display: owes 100
 LOG  ❌ GroupDetailsModal: Not rendering - visible: false localGroupData: true
 LOG  📧 Found 1 email invitations (new users)
 LOG  📋 Email invitation (new user): {"fromUserId": "7EUSVFvzTicHY63vEFFKMqkJZKJ2", "id": "itgZL3iWPKpz6kBZm0oK", "status": "sent", "toEmail": "set4@gmail.com"}
 LOG  📱 Found 0 pending SMS/WhatsApp invitations
 LOG  ✅ Returning 1 total pending invitations: {"newEmailUsers": 1, "receivedExistingUsers": 0, "sentExistingUsers": 0, "smsWhatsApp": 0}
 LOG  Processing 4 friendships for settlement
 LOG  Processing 2 groups for settlement
 LOG  Processing settlement balances for group: Office with 3 members
 LOG  
🔍 === DETAILED BALANCE CALCULATION ===
 LOG  👤 User1 (You): 7EUSVFvzTicHY63vEFFKMqkJZKJ2
 LOG  👤 User2 (Them): CsFleJon8thWdQ08rbztMJPsWAb2
 LOG  🏢 Group: rx01BYFAEivzEeCxd5bU
 LOG  📋 Total expenses found: 1
 LOG  
💰 Expense 1: "Woolies"
 LOG  💵 Amount: 200
 LOG  💳 Paid by: 7EUSVFvzTicHY63vEFFKMqkJZKJ2
 LOG  📊 Split data: ["7EUSVFvzTicHY63vEFFKMqkJZKJ2: 66.66666666666667 (paid: false)", "CsFleJon8thWdQ08rbztMJPsWAb2: 66.66666666666667 (paid: false)", "Jm7Sm7th1gOtpG1IttvPPIBgUG83: 66.66666666666667 (paid: false)"]
 LOG  ➕ User2 owes User1: 66.66666666666667 (UNPAID)
 LOG  📊 Expense balance: 66.66666666666667
 LOG  📊 Running total: 66.66666666666667
 LOG  
✅ === FINAL RESULT ===
 LOG  🔢 Final balance: 66.67
 LOG  💭 Interpretation: User2 owes User1
 LOG  ===============================
 LOG  💰 Settlement: Set2 in Office: 66.67
 LOG  
🔍 === DETAILED BALANCE CALCULATION ===
 LOG  👤 User1 (You): 7EUSVFvzTicHY63vEFFKMqkJZKJ2
 LOG  👤 User2 (Them): Jm7Sm7th1gOtpG1IttvPPIBgUG83
 LOG  🏢 Group: rx01BYFAEivzEeCxd5bU
 LOG  📋 Total expenses found: 1
 LOG  
💰 Expense 1: "Woolies"
 LOG  💵 Amount: 200
 LOG  💳 Paid by: 7EUSVFvzTicHY63vEFFKMqkJZKJ2
 LOG  📊 Split data: ["7EUSVFvzTicHY63vEFFKMqkJZKJ2: 66.66666666666667 (paid: false)", "CsFleJon8thWdQ08rbztMJPsWAb2: 66.66666666666667 (paid: false)", "Jm7Sm7th1gOtpG1IttvPPIBgUG83: 66.66666666666667 (paid: false)"]
 LOG  ➕ User2 owes User1: 66.66666666666667 (UNPAID)
 LOG  📊 Expense balance: 66.66666666666667
 LOG  📊 Running total: 66.66666666666667
 LOG  
✅ === FINAL RESULT ===
 LOG  🔢 Final balance: 66.67
 LOG  💭 Interpretation: User2 owes User1
 LOG  ===============================
 LOG  💰 Settlement: Set3 in Office: 66.67
 LOG  Processing settlement balances for group: Home with 3 members
 LOG  
🔍 === DETAILED BALANCE CALCULATION ===
 LOG  👤 User1 (You): 7EUSVFvzTicHY63vEFFKMqkJZKJ2
 LOG  👤 User2 (Them): CsFleJon8thWdQ08rbztMJPsWAb2
 LOG  🏢 Group: aWT0Jz1AlM6jmAKNBqJW
 LOG  📋 Total expenses found: 4
 LOG  
💰 Expense 1: "Myer"
 LOG  💵 Amount: 320
 LOG  💳 Paid by: CsFleJon8thWdQ08rbztMJPsWAb2
 LOG  📊 Split data: ["7EUSVFvzTicHY63vEFFKMqkJZKJ2: 106.66666666666667 (paid: true)", "CsFleJon8thWdQ08rbztMJPsWAb2: 106.66666666666667 (paid: false)", "Jm7Sm7th1gOtpG1IttvPPIBgUG83: 106.66666666666667 (paid: false)"]
 LOG  ✅ User1 split: 106.66666666666667 (ALREADY PAID)
 LOG  📊 Expense balance: 0
 LOG  📊 Running total: 0
 LOG  
💰 Expense 2: "Coles"
 LOG  💵 Amount: 200
 LOG  💳 Paid by: Jm7Sm7th1gOtpG1IttvPPIBgUG83
 LOG  📊 Split data: ["7EUSVFvzTicHY63vEFFKMqkJZKJ2: 100 (paid: false)", "Jm7Sm7th1gOtpG1IttvPPIBgUG83: 100 (paid: false)"]
 LOG  👥 Someone else paid (Jm7Sm7th1gOtpG1IttvPPIBgUG83) - no direct balance impact
 LOG  📊 Expense balance: 0
 LOG  📊 Running total: 0
 LOG  
💰 Expense 3: "Icecream"
 LOG  💵 Amount: 250
 LOG  💳 Paid by: CsFleJon8thWdQ08rbztMJPsWAb2
 LOG  📊 Split data: ["7EUSVFvzTicHY63vEFFKMqkJZKJ2: 83.33333333333333 (paid: true)", "CsFleJon8thWdQ08rbztMJPsWAb2: 83.33333333333333 (paid: false)", "Jm7Sm7th1gOtpG1IttvPPIBgUG83: 83.33333333333333 (paid: false)"]
 LOG  ✅ User1 split: 83.33333333333333 (ALREADY PAID)
 LOG  📊 Expense balance: 0
 LOG  📊 Running total: 0
 LOG  
💰 Expense 4: "Dinner"
 LOG  💵 Amount: 150
 LOG  💳 Paid by: 7EUSVFvzTicHY63vEFFKMqkJZKJ2
 LOG  📊 Split data: ["7EUSVFvzTicHY63vEFFKMqkJZKJ2: 50 (paid: false)", "CsFleJon8thWdQ08rbztMJPsWAb2: 50 (paid: true)", "Jm7Sm7th1gOtpG1IttvPPIBgUG83: 50 (paid: true)"]
 LOG  ✅ User2 split: 50 (ALREADY PAID)
 LOG  📊 Expense balance: 0
 LOG  📊 Running total: 0
 LOG  
✅ === FINAL RESULT ===
 LOG  🔢 Final balance: 0
 LOG  💭 Interpretation: No balance
 LOG  ===============================
 LOG  
🔍 === DETAILED BALANCE CALCULATION ===
 LOG  👤 User1 (You): 7EUSVFvzTicHY63vEFFKMqkJZKJ2
 LOG  👤 User2 (Them): Jm7Sm7th1gOtpG1IttvPPIBgUG83
 LOG  🏢 Group: aWT0Jz1AlM6jmAKNBqJW
 LOG  📋 Total expenses found: 4
 LOG  
💰 Expense 1: "Myer"
 LOG  💵 Amount: 320
 LOG  💳 Paid by: CsFleJon8thWdQ08rbztMJPsWAb2
 LOG  📊 Split data: ["7EUSVFvzTicHY63vEFFKMqkJZKJ2: 106.66666666666667 (paid: true)", "CsFleJon8thWdQ08rbztMJPsWAb2: 106.66666666666667 (paid: false)", "Jm7Sm7th1gOtpG1IttvPPIBgUG83: 106.66666666666667 (paid: false)"]
 LOG  👥 Someone else paid (CsFleJon8thWdQ08rbztMJPsWAb2) - no direct balance impact
 LOG  📊 Expense balance: 0
 LOG  📊 Running total: 0
 LOG  
💰 Expense 2: "Coles"
 LOG  💵 Amount: 200
 LOG  💳 Paid by: Jm7Sm7th1gOtpG1IttvPPIBgUG83
 LOG  📊 Split data: ["7EUSVFvzTicHY63vEFFKMqkJZKJ2: 100 (paid: false)", "Jm7Sm7th1gOtpG1IttvPPIBgUG83: 100 (paid: false)"]
 LOG  ➖ User1 owes User2: 100 (UNPAID)
 LOG  📊 Expense balance: -100
 LOG  📊 Running total: -100
 LOG  
💰 Expense 3: "Icecream"
 LOG  💵 Amount: 250
 LOG  💳 Paid by: CsFleJon8thWdQ08rbztMJPsWAb2
 LOG  📊 Split data: ["7EUSVFvzTicHY63vEFFKMqkJZKJ2: 83.33333333333333 (paid: true)", "CsFleJon8thWdQ08rbztMJPsWAb2: 83.33333333333333 (paid: false)", "Jm7Sm7th1gOtpG1IttvPPIBgUG83: 83.33333333333333 (paid: false)"]
 LOG  👥 Someone else paid (CsFleJon8thWdQ08rbztMJPsWAb2) - no direct balance impact
 LOG  📊 Expense balance: 0
 LOG  📊 Running total: -100
 LOG  
💰 Expense 4: "Dinner"
 LOG  💵 Amount: 150
 LOG  💳 Paid by: 7EUSVFvzTicHY63vEFFKMqkJZKJ2
 LOG  📊 Split data: ["7EUSVFvzTicHY63vEFFKMqkJZKJ2: 50 (paid: false)", "CsFleJon8thWdQ08rbztMJPsWAb2: 50 (paid: true)", "Jm7Sm7th1gOtpG1IttvPPIBgUG83: 50 (paid: true)"]
 LOG  ✅ User2 split: 50 (ALREADY PAID)
 LOG  📊 Expense balance: 0
 LOG  📊 Running total: -100
 LOG  
✅ === FINAL RESULT ===
 LOG  🔢 Final balance: -100
 LOG  💭 Interpretation: User1 owes User2
 LOG  ===============================
 LOG  💰 Settlement: Set3 in Home: -100
 LOG  ✅ SETTLEMENT balance calculation complete: {"friendEntries": 2, "groupEntries": 3, "totalEntries": 5}
 LOG  📊 Raw settlement balances from friendsBalances: [{"avatar": "", "balance": -33.33333333333333, "breakdown": {"fromFriendships": -33.33333333333333, "fromGroups": [Object]}, "email": "set3@gmail.com", "lastUpdated": [Object], "name": "Set3", "source": "friend", "userId": "Jm7Sm7th1gOtpG1IttvPPIBgUG83"}, {"avatar": "", "balance": 66.66666666666667, "breakdown": {"fromFriendships": 66.66666666666667, "fromGroups": [Object]}, "email": "set2@gmail.com", "lastUpdated": [Object], "name": "Set2", "source": "friend", "userId": "CsFleJon8thWdQ08rbztMJPsWAb2"}, {"avatar": "", "balance": 66.67, "breakdown": {"fromFriendships": 0, "fromGroups": [Object]}, "email": "set2@gmail.com", "groupId": "rx01BYFAEivzEeCxd5bU", "groupName": "Office", "lastUpdated": 2025-08-01T22:54:11.603Z, "name": "Set2", "source": "group", "userId": "CsFleJon8thWdQ08rbztMJPsWAb2"}, {"avatar": "", "balance": 66.67, "breakdown": {"fromFriendships": 0, "fromGroups": [Object]}, "email": "set3@gmail.com", "groupId": "rx01BYFAEivzEeCxd5bU", "groupName": "Office", "lastUpdated": 2025-08-01T22:54:11.693Z, "name": "Set3", "source": "group", "userId": "Jm7Sm7th1gOtpG1IttvPPIBgUG83"}, {"avatar": "", "balance": -100, "breakdown": {"fromFriendships": 0, "fromGroups": [Object]}, "email": "set3@gmail.com", "groupId": "aWT0Jz1AlM6jmAKNBqJW", "groupName": "Home", "lastUpdated": 2025-08-01T22:54:11.913Z, "name": "Set3", "source": "group", "userId": "Jm7Sm7th1gOtpG1IttvPPIBgUG83"}]
 LOG  👥 Settlement balances after processing: 2 entries
 LOG  👥 Non-zero balances: 5
 LOG  👥 Settled friends added: 0
 LOG  👥 Detailed settlement balances: [{"balance": -100, "email": "set3@gmail.com", "groupId": "aWT0Jz1AlM6jmAKNBqJW", "groupName": "Home", "name": "Set3", "source": "group", "userId": "Jm7Sm7th1gOtpG1IttvPPIBgUG83"}, {"balance": 66.67, "email": "set2@gmail.com", "groupId": "rx01BYFAEivzEeCxd5bU", "groupName": "Office", "name": "Set2", "source": "group", "userId": "CsFleJon8thWdQ08rbztMJPsWAb2"}]
 LOG  🏷️  Rendering group card: Office
 LOG  💳 Group balance from map: 133.34
 LOG  📊 Display: owed 133.34
 LOG  🏷️  Rendering group card: Home
 LOG  💳 Group balance from map: -100
 LOG  📊 Display: owes 100
 LOG  ❌ GroupDetailsModal: Not rendering - visible: false localGroupData: true
 LOG  🔍 Group clicked: Office rx01BYFAEivzEeCxd5bU
 LOG  📱 Modal state set to visible
 LOG  🏷️  Rendering group card: Office
 LOG  💳 Group balance from map: 133.34
 LOG  📊 Display: owed 133.34
 LOG  🏷️  Rendering group card: Home
 LOG  💳 Group balance from map: -100
 LOG  📊 Display: owes 100
 LOG  📊 GroupDetailsModal: group prop changed: Office rx01BYFAEivzEeCxd5bU
 LOG  ✅ GroupDetailsModal: localGroupData set
 LOG  Loading fresh group data for: rx01BYFAEivzEeCxd5bU
 LOG  Loading expenses for group: aWT0Jz1AlM6jmAKNBqJW
 LOG  🔄 Calculating member balances for group: Home
 LOG  👥 Group has 3 members
 LOG  ⏭️  Current user (Set): 0
 LOG  🔍 Calculating balance with Set2 (CsFleJon8thWdQ08rbztMJPsWAb2)
 LOG  
🔍 === DETAILED BALANCE CALCULATION ===
 LOG  👤 User1 (You): 7EUSVFvzTicHY63vEFFKMqkJZKJ2
 LOG  👤 User2 (Them): CsFleJon8thWdQ08rbztMJPsWAb2
 LOG  🏢 Group: aWT0Jz1AlM6jmAKNBqJW
 LOG  Loading expenses for group: rx01BYFAEivzEeCxd5bU
 LOG  🔄 Calculating member balances for group: Office
 LOG  👥 Group has 3 members
 LOG  ⏭️  Current user (Set): 0
 LOG  🔍 Calculating balance with Set2 (CsFleJon8thWdQ08rbztMJPsWAb2)
 LOG  
🔍 === DETAILED BALANCE CALCULATION ===
 LOG  👤 User1 (You): 7EUSVFvzTicHY63vEFFKMqkJZKJ2
 LOG  👤 User2 (Them): CsFleJon8thWdQ08rbztMJPsWAb2
 LOG  🏢 Group: rx01BYFAEivzEeCxd5bU
 LOG  Updated local group data with 3 members
 LOG  Loading expenses for group: rx01BYFAEivzEeCxd5bU
 LOG  🔄 Calculating member balances for group: Office
 LOG  👥 Group has 3 members
 LOG  ⏭️  Current user (Set): 0
 LOG  🔍 Calculating balance with Set2 (CsFleJon8thWdQ08rbztMJPsWAb2)
 LOG  
🔍 === DETAILED BALANCE CALCULATION ===
 LOG  👤 User1 (You): 7EUSVFvzTicHY63vEFFKMqkJZKJ2
 LOG  👤 User2 (Them): CsFleJon8thWdQ08rbztMJPsWAb2
 LOG  🏢 Group: rx01BYFAEivzEeCxd5bU
 LOG  Loaded expenses: 4
 LOG  📋 Total expenses found: 4
 LOG  
💰 Expense 1: "Myer"
 LOG  💵 Amount: 320
 LOG  💳 Paid by: CsFleJon8thWdQ08rbztMJPsWAb2
 LOG  📊 Split data: ["7EUSVFvzTicHY63vEFFKMqkJZKJ2: 106.66666666666667 (paid: true)", "CsFleJon8thWdQ08rbztMJPsWAb2: 106.66666666666667 (paid: false)", "Jm7Sm7th1gOtpG1IttvPPIBgUG83: 106.66666666666667 (paid: false)"]
 LOG  ✅ User1 split: 106.66666666666667 (ALREADY PAID)
 LOG  📊 Expense balance: 0
 LOG  📊 Running total: 0
 LOG  
💰 Expense 2: "Coles"
 LOG  💵 Amount: 200
 LOG  💳 Paid by: Jm7Sm7th1gOtpG1IttvPPIBgUG83
 LOG  📊 Split data: ["7EUSVFvzTicHY63vEFFKMqkJZKJ2: 100 (paid: false)", "Jm7Sm7th1gOtpG1IttvPPIBgUG83: 100 (paid: false)"]
 LOG  👥 Someone else paid (Jm7Sm7th1gOtpG1IttvPPIBgUG83) - no direct balance impact
 LOG  📊 Expense balance: 0
 LOG  📊 Running total: 0
 LOG  
💰 Expense 3: "Icecream"
 LOG  💵 Amount: 250
 LOG  💳 Paid by: CsFleJon8thWdQ08rbztMJPsWAb2
 LOG  📊 Split data: ["7EUSVFvzTicHY63vEFFKMqkJZKJ2: 83.33333333333333 (paid: true)", "CsFleJon8thWdQ08rbztMJPsWAb2: 83.33333333333333 (paid: false)", "Jm7Sm7th1gOtpG1IttvPPIBgUG83: 83.33333333333333 (paid: false)"]
 LOG  ✅ User1 split: 83.33333333333333 (ALREADY PAID)
 LOG  📊 Expense balance: 0
 LOG  📊 Running total: 0
 LOG  
💰 Expense 4: "Dinner"
 LOG  💵 Amount: 150
 LOG  💳 Paid by: 7EUSVFvzTicHY63vEFFKMqkJZKJ2
 LOG  📊 Split data: ["7EUSVFvzTicHY63vEFFKMqkJZKJ2: 50 (paid: false)", "CsFleJon8thWdQ08rbztMJPsWAb2: 50 (paid: true)", "Jm7Sm7th1gOtpG1IttvPPIBgUG83: 50 (paid: true)"]
 LOG  ✅ User2 split: 50 (ALREADY PAID)
 LOG  📊 Expense balance: 0
 LOG  📊 Running total: 0
 LOG  
✅ === FINAL RESULT ===
 LOG  🔢 Final balance: 0
 LOG  💭 Interpretation: No balance
 LOG  ===============================
 LOG  💰 Balance with Set2: 0
 LOG  🔍 Calculating balance with Set3 (Jm7Sm7th1gOtpG1IttvPPIBgUG83)
 LOG  
🔍 === DETAILED BALANCE CALCULATION ===
 LOG  👤 User1 (You): 7EUSVFvzTicHY63vEFFKMqkJZKJ2
 LOG  👤 User2 (Them): Jm7Sm7th1gOtpG1IttvPPIBgUG83
 LOG  🏢 Group: aWT0Jz1AlM6jmAKNBqJW
 LOG  Loaded expenses: 1
 LOG  📋 Total expenses found: 1
 LOG  
💰 Expense 1: "Woolies"
 LOG  💵 Amount: 200
 LOG  💳 Paid by: 7EUSVFvzTicHY63vEFFKMqkJZKJ2
 LOG  📊 Split data: ["7EUSVFvzTicHY63vEFFKMqkJZKJ2: 66.66666666666667 (paid: false)", "CsFleJon8thWdQ08rbztMJPsWAb2: 66.66666666666667 (paid: false)", "Jm7Sm7th1gOtpG1IttvPPIBgUG83: 66.66666666666667 (paid: false)"]
 LOG  ➕ User2 owes User1: 66.66666666666667 (UNPAID)
 LOG  📊 Expense balance: 66.66666666666667
 LOG  📊 Running total: 66.66666666666667
 LOG  
✅ === FINAL RESULT ===
 LOG  🔢 Final balance: 66.67
 LOG  💭 Interpretation: User2 owes User1
 LOG  ===============================
 LOG  💰 Balance with Set2: 66.67
 LOG  🔍 Calculating balance with Set3 (Jm7Sm7th1gOtpG1IttvPPIBgUG83)
 LOG  
🔍 === DETAILED BALANCE CALCULATION ===
 LOG  👤 User1 (You): 7EUSVFvzTicHY63vEFFKMqkJZKJ2
 LOG  👤 User2 (Them): Jm7Sm7th1gOtpG1IttvPPIBgUG83
 LOG  🏢 Group: rx01BYFAEivzEeCxd5bU
 LOG  Loaded expenses: 1
 LOG  📋 Total expenses found: 1
 LOG  
💰 Expense 1: "Woolies"
 LOG  💵 Amount: 200
 LOG  💳 Paid by: 7EUSVFvzTicHY63vEFFKMqkJZKJ2
 LOG  📊 Split data: ["7EUSVFvzTicHY63vEFFKMqkJZKJ2: 66.66666666666667 (paid: false)", "CsFleJon8thWdQ08rbztMJPsWAb2: 66.66666666666667 (paid: false)", "Jm7Sm7th1gOtpG1IttvPPIBgUG83: 66.66666666666667 (paid: false)"]
 LOG  ➕ User2 owes User1: 66.66666666666667 (UNPAID)
 LOG  📊 Expense balance: 66.66666666666667
 LOG  📊 Running total: 66.66666666666667
 LOG  
✅ === FINAL RESULT ===
 LOG  🔢 Final balance: 66.67
 LOG  💭 Interpretation: User2 owes User1
 LOG  ===============================
 LOG  💰 Balance with Set2: 66.67
 LOG  🔍 Calculating balance with Set3 (Jm7Sm7th1gOtpG1IttvPPIBgUG83)
 LOG  
🔍 === DETAILED BALANCE CALCULATION ===
 LOG  👤 User1 (You): 7EUSVFvzTicHY63vEFFKMqkJZKJ2
 LOG  👤 User2 (Them): Jm7Sm7th1gOtpG1IttvPPIBgUG83
 LOG  🏢 Group: rx01BYFAEivzEeCxd5bU
 LOG  📋 Total expenses found: 1
 LOG  
💰 Expense 1: "Woolies"
 LOG  💵 Amount: 200
 LOG  💳 Paid by: 7EUSVFvzTicHY63vEFFKMqkJZKJ2
 LOG  📊 Split data: ["7EUSVFvzTicHY63vEFFKMqkJZKJ2: 66.66666666666667 (paid: false)", "CsFleJon8thWdQ08rbztMJPsWAb2: 66.66666666666667 (paid: false)", "Jm7Sm7th1gOtpG1IttvPPIBgUG83: 66.66666666666667 (paid: false)"]
 LOG  ➕ User2 owes User1: 66.66666666666667 (UNPAID)
 LOG  📊 Expense balance: 66.66666666666667
 LOG  📊 Running total: 66.66666666666667
 LOG  
✅ === FINAL RESULT ===
 LOG  🔢 Final balance: 66.67
 LOG  💭 Interpretation: User2 owes User1
 LOG  ===============================
 LOG  💰 Balance with Set3: 66.67
 LOG  🔄 Setting new member balances...
 LOG  ✅ Member balances calculated
 LOG  🔍 Final calculated balances:
 LOG     Set: 0
 LOG     Set2: 66.67
 LOG     Set3: 66.67
 LOG  📋 Total expenses found: 1
 LOG  
💰 Expense 1: "Woolies"
 LOG  💵 Amount: 200
 LOG  💳 Paid by: 7EUSVFvzTicHY63vEFFKMqkJZKJ2
 LOG  📊 Split data: ["7EUSVFvzTicHY63vEFFKMqkJZKJ2: 66.66666666666667 (paid: false)", "CsFleJon8thWdQ08rbztMJPsWAb2: 66.66666666666667 (paid: false)", "Jm7Sm7th1gOtpG1IttvPPIBgUG83: 66.66666666666667 (paid: false)"]
 LOG  ➕ User2 owes User1: 66.66666666666667 (UNPAID)
 LOG  📊 Expense balance: 66.66666666666667
 LOG  📊 Running total: 66.66666666666667
 LOG  
✅ === FINAL RESULT ===
 LOG  🔢 Final balance: 66.67
 LOG  💭 Interpretation: User2 owes User1
 LOG  ===============================
 LOG  💰 Balance with Set3: 66.67
 LOG  🔄 Setting new member balances...
 LOG  ✅ Member balances calculated
 LOG  🔍 Final calculated balances:
 LOG     Set: 0
 LOG     Set2: 66.67
 LOG     Set3: 66.67
 LOG  📋 Total expenses found: 4
 LOG  
💰 Expense 1: "Myer"
 LOG  💵 Amount: 320
 LOG  💳 Paid by: CsFleJon8thWdQ08rbztMJPsWAb2
 LOG  📊 Split data: ["7EUSVFvzTicHY63vEFFKMqkJZKJ2: 106.66666666666667 (paid: true)", "CsFleJon8thWdQ08rbztMJPsWAb2: 106.66666666666667 (paid: false)", "Jm7Sm7th1gOtpG1IttvPPIBgUG83: 106.66666666666667 (paid: false)"]
 LOG  👥 Someone else paid (CsFleJon8thWdQ08rbztMJPsWAb2) - no direct balance impact
 LOG  📊 Expense balance: 0
 LOG  📊 Running total: 0
 LOG  
💰 Expense 2: "Coles"
 LOG  💵 Amount: 200
 LOG  💳 Paid by: Jm7Sm7th1gOtpG1IttvPPIBgUG83
 LOG  📊 Split data: ["7EUSVFvzTicHY63vEFFKMqkJZKJ2: 100 (paid: false)", "Jm7Sm7th1gOtpG1IttvPPIBgUG83: 100 (paid: false)"]
 LOG  ➖ User1 owes User2: 100 (UNPAID)
 LOG  📊 Expense balance: -100
 LOG  📊 Running total: -100
 LOG  
💰 Expense 3: "Icecream"
 LOG  💵 Amount: 250
 LOG  💳 Paid by: CsFleJon8thWdQ08rbztMJPsWAb2
 LOG  📊 Split data: ["7EUSVFvzTicHY63vEFFKMqkJZKJ2: 83.33333333333333 (paid: true)", "CsFleJon8thWdQ08rbztMJPsWAb2: 83.33333333333333 (paid: false)", "Jm7Sm7th1gOtpG1IttvPPIBgUG83: 83.33333333333333 (paid: false)"]
 LOG  👥 Someone else paid (CsFleJon8thWdQ08rbztMJPsWAb2) - no direct balance impact
 LOG  📊 Expense balance: 0
 LOG  📊 Running total: -100
 LOG  
💰 Expense 4: "Dinner"
 LOG  💵 Amount: 150
 LOG  💳 Paid by: 7EUSVFvzTicHY63vEFFKMqkJZKJ2
 LOG  📊 Split data: ["7EUSVFvzTicHY63vEFFKMqkJZKJ2: 50 (paid: false)", "CsFleJon8thWdQ08rbztMJPsWAb2: 50 (paid: true)", "Jm7Sm7th1gOtpG1IttvPPIBgUG83: 50 (paid: true)"]
 LOG  ✅ User2 split: 50 (ALREADY PAID)
 LOG  📊 Expense balance: 0
 LOG  📊 Running total: -100
 LOG  
✅ === FINAL RESULT ===
 LOG  🔢 Final balance: -100
 LOG  💭 Interpretation: User1 owes User2
 LOG  ===============================
 LOG  💰 Balance with Set3: -100
 LOG  🔄 Setting new member balances...
 LOG  ✅ Member balances calculated
 LOG  🔍 Final calculated balances:
 LOG     Set: 0
 LOG     Set2: 0
 LOG     Set3: -100
 LOG  🎨 Rendering member card for Set: balance = 0
 LOG  🎨 Rendering member card for Set2: balance = 0
 LOG  🎨 Rendering member card for Set3: balance = -100
 LOG  Loading expenses for group: rx01BYFAEivzEeCxd5bU
 LOG  🔄 Calculating member balances for group: Office
 LOG  👥 Group has 3 members
 LOG  ⏭️  Current user (Set): 0
 LOG  🔍 Calculating balance with Set2 (CsFleJon8thWdQ08rbztMJPsWAb2)
 LOG  
🔍 === DETAILED BALANCE CALCULATION ===
 LOG  👤 User1 (You): 7EUSVFvzTicHY63vEFFKMqkJZKJ2
 LOG  👤 User2 (Them): CsFleJon8thWdQ08rbztMJPsWAb2
 LOG  🏢 Group: rx01BYFAEivzEeCxd5bU
 LOG  🎨 Rendering member card for Set: balance = 0
 LOG  🎨 Rendering member card for Set2: balance = 0
 LOG  🎨 Rendering member card for Set3: balance = -100
 LOG  Loaded expenses: 1
 LOG  📋 Total expenses found: 1
 LOG  
💰 Expense 1: "Woolies"
 LOG  💵 Amount: 200
 LOG  💳 Paid by: 7EUSVFvzTicHY63vEFFKMqkJZKJ2
 LOG  📊 Split data: ["7EUSVFvzTicHY63vEFFKMqkJZKJ2: 66.66666666666667 (paid: false)", "CsFleJon8thWdQ08rbztMJPsWAb2: 66.66666666666667 (paid: false)", "Jm7Sm7th1gOtpG1IttvPPIBgUG83: 66.66666666666667 (paid: false)"]
 LOG  ➕ User2 owes User1: 66.66666666666667 (UNPAID)
 LOG  📊 Expense balance: 66.66666666666667
 LOG  📊 Running total: 66.66666666666667
 LOG  
✅ === FINAL RESULT ===
 LOG  🔢 Final balance: 66.67
 LOG  💭 Interpretation: User2 owes User1
 LOG  ===============================
 LOG  💰 Balance with Set2: 66.67
 LOG  🔍 Calculating balance with Set3 (Jm7Sm7th1gOtpG1IttvPPIBgUG83)
 LOG  
🔍 === DETAILED BALANCE CALCULATION ===
 LOG  👤 User1 (You): 7EUSVFvzTicHY63vEFFKMqkJZKJ2
 LOG  👤 User2 (Them): Jm7Sm7th1gOtpG1IttvPPIBgUG83
 LOG  🏢 Group: rx01BYFAEivzEeCxd5bU
 LOG  🎨 Rendering member card for Set: balance = 0
 LOG  🎨 Rendering member card for Set2: balance = 0
 LOG  🎨 Rendering member card for Set3: balance = -100
 LOG  📋 Total expenses found: 1
 LOG  
💰 Expense 1: "Woolies"
 LOG  💵 Amount: 200
 LOG  💳 Paid by: 7EUSVFvzTicHY63vEFFKMqkJZKJ2
 LOG  📊 Split data: ["7EUSVFvzTicHY63vEFFKMqkJZKJ2: 66.66666666666667 (paid: false)", "CsFleJon8thWdQ08rbztMJPsWAb2: 66.66666666666667 (paid: false)", "Jm7Sm7th1gOtpG1IttvPPIBgUG83: 66.66666666666667 (paid: false)"]
 LOG  ➕ User2 owes User1: 66.66666666666667 (UNPAID)
 LOG  📊 Expense balance: 66.66666666666667
 LOG  📊 Running total: 66.66666666666667
 LOG  
✅ === FINAL RESULT ===
 LOG  🔢 Final balance: 66.67
 LOG  💭 Interpretation: User2 owes User1
 LOG  ===============================
 LOG  💰 Balance with Set3: 66.67
 LOG  🔄 Setting new member balances...
 LOG  ✅ Member balances calculated
 LOG  🔍 Final calculated balances:
 LOG     Set: 0
 LOG     Set2: 66.67
 LOG     Set3: 66.67
 LOG  🎨 Rendering member card for Set: balance = 0
 LOG  🎨 Rendering member card for Set2: balance = 66.67
 LOG  🎨 Rendering member card for Set3: balance = 66.67
 LOG  Loading expenses for group: rx01BYFAEivzEeCxd5bU
 LOG  🔄 Calculating member balances for group: Office
 LOG  👥 Group has 3 members
 LOG  ⏭️  Current user (Set): 0
 LOG  🔍 Calculating balance with Set2 (CsFleJon8thWdQ08rbztMJPsWAb2)
 LOG  
🔍 === DETAILED BALANCE CALCULATION ===
 LOG  👤 User1 (You): 7EUSVFvzTicHY63vEFFKMqkJZKJ2
 LOG  👤 User2 (Them): CsFleJon8thWdQ08rbztMJPsWAb2
 LOG  🏢 Group: rx01BYFAEivzEeCxd5bU
 LOG  🎨 Rendering member card for Set: balance = 0
 LOG  🎨 Rendering member card for Set2: balance = 66.67
 LOG  🎨 Rendering member card for Set3: balance = 66.67
 LOG  Loaded expenses: 1
 LOG  📋 Total expenses found: 1
 LOG  
💰 Expense 1: "Woolies"
 LOG  💵 Amount: 200
 LOG  💳 Paid by: 7EUSVFvzTicHY63vEFFKMqkJZKJ2
 LOG  📊 Split data: ["7EUSVFvzTicHY63vEFFKMqkJZKJ2: 66.66666666666667 (paid: false)", "CsFleJon8thWdQ08rbztMJPsWAb2: 66.66666666666667 (paid: false)", "Jm7Sm7th1gOtpG1IttvPPIBgUG83: 66.66666666666667 (paid: false)"]
 LOG  ➕ User2 owes User1: 66.66666666666667 (UNPAID)
 LOG  📊 Expense balance: 66.66666666666667
 LOG  📊 Running total: 66.66666666666667
 LOG  
✅ === FINAL RESULT ===
 LOG  🔢 Final balance: 66.67
 LOG  💭 Interpretation: User2 owes User1
 LOG  ===============================
 LOG  💰 Balance with Set2: 66.67
 LOG  🔍 Calculating balance with Set3 (Jm7Sm7th1gOtpG1IttvPPIBgUG83)
 LOG  
🔍 === DETAILED BALANCE CALCULATION ===
 LOG  👤 User1 (You): 7EUSVFvzTicHY63vEFFKMqkJZKJ2
 LOG  👤 User2 (Them): Jm7Sm7th1gOtpG1IttvPPIBgUG83
 LOG  🏢 Group: rx01BYFAEivzEeCxd5bU
 LOG  🎨 Rendering member card for Set: balance = 0
 LOG  🎨 Rendering member card for Set2: balance = 66.67
 LOG  🎨 Rendering member card for Set3: balance = 66.67
 LOG  📋 Total expenses found: 1
 LOG  
💰 Expense 1: "Woolies"
 LOG  💵 Amount: 200
 LOG  💳 Paid by: 7EUSVFvzTicHY63vEFFKMqkJZKJ2
 LOG  📊 Split data: ["7EUSVFvzTicHY63vEFFKMqkJZKJ2: 66.66666666666667 (paid: false)", "CsFleJon8thWdQ08rbztMJPsWAb2: 66.66666666666667 (paid: false)", "Jm7Sm7th1gOtpG1IttvPPIBgUG83: 66.66666666666667 (paid: false)"]
 LOG  ➕ User2 owes User1: 66.66666666666667 (UNPAID)
 LOG  📊 Expense balance: 66.66666666666667
 LOG  📊 Running total: 66.66666666666667
 LOG  
✅ === FINAL RESULT ===
 LOG  🔢 Final balance: 66.67
 LOG  💭 Interpretation: User2 owes User1
 LOG  ===============================
 LOG  💰 Balance with Set3: 66.67
 LOG  🔄 Setting new member balances...
 LOG  ✅ Member balances calculated
 LOG  🔍 Final calculated balances:
 LOG     Set: 0
 LOG     Set2: 66.67
 LOG     Set3: 66.67
 LOG  🎨 Rendering member card for Set: balance = 0
 LOG  🎨 Rendering member card for Set2: balance = 66.67
 LOG  🎨 Rendering member card for Set3: balance = 66.67
 LOG  Loading expenses for group: rx01BYFAEivzEeCxd5bU
 LOG  🔄 Calculating member balances for group: Office
 LOG  👥 Group has 3 members
 LOG  ⏭️  Current user (Set): 0
 LOG  🔍 Calculating balance with Set2 (CsFleJon8thWdQ08rbztMJPsWAb2)
 LOG  
🔍 === DETAILED BALANCE CALCULATION ===
 LOG  👤 User1 (You): 7EUSVFvzTicHY63vEFFKMqkJZKJ2
 LOG  👤 User2 (Them): CsFleJon8thWdQ08rbztMJPsWAb2
 LOG  🏢 Group: rx01BYFAEivzEeCxd5bU
 LOG  🎨 Rendering member card for Set: balance = 0
 LOG  🎨 Rendering member card for Set2: balance = 66.67
 LOG  🎨 Rendering member card for Set3: balance = 66.67
 LOG  Loaded expenses: 1
 LOG  📋 Total expenses found: 1
 LOG  
💰 Expense 1: "Woolies"
 LOG  💵 Amount: 200
 LOG  💳 Paid by: 7EUSVFvzTicHY63vEFFKMqkJZKJ2
 LOG  📊 Split data: ["7EUSVFvzTicHY63vEFFKMqkJZKJ2: 66.66666666666667 (paid: false)", "CsFleJon8thWdQ08rbztMJPsWAb2: 66.66666666666667 (paid: false)", "Jm7Sm7th1gOtpG1IttvPPIBgUG83: 66.66666666666667 (paid: false)"]
 LOG  ➕ User2 owes User1: 66.66666666666667 (UNPAID)
 LOG  📊 Expense balance: 66.66666666666667
 LOG  📊 Running total: 66.66666666666667
 LOG  
✅ === FINAL RESULT ===
 LOG  🔢 Final balance: 66.67
 LOG  💭 Interpretation: User2 owes User1
 LOG  ===============================
 LOG  💰 Balance with Set2: 66.67
 LOG  🔍 Calculating balance with Set3 (Jm7Sm7th1gOtpG1IttvPPIBgUG83)
 LOG  
🔍 === DETAILED BALANCE CALCULATION ===
 LOG  👤 User1 (You): 7EUSVFvzTicHY63vEFFKMqkJZKJ2
 LOG  👤 User2 (Them): Jm7Sm7th1gOtpG1IttvPPIBgUG83
 LOG  🏢 Group: rx01BYFAEivzEeCxd5bU
 LOG  🎨 Rendering member card for Set: balance = 0
 LOG  🎨 Rendering member card for Set2: balance = 66.67
 LOG  🎨 Rendering member card for Set3: balance = 66.67
 LOG  📋 Total expenses found: 1
 LOG  
💰 Expense 1: "Woolies"
 LOG  💵 Amount: 200
 LOG  💳 Paid by: 7EUSVFvzTicHY63vEFFKMqkJZKJ2
 LOG  📊 Split data: ["7EUSVFvzTicHY63vEFFKMqkJZKJ2: 66.66666666666667 (paid: false)", "CsFleJon8thWdQ08rbztMJPsWAb2: 66.66666666666667 (paid: false)", "Jm7Sm7th1gOtpG1IttvPPIBgUG83: 66.66666666666667 (paid: false)"]
 LOG  ➕ User2 owes User1: 66.66666666666667 (UNPAID)
 LOG  📊 Expense balance: 66.66666666666667
 LOG  📊 Running total: 66.66666666666667
 LOG  
✅ === FINAL RESULT ===
 LOG  🔢 Final balance: 66.67
 LOG  💭 Interpretation: User2 owes User1
 LOG  ===============================
 LOG  💰 Balance with Set3: 66.67
 LOG  🔄 Setting new member balances...
 LOG  ✅ Member balances calculated
 LOG  🔍 Final calculated balances:
 LOG     Set: 0
 LOG     Set2: 66.67
 LOG     Set3: 66.67
 LOG  🎨 Rendering member card for Set: balance = 0
 LOG  🎨 Rendering member card for Set2: balance = 66.67
 LOG  🎨 Rendering member card for Set3: balance = 66.67
 LOG  Loading expenses for group: rx01BYFAEivzEeCxd5bU
 LOG  🔄 Calculating member balances for group: Office
 LOG  👥 Group has 3 members
 LOG  ⏭️  Current user (Set): 0
 LOG  🔍 Calculating balance with Set2 (CsFleJon8thWdQ08rbztMJPsWAb2)
 LOG  
🔍 === DETAILED BALANCE CALCULATION ===
 LOG  👤 User1 (You): 7EUSVFvzTicHY63vEFFKMqkJZKJ2
 LOG  👤 User2 (Them): CsFleJon8thWdQ08rbztMJPsWAb2
 LOG  🏢 Group: rx01BYFAEivzEeCxd5bU
 LOG  🎨 Rendering member card for Set: balance = 0
 LOG  🎨 Rendering member card for Set2: balance = 66.67
 LOG  🎨 Rendering member card for Set3: balance = 66.67
 LOG  Loaded expenses: 1
 LOG  📋 Total expenses found: 1
 LOG  
💰 Expense 1: "Woolies"
 LOG  💵 Amount: 200
 LOG  💳 Paid by: 7EUSVFvzTicHY63vEFFKMqkJZKJ2
 LOG  📊 Split data: ["7EUSVFvzTicHY63vEFFKMqkJZKJ2: 66.66666666666667 (paid: false)", "CsFleJon8thWdQ08rbztMJPsWAb2: 66.66666666666667 (paid: false)", "Jm7Sm7th1gOtpG1IttvPPIBgUG83: 66.66666666666667 (paid: false)"]
 LOG  ➕ User2 owes User1: 66.66666666666667 (UNPAID)
 LOG  📊 Expense balance: 66.66666666666667
 LOG  📊 Running total: 66.66666666666667
 LOG  
✅ === FINAL RESULT ===
 LOG  🔢 Final balance: 66.67
 LOG  💭 Interpretation: User2 owes User1
 LOG  ===============================
 LOG  💰 Balance with Set2: 66.67
 LOG  🔍 Calculating balance with Set3 (Jm7Sm7th1gOtpG1IttvPPIBgUG83)
 LOG  
🔍 === DETAILED BALANCE CALCULATION ===
 LOG  👤 User1 (You): 7EUSVFvzTicHY63vEFFKMqkJZKJ2
 LOG  👤 User2 (Them): Jm7Sm7th1gOtpG1IttvPPIBgUG83
 LOG  🏢 Group: rx01BYFAEivzEeCxd5bU
 LOG  🎨 Rendering member card for Set: balance = 0
 LOG  🎨 Rendering member card for Set2: balance = 66.67
 LOG  🎨 Rendering member card for Set3: balance = 66.67
 LOG  📋 Total expenses found: 1
 LOG  
💰 Expense 1: "Woolies"
 LOG  💵 Amount: 200
 LOG  💳 Paid by: 7EUSVFvzTicHY63vEFFKMqkJZKJ2
 LOG  📊 Split data: ["7EUSVFvzTicHY63vEFFKMqkJZKJ2: 66.66666666666667 (paid: false)", "CsFleJon8thWdQ08rbztMJPsWAb2: 66.66666666666667 (paid: false)", "Jm7Sm7th1gOtpG1IttvPPIBgUG83: 66.66666666666667 (paid: false)"]
 LOG  ➕ User2 owes User1: 66.66666666666667 (UNPAID)
 LOG  📊 Expense balance: 66.66666666666667
 LOG  📊 Running total: 66.66666666666667
 LOG  
✅ === FINAL RESULT ===
 LOG  🔢 Final balance: 66.67
 LOG  💭 Interpretation: User2 owes User1
 LOG  ===============================
 LOG  💰 Balance with Set3: 66.67
 LOG  🔄 Setting new member balances...
 LOG  ✅ Member balances calculated
 LOG  🔍 Final calculated balances:
 LOG     Set: 0
 LOG     Set2: 66.67
 LOG     Set3: 66.67
 LOG  🎨 Rendering member card for Set: balance = 0
 LOG  🎨 Rendering member card for Set2: balance = 66.67
 LOG  🎨 Rendering member card for Set3: balance = 66.67
 LOG  Loading expenses for group: rx01BYFAEivzEeCxd5bU
 LOG  🔄 Calculating member balances for group: Office
 LOG  👥 Group has 3 members
 LOG  ⏭️  Current user (Set): 0
 LOG  🔍 Calculating balance with Set2 (CsFleJon8thWdQ08rbztMJPsWAb2)
 LOG  
🔍 === DETAILED BALANCE CALCULATION ===
 LOG  👤 User1 (You): 7EUSVFvzTicHY63vEFFKMqkJZKJ2
 LOG  👤 User2 (Them): CsFleJon8thWdQ08rbztMJPsWAb2
 LOG  🏢 Group: rx01BYFAEivzEeCxd5bU
 LOG  🎨 Rendering member card for Set: balance = 0
 LOG  🎨 Rendering member card for Set2: balance = 66.67
 LOG  🎨 Rendering member card for Set3: balance = 66.67
 LOG  Loaded expenses: 1
 LOG  📋 Total expenses found: 1
 LOG  
💰 Expense 1: "Woolies"
 LOG  💵 Amount: 200
 LOG  💳 Paid by: 7EUSVFvzTicHY63vEFFKMqkJZKJ2
 LOG  📊 Split data: ["7EUSVFvzTicHY63vEFFKMqkJZKJ2: 66.66666666666667 (paid: false)", "CsFleJon8thWdQ08rbztMJPsWAb2: 66.66666666666667 (paid: false)", "Jm7Sm7th1gOtpG1IttvPPIBgUG83: 66.66666666666667 (paid: false)"]
 LOG  ➕ User2 owes User1: 66.66666666666667 (UNPAID)
 LOG  📊 Expense balance: 66.66666666666667
 LOG  📊 Running total: 66.66666666666667
 LOG  
✅ === FINAL RESULT ===
 LOG  🔢 Final balance: 66.67
 LOG  💭 Interpretation: User2 owes User1
 LOG  ===============================
 LOG  💰 Balance with Set2: 66.67
 LOG  🔍 Calculating balance with Set3 (Jm7Sm7th1gOtpG1IttvPPIBgUG83)
 LOG  
🔍 === DETAILED BALANCE CALCULATION ===
 LOG  👤 User1 (You): 7EUSVFvzTicHY63vEFFKMqkJZKJ2
 LOG  👤 User2 (Them): Jm7Sm7th1gOtpG1IttvPPIBgUG83
 LOG  🏢 Group: rx01BYFAEivzEeCxd5bU
 LOG  🎨 Rendering member card for Set: balance = 0
 LOG  🎨 Rendering member card for Set2: balance = 66.67
 LOG  🎨 Rendering member card for Set3: balance = 66.67
 LOG  📋 Total expenses found: 1
 LOG  
💰 Expense 1: "Woolies"
 LOG  💵 Amount: 200
 LOG  💳 Paid by: 7EUSVFvzTicHY63vEFFKMqkJZKJ2
 LOG  📊 Split data: ["7EUSVFvzTicHY63vEFFKMqkJZKJ2: 66.66666666666667 (paid: false)", "CsFleJon8thWdQ08rbztMJPsWAb2: 66.66666666666667 (paid: false)", "Jm7Sm7th1gOtpG1IttvPPIBgUG83: 66.66666666666667 (paid: false)"]
 LOG  ➕ User2 owes User1: 66.66666666666667 (UNPAID)
 LOG  📊 Expense balance: 66.66666666666667
 LOG  📊 Running total: 66.66666666666667
 LOG  
✅ === FINAL RESULT ===
 LOG  🔢 Final balance: 66.67
 LOG  💭 Interpretation: User2 owes User1
 LOG  ===============================
 LOG  💰 Balance with Set3: 66.67
 LOG  🔄 Setting new member balances...
 LOG  ✅ Member balances calculated
 LOG  🔍 Final calculated balances:
 LOG     Set: 0
 LOG     Set2: 66.67
 LOG     Set3: 66.67
 LOG  🎨 Rendering member card for Set: balance = 0
 LOG  🎨 Rendering member card for Set2: balance = 66.67
 LOG  🎨 Rendering member card for Set3: balance = 66.67
 LOG  Loading expenses for group: rx01BYFAEivzEeCxd5bU
 LOG  🔄 Calculating member balances for group: Office
 LOG  👥 Group has 3 members
 LOG  ⏭️  Current user (Set): 0
 LOG  🔍 Calculating balance with Set2 (CsFleJon8thWdQ08rbztMJPsWAb2)
 LOG  
🔍 === DETAILED BALANCE CALCULATION ===
 LOG  👤 User1 (You): 7EUSVFvzTicHY63vEFFKMqkJZKJ2
 LOG  👤 User2 (Them): CsFleJon8thWdQ08rbztMJPsWAb2
 LOG  🏢 Group: rx01BYFAEivzEeCxd5bU
 LOG  🎨 Rendering member card for Set: balance = 0
 LOG  🎨 Rendering member card for Set2: balance = 66.67
 LOG  🎨 Rendering member card for Set3: balance = 66.67
 LOG  Loaded expenses: 1
 LOG  📋 Total expenses found: 1
 LOG  
💰 Expense 1: "Woolies"
 LOG  💵 Amount: 200
 LOG  💳 Paid by: 7EUSVFvzTicHY63vEFFKMqkJZKJ2
 LOG  📊 Split data: ["7EUSVFvzTicHY63vEFFKMqkJZKJ2: 66.66666666666667 (paid: false)", "CsFleJon8thWdQ08rbztMJPsWAb2: 66.66666666666667 (paid: false)", "Jm7Sm7th1gOtpG1IttvPPIBgUG83: 66.66666666666667 (paid: false)"]
 LOG  ➕ User2 owes User1: 66.66666666666667 (UNPAID)
 LOG  📊 Expense balance: 66.66666666666667
 LOG  📊 Running total: 66.66666666666667
 LOG  
✅ === FINAL RESULT ===
 LOG  🔢 Final balance: 66.67
 LOG  💭 Interpretation: User2 owes User1
 LOG  ===============================
 LOG  💰 Balance with Set2: 66.67
 LOG  🔍 Calculating balance with Set3 (Jm7Sm7th1gOtpG1IttvPPIBgUG83)
 LOG  
🔍 === DETAILED BALANCE CALCULATION ===
 LOG  👤 User1 (You): 7EUSVFvzTicHY63vEFFKMqkJZKJ2
 LOG  👤 User2 (Them): Jm7Sm7th1gOtpG1IttvPPIBgUG83
 LOG  🏢 Group: rx01BYFAEivzEeCxd5bU
 LOG  🎨 Rendering member card for Set: balance = 0
 LOG  🎨 Rendering member card for Set2: balance = 66.67
 LOG  🎨 Rendering member card for Set3: balance = 66.67
 LOG  📋 Total expenses found: 1
 LOG  
💰 Expense 1: "Woolies"
 LOG  💵 Amount: 200
 LOG  💳 Paid by: 7EUSVFvzTicHY63vEFFKMqkJZKJ2
 LOG  📊 Split data: ["7EUSVFvzTicHY63vEFFKMqkJZKJ2: 66.66666666666667 (paid: false)", "CsFleJon8thWdQ08rbztMJPsWAb2: 66.66666666666667 (paid: false)", "Jm7Sm7th1gOtpG1IttvPPIBgUG83: 66.66666666666667 (paid: false)"]
 LOG  ➕ User2 owes User1: 66.66666666666667 (UNPAID)
 LOG  📊 Expense balance: 66.66666666666667
 LOG  📊 Running total: 66.66666666666667
 LOG  
✅ === FINAL RESULT ===
 LOG  🔢 Final balance: 66.67
 LOG  💭 Interpretation: User2 owes User1
 LOG  ===============================
 LOG  💰 Balance with Set3: 66.67
 LOG  🔄 Setting new member balances...
 LOG  ✅ Member balances calculated
 LOG  🔍 Final calculated balances:
 LOG     Set: 0
 LOG     Set2: 66.67
 LOG     Set3: 66.67
 LOG  🎨 Rendering member card for Set: balance = 0
 LOG  🎨 Rendering member card for Set2: balance = 66.67
 LOG  🎨 Rendering member card for Set3: balance = 66.67
 LOG  Loading expenses for group: rx01BYFAEivzEeCxd5bU
 LOG  🔄 Calculating member balances for group: Office
 LOG  👥 Group has 3 members
 LOG  ⏭️  Current user (Set): 0
 LOG  🔍 Calculating balance with Set2 (CsFleJon8thWdQ08rbztMJPsWAb2)
 LOG  
🔍 === DETAILED BALANCE CALCULATION ===
 LOG  👤 User1 (You): 7EUSVFvzTicHY63vEFFKMqkJZKJ2
 LOG  👤 User2 (Them): CsFleJon8thWdQ08rbztMJPsWAb2
 LOG  🏢 Group: rx01BYFAEivzEeCxd5bU
 LOG  🎨 Rendering member card for Set: balance = 0
 LOG  🎨 Rendering member card for Set2: balance = 66.67
 LOG  🎨 Rendering member card for Set3: balance = 66.67
 LOG  Loaded expenses: 1
 LOG  📋 Total expenses found: 1
 LOG  
💰 Expense 1: "Woolies"
 LOG  💵 Amount: 200
 LOG  💳 Paid by: 7EUSVFvzTicHY63vEFFKMqkJZKJ2
 LOG  📊 Split data: ["7EUSVFvzTicHY63vEFFKMqkJZKJ2: 66.66666666666667 (paid: false)", "CsFleJon8thWdQ08rbztMJPsWAb2: 66.66666666666667 (paid: false)", "Jm7Sm7th1gOtpG1IttvPPIBgUG83: 66.66666666666667 (paid: false)"]
 LOG  ➕ User2 owes User1: 66.66666666666667 (UNPAID)
 LOG  📊 Expense balance: 66.66666666666667
 LOG  📊 Running total: 66.66666666666667
 LOG  
✅ === FINAL RESULT ===
 LOG  🔢 Final balance: 66.67
 LOG  💭 Interpretation: User2 owes User1
 LOG  ===============================
 LOG  💰 Balance with Set2: 66.67
 LOG  🔍 Calculating balance with Set3 (Jm7Sm7th1gOtpG1IttvPPIBgUG83)
 LOG  
🔍 === DETAILED BALANCE CALCULATION ===
 LOG  👤 User1 (You): 7EUSVFvzTicHY63vEFFKMqkJZKJ2
 LOG  👤 User2 (Them): Jm7Sm7th1gOtpG1IttvPPIBgUG83
 LOG  🏢 Group: rx01BYFAEivzEeCxd5bU
 LOG  🎨 Rendering member card for Set: balance = 0
 LOG  🎨 Rendering member card for Set2: balance = 66.67
 LOG  🎨 Rendering member card for Set3: balance = 66.67
 LOG  📋 Total expenses found: 1
 LOG  
💰 Expense 1: "Woolies"
 LOG  💵 Amount: 200
 LOG  💳 Paid by: 7EUSVFvzTicHY63vEFFKMqkJZKJ2
 LOG  📊 Split data: ["7EUSVFvzTicHY63vEFFKMqkJZKJ2: 66.66666666666667 (paid: false)", "CsFleJon8thWdQ08rbztMJPsWAb2: 66.66666666666667 (paid: false)", "Jm7Sm7th1gOtpG1IttvPPIBgUG83: 66.66666666666667 (paid: false)"]
 LOG  ➕ User2 owes User1: 66.66666666666667 (UNPAID)
 LOG  📊 Expense balance: 66.66666666666667
 LOG  📊 Running total: 66.66666666666667
 LOG  
✅ === FINAL RESULT ===
 LOG  🔢 Final balance: 66.67
 LOG  💭 Interpretation: User2 owes User1
 LOG  ===============================
 LOG  💰 Balance with Set3: 66.67
 LOG  🔄 Setting new member balances...
 LOG  ✅ Member balances calculated
 LOG  🔍 Final calculated balances:
 LOG     Set: 0
 LOG     Set2: 66.67
 LOG     Set3: 66.67
 LOG  🎨 Rendering member card for Set: balance = 0
 LOG  🎨 Rendering member card for Set2: balance = 66.67
 LOG  🎨 Rendering member card for Set3: balance = 66.67
 LOG  Loading expenses for group: rx01BYFAEivzEeCxd5bU
 LOG  🔄 Calculating member balances for group: Office
 LOG  👥 Group has 3 members
 LOG  ⏭️  Current user (Set): 0
 LOG  🔍 Calculating balance with Set2 (CsFleJon8thWdQ08rbztMJPsWAb2)
 LOG  
🔍 === DETAILED BALANCE CALCULATION ===
 LOG  👤 User1 (You): 7EUSVFvzTicHY63vEFFKMqkJZKJ2
 LOG  👤 User2 (Them): CsFleJon8thWdQ08rbztMJPsWAb2
 LOG  🏢 Group: rx01BYFAEivzEeCxd5bU
 LOG  🎨 Rendering member card for Set: balance = 0
 LOG  🎨 Rendering member card for Set2: balance = 66.67
 LOG  🎨 Rendering member card for Set3: balance = 66.67
 LOG  Loaded expenses: 1
 LOG  📋 Total expenses found: 1
 LOG  
💰 Expense 1: "Woolies"
 LOG  💵 Amount: 200
 LOG  💳 Paid by: 7EUSVFvzTicHY63vEFFKMqkJZKJ2
 LOG  📊 Split data: ["7EUSVFvzTicHY63vEFFKMqkJZKJ2: 66.66666666666667 (paid: false)", "CsFleJon8thWdQ08rbztMJPsWAb2: 66.66666666666667 (paid: false)", "Jm7Sm7th1gOtpG1IttvPPIBgUG83: 66.66666666666667 (paid: false)"]
 LOG  ➕ User2 owes User1: 66.66666666666667 (UNPAID)
 LOG  📊 Expense balance: 66.66666666666667
 LOG  📊 Running total: 66.66666666666667
 LOG  
✅ === FINAL RESULT ===
 LOG  🔢 Final balance: 66.67
 LOG  💭 Interpretation: User2 owes User1
 LOG  ===============================
 LOG  💰 Balance with Set2: 66.67
 LOG  🔍 Calculating balance with Set3 (Jm7Sm7th1gOtpG1IttvPPIBgUG83)
 LOG  
🔍 === DETAILED BALANCE CALCULATION ===
 LOG  👤 User1 (You): 7EUSVFvzTicHY63vEFFKMqkJZKJ2
 LOG  👤 User2 (Them): Jm7Sm7th1gOtpG1IttvPPIBgUG83
 LOG  🏢 Group: rx01BYFAEivzEeCxd5bU
 LOG  🎨 Rendering member card for Set: balance = 0
 LOG  🎨 Rendering member card for Set2: balance = 66.67
 LOG  🎨 Rendering member card for Set3: balance = 66.67
 LOG  📋 Total expenses found: 1
 LOG  
💰 Expense 1: "Woolies"
 LOG  💵 Amount: 200
 LOG  💳 Paid by: 7EUSVFvzTicHY63vEFFKMqkJZKJ2
 LOG  📊 Split data: ["7EUSVFvzTicHY63vEFFKMqkJZKJ2: 66.66666666666667 (paid: false)", "CsFleJon8thWdQ08rbztMJPsWAb2: 66.66666666666667 (paid: false)", "Jm7Sm7th1gOtpG1IttvPPIBgUG83: 66.66666666666667 (paid: false)"]
 LOG  ➕ User2 owes User1: 66.66666666666667 (UNPAID)
 LOG  📊 Expense balance: 66.66666666666667
 LOG  📊 Running total: 66.66666666666667
 LOG  
✅ === FINAL RESULT ===
 LOG  🔢 Final balance: 66.67
 LOG  💭 Interpretation: User2 owes User1
 LOG  ===============================
 LOG  💰 Balance with Set3: 66.67
 LOG  🔄 Setting new member balances...
 LOG  ✅ Member balances calculated
 LOG  🔍 Final calculated balances:
 LOG     Set: 0
 LOG     Set2: 66.67
 LOG     Set3: 66.67
 LOG  🎨 Rendering member card for Set: balance = 0
 LOG  🎨 Rendering member card for Set2: balance = 66.67
 LOG  🎨 Rendering member card for Set3: balance = 66.67
